,freq,amp,coefA_in,coefB_in,coefA_out,coefB_out,THD_out
0,50,10,"[np.float64(4.683753385137379e-20), np.float64(0.000628002144107743), np.float64(-1.6783082991831893e-06), np.float64(-1.415481563000608e-06), np.float64(-1.3419293899189092e-06), np.float64(-1.3104122921247592e-06), np.float64(-1.2939045959716703e-06)]","[np.float64(-0.0), np.float64(0.19989863337137376), np.float64(-0.00026710754679691476), np.float64(-0.00015018281151218713), np.float64(-0.00010678172672268614), np.float64(-8.34165760964054e-05), np.float64(-6.863564074478531e-05)]","[np.float64(33.20300196850396), np.float64(324.36615237621226), np.float64(0.9541889696856944), np.float64(-524.8381846771086), np.float64(-1.744656260526366), np.float64(-116.2330062789489), np.float64(15.325276235902482)]","[np.float64(-0.0), np.float64(-2770.7034011815285), np.float64(-34.27674821075221), np.float64(316.15654220910534), np.float64(-1.485951745980382), np.float64(288.8696268834552), np.float64(18.607472560485753)]",26.654355606645346
1,50,9,"[np.float64(1.2819606487468604e-18), np.float64(0.0005652019296969705), np.float64(-1.5104774692652927e-06), np.float64(-1.273933406700535e-06), np.float64(-1.2077364509316606e-06), np.float64(-1.1793710629120967e-06), np.float64(-1.1645141363749174e-06)]","[np.float64(-0.0), np.float64(0.17990877003423636), np.float64(-0.00024039679211722376), np.float64(-0.0001351645303609666), np.float64(-9.610355405041817e-05), np.float64(-7.507491848676532e-05), np.float64(-6.177207667030661e-05)]","[np.float64(56.760580708661436), np.float64(-2049.939291666488), np.float64(8.391718702069925), np.float64(389.235861375198), np.float64(25.780383824248556), np.float64(-194.96154102728764), np.float64(-6.61910505451293)]","[np.float64(-0.0), np.float64(-1679.9383470669566), np.float64(5.610400347215945), np.float64(-122.52254926264735), np.float64(-31.486843817255092), np.float64(-79.7683442914078), np.float64(-7.651075665834749)]",19.832457127791677
2,50,7,"[np.float64(8.777700788442644e-19), np.float64(0.0004396015008754209), np.float64(-1.1748158094283721e-06), np.float64(-9.908370941004668e-07), np.float64(-9.393505729448183e-07), np.float64(-9.172886044867604e-07), np.float64(-9.057332171812613e-07)]","[np.float64(-0.0), np.float64(0.13992904335996167), np.float64(-0.00018697528275784), np.float64(-0.00010512796805853105), np.float64(-7.474720870588189e-05), np.float64(-5.839160326748366e-05), np.float64(-4.8044948521348924e-05)]","[np.float64(-21.038139763779547), np.float64(1916.8035544127717), np.float64(22.77717308253025), np.float64(104.87492475387393), np.float64(17.54919920361977), np.float64(20.241039456130725), np.float64(8.139452170689601)]","[np.float64(-0.0), np.float64(-995.7148652406102), np.float64(-21.6454702152847), np.float64(-8.4928298990771), np.float64(-22.45969832295299), np.float64(34.55457484123137), np.float64(10.604666673995451)]",11.558134825601664
3,50,2,"[np.float64(9.020562075079396e-20), np.float64(0.00012560042882154855), np.float64(-3.3566165983671234e-07), np.float64(-2.8309631260012586e-07), np.float64(-2.683858779841406e-07), np.float64(-2.620824584248878e-07), np.float64(-2.587809191944976e-07)]","[np.float64(-0.0), np.float64(0.03997972667427476), np.float64(-5.342150935938288e-05), np.float64(-3.0036562302437385e-05), np.float64(-2.1356345344537286e-05), np.float64(-1.6683315219281205e-05), np.float64(-1.372712814895699e-05)]","[np.float64(-4.048720472440946), np.float64(346.16429136789367), np.float64(-1.5972335732582892), np.float64(-11.93276985588105), np.float64(0.6962859170845677), np.float64(-3.304818558576041), np.float64(1.677133385445054)]","[np.float64(-0.0), np.float64(411.0970556662595), np.float64(13.0562858393574), np.float64(-5.282580701892851), np.float64(7.72599669408496), np.float64(-11.324737648951002), np.float64(-2.513043859610783)]",40.39026153430003
4,50,8,"[np.float64(3.6082248300317586e-19), np.float64(0.0005024017152861942), np.float64(-1.3426466393468494e-06), np.float64(-1.1323852504005035e-06), np.float64(-1.0735435119365624e-06), np.float64(-1.0483298336995513e-06), np.float64(-1.0351236767779904e-06)]","[np.float64(-0.0), np.float64(0.15991890669709904), np.float64(-0.00021368603743753152), np.float64(-0.00012014624920974954), np.float64(-8.542538137814914e-05), np.float64(-6.673326087712482e-05), np.float64(-5.490851259582796e-05)]","[np.float64(64.51870078740156), np.float64(-2194.489626012332), np.float64(2.437508945982333), np.float64(-198.95320004086062), np.float64(9.9605870041725), np.float64(-55.45963798248021), np.float64(-1.6232547591248185)]","[np.float64(-0.0), np.float64(1107.7111472083805), np.float64(-13.68932064991461), np.float64(80.0786090378802), np.float64(19.356882538978276), np.float64(-98.24486782621968), np.float64(5.2990345720627)]",13.991082719958936
5,50,0,"[np.float64(0.0), np.float64(0.0), np.float64(0.0), np.float64(0.0), np.float64(0.0), np.float64(0.0), np.float64(0.0)]","[np.float64(-0.0), np.float64(-0.0), np.float64(-0.0), np.float64(-0.0), np.float64(-0.0), np.float64(-0.0), np.float64(-0.0)]","[np.float64(5.521653543307088), np.float64(3.732026005487055), np.float64(9.074731680838173), np.float64(-6.836281662053248), np.float64(-7.221017596083835), np.float64(-0.7270218595554784), np.float64(-6.127430242566723)]","[np.float64(-0.0), np.float64(4.990254745534725), np.float64(-1.1129594065701354), np.float64(-2.201959804471384), np.float64(-2.061759879820658), np.float64(-5.167632629181561), np.float64(4.673736046339367)]",3185.415567889112
6,50,8,"[np.float64(3.6082248300317586e-19), np.float64(0.0005024017152861942), np.float64(-1.3426466393468494e-06), np.float64(-1.1323852504005035e-06), np.float64(-1.0735435119365624e-06), np.float64(-1.0483298336995513e-06), np.float64(-1.0351236767779904e-06)]","[np.float64(-0.0), np.float64(0.15991890669709904), np.float64(-0.00021368603743753152), np.float64(-0.00012014624920974954), np.float64(-8.542538137814914e-05), np.float64(-6.673326087712482e-05), np.float64(-5.490851259582796e-05)]","[np.float64(-9.510334645669289), np.float64(2435.63381974011), np.float64(40.397446445550855), np.float64(123.61270637968168), np.float64(17.905226600550098), np.float64(-92.34268413579764), np.float64(-17.228974681205095)]","[np.float64(-0.0), np.float64(-76.49164345458462), np.float64(-14.423641323477831), np.float64(164.47992366079228), np.float64(33.84597643019583), np.float64(-20.643184170574422), np.float64(1.9268872233393486)]",13.35881630992373
7,50,4,"[np.float64(1.8041124150158793e-19), np.float64(0.0002512008576430971), np.float64(-6.713233196734247e-07), np.float64(-5.661926252002517e-07), np.float64(-5.367717559682812e-07), np.float64(-5.241649168497756e-07), np.float64(-5.175618383889952e-07)]","[np.float64(-0.0), np.float64(0.07995945334854952), np.float64(-0.00010684301871876576), np.float64(-6.007312460487477e-05), np.float64(-4.271269068907457e-05), np.float64(-3.336663043856241e-05), np.float64(-2.745425629791398e-05)]","[np.float64(0.9795767716535378), np.float64(298.1863604453076), np.float64(-8.498500349908936), np.float64(43.096477245318454), np.float64(12.987519269862444), np.float64(-6.022596585713737), np.float64(1.031882433427536)]","[np.float64(-0.0), np.float64(1129.1738991002273), np.float64(27.02297353603023), np.float64(-2.2074578566211494), np.float64(8.378294534015478), np.float64(-24.70158715446218), np.float64(17.327317600591964)]",18.663733751365818
8,50,8,"[np.float64(3.6082248300317586e-19), np.float64(0.0005024017152861942), np.float64(-1.3426466393468494e-06), np.float64(-1.1323852504005035e-06), np.float64(-1.0735435119365624e-06), np.float64(-1.0483298336995513e-06), np.float64(-1.0351236767779904e-06)]","[np.float64(-0.0), np.float64(0.15991890669709904), np.float64(-0.00021368603743753152), np.float64(-0.00012014624920974954), np.float64(-8.542538137814914e-05), np.float64(-6.673326087712482e-05), np.float64(-5.490851259582796e-05)]","[np.float64(59.97317913385825), np.float64(-2296.5078038168913), np.float64(-1.0722068364610822), np.float64(-197.53427723950495), np.float64(15.399646263580337), np.float64(20.343604799147208), np.float64(0.8493709286185372)]","[np.float64(-0.0), np.float64(834.2776874734841), np.float64(-11.042812864128152), np.float64(1.3371310550426811), np.float64(3.015591448710921), np.float64(-88.280847454497), np.float64(-7.099445755875103)]",12.487368518993646
9,50,4,"[np.float64(1.8041124150158793e-19), np.float64(0.0002512008576430971), np.float64(-6.713233196734247e-07), np.float64(-5.661926252002517e-07), np.float64(-5.367717559682812e-07), np.float64(-5.241649168497756e-07), np.float64(-5.175618383889952e-07)]","[np.float64(-0.0), np.float64(0.07995945334854952), np.float64(-0.00010684301871876576), np.float64(-6.007312460487477e-05), np.float64(-4.271269068907457e-05), np.float64(-3.336663043856241e-05), np.float64(-2.745425629791398e-05)]","[np.float64(7.477608267716528), np.float64(-357.49449037844516), np.float64(-10.22226091419826), np.float64(-39.302858755688334), np.float64(5.5454626434554815), np.float64(1.587352806374333), np.float64(9.311642824919621)]","[np.float64(-0.0), np.float64(-1115.721271443303), np.float64(-7.904071542329905), np.float64(26.467157240251982), np.float64(-4.715779828220879), np.float64(0.34438514071681403), np.float64(1.6343313140529936)]",18.581792341774367
10,50,3,"[np.float64(-2.3288662664988637e-19), np.float64(0.0001884006432323233), np.float64(-5.034924897548938e-07), np.float64(-4.2464446890015984e-07), np.float64(-4.0257881697660976e-07), np.float64(-3.931236876372607e-07), np.float64(-3.881713787912685e-07)]","[np.float64(-0.0), np.float64(0.059969590011412124), np.float64(-8.013226403907447e-05), np.float64(-4.5054843453655964e-05), np.float64(-3.2034518016806024e-05), np.float64(-2.5024972828921514e-05), np.float64(-2.059069222343534e-05)]","[np.float64(-1.7482775590551163), np.float64(750.9910633899767), np.float64(6.406735617182207), np.float64(27.418887327511868), np.float64(0.20567077931837593), np.float64(8.828284020359469), np.float64(-6.937560861133743)]","[np.float64(-0.0), np.float64(-394.340949335658), np.float64(-9.687166011165413), np.float64(-4.42974266581139), np.float64(0.2508700981802449), np.float64(9.047095811064604), np.float64(1.3857663265736697)]",26.835627512597895
11,50,7,"[np.float64(8.777700788442644e-19), np.float64(0.0004396015008754209), np.float64(-1.1748158094283721e-06), np.float64(-9.908370941004668e-07), np.float64(-9.393505729448183e-07), np.float64(-9.172886044867604e-07), np.float64(-9.057332171812613e-07)]","[np.float64(-0.0), np.float64(0.13992904335996167), np.float64(-0.00018697528275784), np.float64(-0.00010512796805853105), np.float64(-7.474720870588189e-05), np.float64(-5.839160326748366e-05), np.float64(-4.8044948521348924e-05)]","[np.float64(-10.137795275590571), np.float64(1114.2565394988253), np.float64(25.468171667954252), np.float64(-19.319442953634635), np.float64(6.3848048922398695), np.float64(-28.36814656962063), np.float64(-0.7321501346916867)]","[np.float64(-0.0), np.float64(1839.8367722180133), np.float64(30.634415307739705), np.float64(-89.97974159005813), np.float64(5.91006638200198), np.float64(34.381717888549204), np.float64(11.689971625060982)]",11.555570133204936
12,50,6,"[np.float64(-4.657732532997727e-19), np.float64(0.0003768012864646466), np.float64(-1.0069849795097875e-06), np.float64(-8.492889378003197e-07), np.float64(-8.051576339532195e-07), np.float64(-7.862473752745214e-07), np.float64(-7.76342757582537e-07)]","[np.float64(-0.0), np.float64(0.11993918002282425), np.float64(-0.00016026452807814894), np.float64(-9.010968690731193e-05), np.float64(-6.406903603361205e-05), np.float64(-5.004994565784303e-05), np.float64(-4.118138444687068e-05)]","[np.float64(47.81545275590551), np.float64(-1690.6620975990836), np.float64(-5.49669540054585), np.float64(-58.02739970409003), np.float64(7.111262512034486), np.float64(17.15727058236243), np.float64(-8.129736077723859)]","[np.float64(-0.0), np.float64(694.6551321403341), np.float64(-4.162450959212615), np.float64(-24.34497714276291), np.float64(5.069919421596304), np.float64(-15.114317596119038), np.float64(-4.84778065424244)]",11.383279536499433
13,50,3,"[np.float64(-2.3288662664988637e-19), np.float64(0.0001884006432323233), np.float64(-5.034924897548938e-07), np.float64(-4.2464446890015984e-07), np.float64(-4.0257881697660976e-07), np.float64(-3.931236876372607e-07), np.float64(-3.881713787912685e-07)]","[np.float64(-0.0), np.float64(0.059969590011412124), np.float64(-8.013226403907447e-05), np.float64(-4.5054843453655964e-05), np.float64(-3.2034518016806024e-05), np.float64(-2.5024972828921514e-05), np.float64(-2.059069222343534e-05)]","[np.float64(36.13287401574804), np.float64(-279.3300060733581), np.float64(-19.08946675235584), np.float64(-19.231719761155723), np.float64(7.22798767697691), np.float64(-4.739265775795652), np.float64(-17.118147248129294)]","[np.float64(-0.0), np.float64(-797.7662509970784), np.float64(-13.983219689889562), np.float64(15.152837028182722), np.float64(9.490100497640295), np.float64(4.420110495312905), np.float64(6.140628416753679)]",26.986725320715543
14,50,4,"[np.float64(1.8041124150158793e-19), np.float64(0.0002512008576430971), np.float64(-6.713233196734247e-07), np.float64(-5.661926252002517e-07), np.float64(-5.367717559682812e-07), np.float64(-5.241649168497756e-07), np.float64(-5.175618383889952e-07)]","[np.float64(-0.0), np.float64(0.07995945334854952), np.float64(-0.00010684301871876576), np.float64(-6.007312460487477e-05), np.float64(-4.271269068907457e-05), np.float64(-3.336663043856241e-05), np.float64(-2.745425629791398e-05)]","[np.float64(2.7234251968503878), np.float64(924.1821471933173), np.float64(-2.1862637077661655), np.float64(38.94756205446115), np.float64(-6.576012888605575), np.float64(6.447917365488918), np.float64(-15.10212362395032)]","[np.float64(-0.0), np.float64(-705.6658300202031), np.float64(-15.225289400401897), np.float64(-2.0729220897664926), np.float64(-13.493093627199853), np.float64(2.3853757897458086), np.float64(-14.195961084614552)]",19.926948777696722
15,50,5,"[np.float64(2.3418766925686896e-20), np.float64(0.0003140010720538715), np.float64(-8.391541495915947e-07), np.float64(-7.07740781500304e-07), np.float64(-6.709646949594546e-07), np.float64(-6.552061460623796e-07), np.float64(-6.469522979858352e-07)]","[np.float64(-0.0), np.float64(0.09994931668568688), np.float64(-0.00013355377339845738), np.float64(-7.509140575609356e-05), np.float64(-5.339086336134307e-05), np.float64(-4.17082880482027e-05), np.float64(-3.4317820372392655e-05)]","[np.float64(4.194881889763789), np.float64(857.1338171088619), np.float64(9.604157287183469), np.float64(5.657616530224728), np.float64(14.47108830686545), np.float64(-13.655869862970391), np.float64(8.134590609863414)]","[np.float64(-0.0), np.float64(1243.9064494258043), np.float64(25.34640995299772), np.float64(-35.33683467960752), np.float64(-3.4667272249629497), np.float64(8.850305843849371), np.float64(-0.37594062641065146)]",14.657788996883882
16,50,1,"[np.float64(4.510281037539698e-20), np.float64(6.280021441077427e-05), np.float64(-1.6783082991835617e-07), np.float64(-1.4154815630006293e-07), np.float64(-1.341929389920703e-07), np.float64(-1.310412292124439e-07), np.float64(-1.293904595972488e-07)]","[np.float64(-0.0), np.float64(0.01998986333713738), np.float64(-2.671075467969144e-05), np.float64(-1.5018281151218693e-05), np.float64(-1.0678172672268643e-05), np.float64(-8.341657609640603e-06), np.float64(-6.863564074478495e-06)]","[np.float64(4.0538877952755925), np.float64(-105.57691905245254), np.float64(2.529230110782247), np.float64(-11.649635265891794), np.float64(0.5533531719392577), np.float64(0.6875737745236304), np.float64(3.0726137986153246)]","[np.float64(-0.0), np.float64(219.31693053938372), np.float64(3.257612206007745), np.float64(13.466612152457566), np.float64(-9.46575333795416), np.float64(0.5027753372479942), np.float64(2.003570406860426)]",89.9434497946887
17,50,4,"[np.float64(1.8041124150158793e-19), np.float64(0.0002512008576430971), np.float64(-6.713233196734247e-07), np.float64(-5.661926252002517e-07), np.float64(-5.367717559682812e-07), np.float64(-5.241649168497756e-07), np.float64(-5.175618383889952e-07)]","[np.float64(-0.0), np.float64(0.07995945334854952), np.float64(-0.00010684301871876576), np.float64(-6.007312460487477e-05), np.float64(-4.271269068907457e-05), np.float64(-3.336663043856241e-05), np.float64(-2.745425629791398e-05)]","[np.float64(54.44906496062991), np.float64(-897.5218975708826), np.float64(5.610375366334623), np.float64(32.10358190858976), np.float64(-14.041009626317688), np.float64(1.86730881526867), np.float64(10.983173107747154)]","[np.float64(-0.0), np.float64(-736.8323643043187), np.float64(9.154659015427274), np.float64(18.88158471663858), np.float64(-8.248488055083193), np.float64(-2.898521024743776), np.float64(-7.985609675831283)]",18.674028215999755
18,50,6,"[np.float64(-4.657732532997727e-19), np.float64(0.0003768012864646466), np.float64(-1.0069849795097875e-06), np.float64(-8.492889378003197e-07), np.float64(-8.051576339532195e-07), np.float64(-7.862473752745214e-07), np.float64(-7.76342757582537e-07)]","[np.float64(-0.0), np.float64(0.11993918002282425), np.float64(-0.00016026452807814894), np.float64(-9.010968690731193e-05), np.float64(-6.406903603361205e-05), np.float64(-5.004994565784303e-05), np.float64(-4.118138444687068e-05)]","[np.float64(3.7795275590551136), np.float64(874.7786333229379), np.float64(7.542130659308287), np.float64(-16.937404523627386), np.float64(-15.190289970987543), np.float64(3.8349812382443744), np.float64(7.835545158259879)]","[np.float64(-0.0), np.float64(-1594.8157126174826), np.float64(-40.81825106318374), np.float64(-77.64144499366442), np.float64(-15.494145210185346), np.float64(-18.932619368933715), np.float64(-8.974187289115028)]",13.143895729749964
19,50,0,"[np.float64(0.0), np.float64(0.0), np.float64(0.0), np.float64(0.0), np.float64(0.0), np.float64(0.0), np.float64(0.0)]","[np.float64(-0.0), np.float64(-0.0), np.float64(-0.0), np.float64(-0.0), np.float64(-0.0), np.float64(-0.0), np.float64(-0.0)]","[np.float64(5.730561023622047), np.float64(5.125043997364606), np.float64(-10.641452415426167), np.float64(-8.159483238755561), np.float64(3.816853533678232), np.float64(7.360926880062909), np.float64(1.4912180577387797)]","[np.float64(-0.0), np.float64(-8.705872270717993), np.float64(6.233461050765687), np.float64(13.013065033276076), np.float64(-6.220087946613885), np.float64(4.128903378618217), np.float64(-1.3129990044559698)]",1942.1666355925304
20,50,4,"[np.float64(1.8041124150158793e-19), np.float64(0.0002512008576430971), np.float64(-6.713233196734247e-07), np.float64(-5.661926252002517e-07), np.float64(-5.367717559682812e-07), np.float64(-5.241649168497756e-07), np.float64(-5.175618383889952e-07)]","[np.float64(-0.0), np.float64(0.07995945334854952), np.float64(-0.00010684301871876576), np.float64(-6.007312460487477e-05), np.float64(-4.271269068907457e-05), np.float64(-3.336663043856241e-05), np.float64(-2.745425629791398e-05)]","[np.float64(30.96062992125983), np.float64(-78.16777832579274), np.float64(-28.074528318103546), np.float64(34.30986063241198), np.float64(25.64810705932157), np.float64(6.861476430116572), np.float64(4.548004204283308)]","[np.float64(-0.0), np.float64(1166.9728954320758), np.float64(13.84091711999797), np.float64(21.07794567496547), np.float64(15.745820465886107), np.float64(15.24239957826059), np.float64(6.524382796037625)]",19.29846664828551
21,50,5,"[np.float64(2.3418766925686896e-20), np.float64(0.0003140010720538715), np.float64(-8.391541495915947e-07), np.float64(-7.07740781500304e-07), np.float64(-6.709646949594546e-07), np.float64(-6.552061460623796e-07), np.float64(-6.469522979858352e-07)]","[np.float64(-0.0), np.float64(0.09994931668568688), np.float64(-0.00013355377339845738), np.float64(-7.509140575609356e-05), np.float64(-5.339086336134307e-05), np.float64(-4.17082880482027e-05), np.float64(-3.4317820372392655e-05)]","[np.float64(66.33562992125985), np.float64(-1433.636679408563), np.float64(-1.1720960675015017), np.float64(40.81023173873034), np.float64(-8.008596160578941), np.float64(0.9537835775941814), np.float64(-3.3066137703790557)]","[np.float64(-0.0), np.float64(-390.8563517504288), np.float64(5.157868184485882), np.float64(-35.544787591295275), np.float64(-1.1672382145386226), np.float64(17.127920581099108), np.float64(9.110816848956896)]",15.127838099647251
22,50,9,"[np.float64(1.2819606487468604e-18), np.float64(0.0005652019296969705), np.float64(-1.5104774692652927e-06), np.float64(-1.273933406700535e-06), np.float64(-1.2077364509316606e-06), np.float64(-1.1793710629120967e-06), np.float64(-1.1645141363749174e-06)]","[np.float64(-0.0), np.float64(0.17990877003423636), np.float64(-0.00024039679211722376), np.float64(-0.0001351645303609666), np.float64(-9.610355405041817e-05), np.float64(-7.507491848676532e-05), np.float64(-6.177207667030661e-05)]","[np.float64(12.791338582677174), np.float64(421.45420503330837), np.float64(-5.842555170038072), np.float64(-373.58878342712234), np.float64(-9.008032686573191), np.float64(-160.19493978462148), np.float64(1.7662077644578011)]","[np.float64(-0.0), np.float64(-2624.0697250921526), np.float64(-31.356386776958004), np.float64(79.0523150083184), np.float64(2.512951927404046), np.float64(123.23855124841813), np.float64(0.8798815009863356)]",18.56691857785324
23,50,5,"[np.float64(2.3418766925686896e-20), np.float64(0.0003140010720538715), np.float64(-8.391541495915947e-07), np.float64(-7.07740781500304e-07), np.float64(-6.709646949594546e-07), np.float64(-6.552061460623796e-07), np.float64(-6.469522979858352e-07)]","[np.float64(-0.0), np.float64(0.09994931668568688), np.float64(-0.00013355377339845738), np.float64(-7.509140575609356e-05), np.float64(-5.339086336134307e-05), np.float64(-4.17082880482027e-05), np.float64(-3.4317820372392655e-05)]","[np.float64(-29.847194881889752), np.float64(1367.6452862169594), np.float64(24.46357824041129), np.float64(-44.16827360228999), np.float64(-4.114119689324283), np.float64(3.938552704829352), np.float64(-2.010528994375205)]","[np.float64(-0.0), np.float64(621.2212562181583), np.float64(26.220156670022842), np.float64(27.448381506987463), np.float64(12.254595580852186), np.float64(10.792977588866831), np.float64(-3.2397809309240957)]",15.387864303769831
24,50,5,"[np.float64(2.3418766925686896e-20), np.float64(0.0003140010720538715), np.float64(-8.391541495915947e-07), np.float64(-7.07740781500304e-07), np.float64(-6.709646949594546e-07), np.float64(-6.552061460623796e-07), np.float64(-6.469522979858352e-07)]","[np.float64(-0.0), np.float64(0.09994931668568688), np.float64(-0.00013355377339845738), np.float64(-7.509140575609356e-05), np.float64(-5.339086336134307e-05), np.float64(-4.17082880482027e-05), np.float64(-3.4317820372392655e-05)]","[np.float64(25.444389763779522), np.float64(-319.69242054727715), np.float64(-28.314939686535347), np.float64(32.46660324790179), np.float64(-7.928911402582122), np.float64(15.68466150683956), np.float64(-2.9968699462635198)]","[np.float64(-0.0), np.float64(1464.4932435801663), np.float64(13.254877284321891), np.float64(32.50150260512183), np.float64(5.0809668486028094), np.float64(13.268596303116952), np.float64(-2.9009252814142137)]",15.040697496811191
25,50,4,"[np.float64(1.8041124150158793e-19), np.float64(0.0002512008576430971), np.float64(-6.713233196734247e-07), np.float64(-5.661926252002517e-07), np.float64(-5.367717559682812e-07), np.float64(-5.241649168497756e-07), np.float64(-5.175618383889952e-07)]","[np.float64(-0.0), np.float64(0.07995945334854952), np.float64(-0.00010684301871876576), np.float64(-6.007312460487477e-05), np.float64(-4.271269068907457e-05), np.float64(-3.336663043856241e-05), np.float64(-2.745425629791398e-05)]","[np.float64(50.67568897637795), np.float64(-1130.6156120420508), np.float64(7.067409378871469), np.float64(18.031744552890537), np.float64(-6.365054251295051), np.float64(-5.014403255725345), np.float64(-15.127674451374396)]","[np.float64(-0.0), np.float64(-236.5905503591791), np.float64(1.7272040375596027), np.float64(-26.48330852450598), np.float64(4.2767348666827), np.float64(11.383183630922971), np.float64(-0.3472695608251358)]",20.41940250897386
26,50,0,"[np.float64(0.0), np.float64(0.0), np.float64(0.0), np.float64(0.0), np.float64(0.0), np.float64(0.0), np.float64(0.0)]","[np.float64(-0.0), np.float64(-0.0), np.float64(-0.0), np.float64(-0.0), np.float64(-0.0), np.float64(-0.0), np.float64(-0.0)]","[np.float64(-2.2379429133858255), np.float64(1.2650151771381577), np.float64(-0.08083953484758218), np.float64(3.7678606209046017), np.float64(6.234747918869274), np.float64(0.7155868321808427), np.float64(6.7252534913943585)]","[np.float64(-0.0), np.float64(0.3583048111081439), np.float64(1.7009362093197764), np.float64(1.2708777386387347), np.float64(-2.714181182651588), np.float64(-2.812528071056034), np.float64(6.718752061744258)]",14860.813312621021
27,50,1,"[np.float64(4.510281037539698e-20), np.float64(6.280021441077427e-05), np.float64(-1.6783082991835617e-07), np.float64(-1.4154815630006293e-07), np.float64(-1.341929389920703e-07), np.float64(-1.310412292124439e-07), np.float64(-1.293904595972488e-07)]","[np.float64(-0.0), np.float64(0.01998986333713738), np.float64(-2.671075467969144e-05), np.float64(-1.5018281151218693e-05), np.float64(-1.0678172672268643e-05), np.float64(-8.341657609640603e-06), np.float64(-6.863564074478495e-06)]","[np.float64(19.00861220472441), np.float64(217.5589471597195), np.float64(21.736474458619405), np.float64(-2.1509968487245326), np.float64(-3.9304075613517955), np.float64(4.262725225897197), np.float64(6.957418260446573)]","[np.float64(-0.0), np.float64(-84.99992239619614), np.float64(8.570868179284584), np.float64(9.382290894431666), np.float64(2.121899589327418), np.float64(8.770530596418116), np.float64(-3.279933456668174)]",94.33610806939426
28,50,7,"[np.float64(8.777700788442644e-19), np.float64(0.0004396015008754209), np.float64(-1.1748158094283721e-06), np.float64(-9.908370941004668e-07), np.float64(-9.393505729448183e-07), np.float64(-9.172886044867604e-07), np.float64(-9.057332171812613e-07)]","[np.float64(-0.0), np.float64(0.13992904335996167), np.float64(-0.00018697528275784), np.float64(-0.00010512796805853105), np.float64(-7.474720870588189e-05), np.float64(-5.839160326748366e-05), np.float64(-4.8044948521348924e-05)]","[np.float64(5.380905511811014), np.float64(-88.08750118932987), np.float64(-25.481772084801328), np.float64(95.38326791470462), np.float64(12.862865738095163), np.float64(16.67479501572869), np.float64(-2.418322643288515)]","[np.float64(-0.0), np.float64(2157.150459320805), np.float64(30.07871386978462), np.float64(3.096263190417377), np.float64(21.495183027846448), np.float64(-24.29604295025579), np.float64(-2.5690598945392966)]",11.049489477522478
29,50,5,"[np.float64(2.3418766925686896e-20), np.float64(0.0003140010720538715), np.float64(-8.391541495915947e-07), np.float64(-7.07740781500304e-07), np.float64(-6.709646949594546e-07), np.float64(-6.552061460623796e-07), np.float64(-6.469522979858352e-07)]","[np.float64(-0.0), np.float64(0.09994931668568688), np.float64(-0.00013355377339845738), np.float64(-7.509140575609356e-05), np.float64(-5.339086336134307e-05), np.float64(-4.17082880482027e-05), np.float64(-3.4317820372392655e-05)]","[np.float64(59.344734251968504), np.float64(-1428.9974869121281), np.float64(4.300044472437716), np.float64(-36.92348026912583), np.float64(1.2013050817539879), np.float64(18.68211568053332), np.float64(1.810663978023073)]","[np.float64(-0.0), np.float64(441.33282587185073), np.float64(-0.8936167165298965), np.float64(-21.85247216101599), np.float64(-3.06948281298042), np.float64(-3.8402710325678155), np.float64(6.569462955334145)]",14.24136161341706
30,50,6,"[np.float64(-4.657732532997727e-19), np.float64(0.0003768012864646466), np.float64(-1.0069849795097875e-06), np.float64(-8.492889378003197e-07), np.float64(-8.051576339532195e-07), np.float64(-7.862473752745214e-07), np.float64(-7.76342757582537e-07)]","[np.float64(-0.0), np.float64(0.11993918002282425), np.float64(-0.00016026452807814894), np.float64(-9.010968690731193e-05), np.float64(-6.406903603361205e-05), np.float64(-5.004994565784303e-05), np.float64(-4.118138444687068e-05)]","[np.float64(35.79232283464566), np.float64(-585.4720135923527), np.float64(-10.615599243731724), np.float64(-48.41851721907248), np.float64(12.253272443079032), np.float64(-3.171073478338634), np.float64(4.885071836849558)]","[np.float64(-0.0), np.float64(-1756.876516419443), np.float64(-19.616594410586803), np.float64(58.270940916421374), np.float64(-0.325657054948193), np.float64(0.27903574713033685), np.float64(-7.956620791646689)]",12.194945446742777
31,50,1,"[np.float64(4.510281037539698e-20), np.float64(6.280021441077427e-05), np.float64(-1.6783082991835617e-07), np.float64(-1.4154815630006293e-07), np.float64(-1.341929389920703e-07), np.float64(-1.310412292124439e-07), np.float64(-1.293904595972488e-07)]","[np.float64(-0.0), np.float64(0.01998986333713738), np.float64(-2.671075467969144e-05), np.float64(-1.5018281151218693e-05), np.float64(-1.0678172672268643e-05), np.float64(-8.341657609640603e-06), np.float64(-6.863564074478495e-06)]","[np.float64(1.047490157480317), np.float64(170.33714315199833), np.float64(-1.9431129536123593), np.float64(10.945348469546364), np.float64(11.83678300021861), np.float64(17.8039733853889), np.float64(0.98872891764115)]","[np.float64(-0.0), np.float64(-134.61507765822432), np.float64(-2.8043938073994985), np.float64(-1.2699605080356935), np.float64(2.320476063745201), np.float64(-3.644945983842548), np.float64(-11.937299977363116)]",107.56132561001687
32,50,5,"[np.float64(2.3418766925686896e-20), np.float64(0.0003140010720538715), np.float64(-8.391541495915947e-07), np.float64(-7.07740781500304e-07), np.float64(-6.709646949594546e-07), np.float64(-6.552061460623796e-07), np.float64(-6.469522979858352e-07)]","[np.float64(-0.0), np.float64(0.09994931668568688), np.float64(-0.00013355377339845738), np.float64(-7.509140575609356e-05), np.float64(-5.339086336134307e-05), np.float64(-4.17082880482027e-05), np.float64(-3.4317820372392655e-05)]","[np.float64(-2.0268208661417257), np.float64(824.991006735489), np.float64(-3.727813635272525), np.float64(-3.2624479143798015), np.float64(3.926823903125982), np.float64(-6.582985205882917), np.float64(17.114163056706346)]","[np.float64(-0.0), np.float64(1241.1287596870493), np.float64(37.053858794096364), np.float64(-41.58818472948532), np.float64(-0.9283555381071692), np.float64(-10.841708771298771), np.float64(5.064519164133392)]",14.51945032112666
33,50,1,"[np.float64(4.510281037539698e-20), np.float64(6.280021441077427e-05), np.float64(-1.6783082991835617e-07), np.float64(-1.4154815630006293e-07), np.float64(-1.341929389920703e-07), np.float64(-1.310412292124439e-07), np.float64(-1.293904595972488e-07)]","[np.float64(-0.0), np.float64(0.01998986333713738), np.float64(-2.671075467969144e-05), np.float64(-1.5018281151218693e-05), np.float64(-1.0678172672268643e-05), np.float64(-8.341657609640603e-06), np.float64(-6.863564074478495e-06)]","[np.float64(42.91141732283465), np.float64(-194.09040752432995), np.float64(-1.6733602555890579), np.float64(-21.7189836366707), np.float64(5.710738968019029), np.float64(-1.1624679106822462), np.float64(1.292344087904983)]","[np.float64(-0.0), np.float64(133.50417431976774), np.float64(-10.73611704393582), np.float64(0.0868820274042564), np.float64(-9.098545365969207), np.float64(-12.352163094475857), np.float64(-8.465174965504524)]",87.10899255248472
34,50,2,"[np.float64(9.020562075079396e-20), np.float64(0.00012560042882154855), np.float64(-3.3566165983671234e-07), np.float64(-2.8309631260012586e-07), np.float64(-2.683858779841406e-07), np.float64(-2.620824584248878e-07), np.float64(-2.587809191944976e-07)]","[np.float64(-0.0), np.float64(0.03997972667427476), np.float64(-5.342150935938288e-05), np.float64(-3.0036562302437385e-05), np.float64(-2.1356345344537286e-05), np.float64(-1.6683315219281205e-05), np.float64(-1.372712814895699e-05)]","[np.float64(20.271161417322844), np.float64(-321.53552319258216), np.float64(-16.53943895662786), np.float64(-6.578240513171842), np.float64(-4.395381886546803), np.float64(5.373721816901514), np.float64(-2.528283966263102)]","[np.float64(-0.0), np.float64(-410.7112043202184), np.float64(1.595817905716394), np.float64(25.62783266853608), np.float64(0.05620531869808019), np.float64(5.102031528811114), np.float64(-0.6484685067321106)]",44.88354682836495
35,50,9,"[np.float64(1.2819606487468604e-18), np.float64(0.0005652019296969705), np.float64(-1.5104774692652927e-06), np.float64(-1.273933406700535e-06), np.float64(-1.2077364509316606e-06), np.float64(-1.1793710629120967e-06), np.float64(-1.1645141363749174e-06)]","[np.float64(-0.0), np.float64(0.17990877003423636), np.float64(-0.00024039679211722376), np.float64(-0.0001351645303609666), np.float64(-9.610355405041817e-05), np.float64(-7.507491848676532e-05), np.float64(-6.177207667030661e-05)]","[np.float64(-6.706446850393694), np.float64(1320.9068141153455), np.float64(-8.219215442058198), np.float64(-258.3384799471578), np.float64(-19.413737964952983), np.float64(-90.58104555727986), np.float64(-10.84084533917655)]","[np.float64(-0.0), np.float64(-2293.744516685266), np.float64(-32.378724119414414), np.float64(-301.52143276843765), np.float64(-8.677818534861002), np.float64(-189.4528972263927), np.float64(8.739670031394871)]",19.84976445324514
36,50,0,"[np.float64(0.0), np.float64(0.0), np.float64(0.0), np.float64(0.0), np.float64(0.0), np.float64(0.0), np.float64(0.0)]","[np.float64(-0.0), np.float64(-0.0), np.float64(-0.0), np.float64(-0.0), np.float64(-0.0), np.float64(-0.0), np.float64(-0.0)]","[np.float64(2.0265748031496065), np.float64(9.033200179600959), np.float64(-10.24804568219091), np.float64(-4.563571416639114), np.float64(-2.1047677048213087), np.float64(13.654325965523327), np.float64(-7.317933975553559)]","[np.float64(-0.0), np.float64(-5.326734237773116), np.float64(4.506870878122126), np.float64(1.0635724281381962), np.float64(-2.0293741919245387), np.float64(-12.252816212988822), np.float64(0.03972557436110082)]",1726.4185537703802
37,50,5,"[np.float64(2.3418766925686896e-20), np.float64(0.0003140010720538715), np.float64(-8.391541495915947e-07), np.float64(-7.07740781500304e-07), np.float64(-6.709646949594546e-07), np.float64(-6.552061460623796e-07), np.float64(-6.469522979858352e-07)]","[np.float64(-0.0), np.float64(0.09994931668568688), np.float64(-0.00013355377339845738), np.float64(-7.509140575609356e-05), np.float64(-5.339086336134307e-05), np.float64(-4.17082880482027e-05), np.float64(-3.4317820372392655e-05)]","[np.float64(21.528051181102363), np.float64(-509.7340962386071), np.float64(-29.43218330170811), np.float64(30.519725401383916), np.float64(-4.649921575559852), np.float64(-0.6248718754224979), np.float64(11.269124910303212)]","[np.float64(-0.0), np.float64(1421.5721592541406), np.float64(11.000114508362454), np.float64(63.426872308690115), np.float64(16.625123074794377), np.float64(5.1055087856616215), np.float64(-3.990517806547096)]",15.40623891587609
38,50,0,"[np.float64(0.0), np.float64(0.0), np.float64(0.0), np.float64(0.0), np.float64(0.0), np.float64(0.0), np.float64(0.0)]","[np.float64(-0.0), np.float64(-0.0), np.float64(-0.0), np.float64(-0.0), np.float64(-0.0), np.float64(-0.0), np.float64(-0.0)]","[np.float64(6.637795275590554), np.float64(2.5925527147070135), np.float64(10.711048612136118), np.float64(4.901699719601125), np.float64(-1.44860835742686), np.float64(-0.6935685856968862), np.float64(9.58663291349074)]","[np.float64(-0.0), np.float64(3.145136211152483), np.float64(8.79843130493796), np.float64(-8.912206765769136), np.float64(-17.041943321319064), np.float64(4.641948921880051), np.float64(1.2974969877001417)]",5222.076299921818
39,50,8,"[np.float64(3.6082248300317586e-19), np.float64(0.0005024017152861942), np.float64(-1.3426466393468494e-06), np.float64(-1.1323852504005035e-06), np.float64(-1.0735435119365624e-06), np.float64(-1.0483298336995513e-06), np.float64(-1.0351236767779904e-06)]","[np.float64(-0.0), np.float64(0.15991890669709904), np.float64(-0.00021368603743753152), np.float64(-0.00012014624920974954), np.float64(-8.542538137814914e-05), np.float64(-6.673326087712482e-05), np.float64(-5.490851259582796e-05)]","[np.float64(-3.634842519685044), np.float64(1294.259423363542), np.float64(-10.73829352238338), np.float64(-70.25599382235157), np.float64(-20.566847826211543), np.float64(17.890425910072285), np.float64(-5.758533397691832)]","[np.float64(-0.0), np.float64(-2079.5914750415), np.float64(-32.21454959106292), np.float64(-197.55803415052384), np.float64(-25.988352586111166), np.float64(-100.22669665541129), np.float64(-18.323820385131302)]",13.557349967755286
40,50,9,"[np.float64(1.2819606487468604e-18), np.float64(0.0005652019296969705), np.float64(-1.5104774692652927e-06), np.float64(-1.273933406700535e-06), np.float64(-1.2077364509316606e-06), np.float64(-1.1793710629120967e-06), np.float64(-1.1645141363749174e-06)]","[np.float64(-0.0), np.float64(0.17990877003423636), np.float64(-0.00024039679211722376), np.float64(-0.0001351645303609666), np.float64(-9.610355405041817e-05), np.float64(-7.507491848676532e-05), np.float64(-6.177207667030661e-05)]","[np.float64(-34.53001968503938), np.float64(2558.293141232182), np.float64(50.93721995395791), np.float64(32.475200272751714), np.float64(-23.35327150567659), np.float64(-75.29130004161581), np.float64(-19.84415967698677)]","[np.float64(-0.0), np.float64(575.3981476883446), np.float64(-4.328196833397431), np.float64(405.94928605140245), np.float64(36.99957710224303), np.float64(-191.99455496667144), np.float64(-16.714999212208145)]",20.01861092291493
41,50,0,"[np.float64(0.0), np.float64(0.0), np.float64(0.0), np.float64(0.0), np.float64(0.0), np.float64(0.0), np.float64(0.0)]","[np.float64(-0.0), np.float64(-0.0), np.float64(-0.0), np.float64(-0.0), np.float64(-0.0), np.float64(-0.0), np.float64(-0.0)]","[np.float64(13.001968503937011), np.float64(2.5632432447748252), np.float64(1.549857867994252), np.float64(2.397204865600855), np.float64(7.763785132676128), np.float64(1.246862709232613), np.float64(3.68784798122296)]","[np.float64(-0.0), np.float64(-4.187698693789184), np.float64(-6.51759606916437), np.float64(-1.340929470914969), np.float64(-3.6457449939357267), np.float64(-7.824426811797395), np.float64(-5.157172404175616)]",4197.058013025934
42,50,2,"[np.float64(9.020562075079396e-20), np.float64(0.00012560042882154855), np.float64(-3.3566165983671234e-07), np.float64(-2.8309631260012586e-07), np.float64(-2.683858779841406e-07), np.float64(-2.620824584248878e-07), np.float64(-2.587809191944976e-07)]","[np.float64(-0.0), np.float64(0.03997972667427476), np.float64(-5.342150935938288e-05), np.float64(-3.0036562302437385e-05), np.float64(-2.1356345344537286e-05), np.float64(-1.6683315219281205e-05), np.float64(-1.372712814895699e-05)]","[np.float64(42.08046259842521), np.float64(-524.1936623872772), np.float64(-1.4736747737015938), np.float64(-3.6094582058731466), np.float64(10.475252302340982), np.float64(-2.255251004507925), np.float64(7.311035884108529)]","[np.float64(-0.0), np.float64(-36.20392854300553), np.float64(13.320365085347007), np.float64(-9.69717540725874), np.float64(-13.4366103122593), np.float64(10.666183888964435), np.float64(6.180172409362698)]",41.5487129554373
43,50,3,"[np.float64(-2.3288662664988637e-19), np.float64(0.0001884006432323233), np.float64(-5.034924897548938e-07), np.float64(-4.2464446890015984e-07), np.float64(-4.0257881697660976e-07), np.float64(-3.931236876372607e-07), np.float64(-3.881713787912685e-07)]","[np.float64(-0.0), np.float64(0.059969590011412124), np.float64(-8.013226403907447e-05), np.float64(-4.5054843453655964e-05), np.float64(-3.2034518016806024e-05), np.float64(-2.5024972828921514e-05), np.float64(-2.059069222343534e-05)]","[np.float64(29.42667322834646), np.float64(109.36303132920405), np.float64(-19.381962987226053), np.float64(-22.40083190955546), np.float64(5.413278464844938), np.float64(-6.85141394115265), np.float64(-4.1272980044612835)]","[np.float64(-0.0), np.float64(-841.8078990616311), np.float64(-8.899536825481494), np.float64(-18.519054613733545), np.float64(-0.8623314646651539), np.float64(-2.043648606800033), np.float64(0.9601012135909761)]",24.87293821499367
44,50,9,"[np.float64(1.2819606487468604e-18), np.float64(0.0005652019296969705), np.float64(-1.5104774692652927e-06), np.float64(-1.273933406700535e-06), np.float64(-1.2077364509316606e-06), np.float64(-1.1793710629120967e-06), np.float64(-1.1645141363749174e-06)]","[np.float64(-0.0), np.float64(0.17990877003423636), np.float64(-0.00024039679211722376), np.float64(-0.0001351645303609666), np.float64(-9.610355405041817e-05), np.float64(-7.507491848676532e-05), np.float64(-6.177207667030661e-05)]","[np.float64(-28.17002952755907), np.float64(2586.4142111770093), np.float64(45.75861245145171), np.float64(73.84291578335184), np.float64(4.591883749383822), np.float64(-115.98395819598997), np.float64(-24.627868739755414)]","[np.float64(-0.0), np.float64(516.1042824408416), np.float64(-14.602393061093496), np.float64(396.7911840911015), np.float64(47.160584776710806), np.float64(-173.31254619648732), np.float64(-20.146113545379862)]",19.932811696918876
45,50,0,"[np.float64(0.0), np.float64(0.0), np.float64(0.0), np.float64(0.0), np.float64(0.0), np.float64(0.0), np.float64(0.0)]","[np.float64(-0.0), np.float64(-0.0), np.float64(-0.0), np.float64(-0.0), np.float64(-0.0), np.float64(-0.0), np.float64(-0.0)]","[np.float64(12.230314960629922), np.float64(5.106139010878639), np.float64(3.7875466207529063), np.float64(1.410150410366445), np.float64(2.7961204353004536), np.float64(2.760174527309004), np.float64(0.4116685678641859)]","[np.float64(-0.0), np.float64(-13.87729612445278), np.float64(11.744868724121535), np.float64(3.4853101368327937), np.float64(4.478158498309682), np.float64(6.259272164948589), np.float64(-4.828219732852581)]",1339.9030509005079
46,50,9,"[np.float64(1.2819606487468604e-18), np.float64(0.0005652019296969705), np.float64(-1.5104774692652927e-06), np.float64(-1.273933406700535e-06), np.float64(-1.2077364509316606e-06), np.float64(-1.1793710629120967e-06), np.float64(-1.1645141363749174e-06)]","[np.float64(-0.0), np.float64(0.17990877003423636), np.float64(-0.00024039679211722376), np.float64(-0.0001351645303609666), np.float64(-9.610355405041817e-05), np.float64(-7.507491848676532e-05), np.float64(-6.177207667030661e-05)]","[np.float64(69.55142716535435), np.float64(-2428.7364514829974), np.float64(23.042308842396515), np.float64(172.64793036817514), np.float64(-18.47630758338425), np.float64(-95.42561244409693), np.float64(-4.049680721104849)]","[np.float64(-0.0), np.float64(-1012.540710716528), np.float64(8.288386661785424), np.float64(-364.26295385634575), np.float64(-17.24605788449083), np.float64(182.05605595216272), np.float64(-11.945637781427362)]",19.661669697373124
47,50,8,"[np.float64(3.6082248300317586e-19), np.float64(0.0005024017152861942), np.float64(-1.3426466393468494e-06), np.float64(-1.1323852504005035e-06), np.float64(-1.0735435119365624e-06), np.float64(-1.0483298336995513e-06), np.float64(-1.0351236767779904e-06)]","[np.float64(-0.0), np.float64(0.15991890669709904), np.float64(-0.00021368603743753152), np.float64(-0.00012014624920974954), np.float64(-8.542538137814914e-05), np.float64(-6.673326087712482e-05), np.float64(-5.490851259582796e-05)]","[np.float64(-10.416584645669296), np.float64(1434.2622147627544), np.float64(-16.532259288861304), np.float64(-23.748424981294868), np.float64(-9.836375668825294), np.float64(48.91514628496581), np.float64(1.164213486635579)]","[np.float64(-0.0), np.float64(-1991.5615984888132), np.float64(-32.947905953585206), np.float64(-203.1170248058513), np.float64(-25.2995619566902), np.float64(-108.44376641145833), np.float64(-26.437592161501435)]",13.833742894832914
48,50,2,"[np.float64(9.020562075079396e-20), np.float64(0.00012560042882154855), np.float64(-3.3566165983671234e-07), np.float64(-2.8309631260012586e-07), np.float64(-2.683858779841406e-07), np.float64(-2.620824584248878e-07), np.float64(-2.587809191944976e-07)]","[np.float64(-0.0), np.float64(0.03997972667427476), np.float64(-5.342150935938288e-05), np.float64(-3.0036562302437385e-05), np.float64(-2.1356345344537286e-05), np.float64(-1.6683315219281205e-05), np.float64(-1.372712814895699e-05)]","[np.float64(18.107283464566937), np.float64(447.85548955444176), np.float64(4.920605669032615), np.float64(-27.83199163452611), np.float64(6.592758888748683), np.float64(5.387500974428656), np.float64(7.902150841381471)]","[np.float64(-0.0), np.float64(282.87281163698196), np.float64(13.934449751848359), np.float64(-2.1206064582593354), np.float64(13.257330448403879), np.float64(6.098104000772539), np.float64(6.315776314264565)]",41.197869425909104
49,50,7,"[np.float64(8.777700788442644e-19), np.float64(0.0004396015008754209), np.float64(-1.1748158094283721e-06), np.float64(-9.908370941004668e-07), np.float64(-9.393505729448183e-07), np.float64(-9.172886044867604e-07), np.float64(-9.057332171812613e-07)]","[np.float64(-0.0), np.float64(0.13992904335996167), np.float64(-0.00018697528275784), np.float64(-0.00010512796805853105), np.float64(-7.474720870588189e-05), np.float64(-5.839160326748366e-05), np.float64(-4.8044948521348924e-05)]","[np.float64(30.40428149606297), np.float64(-1151.7432984539294), np.float64(-14.76447323729582), np.float64(7.140768486071348), np.float64(-19.883548660202962), np.float64(-12.131542715337842), np.float64(-1.4846430979778116)]","[np.float64(-0.0), np.float64(1832.9060761177773), np.float64(3.7019500770805505), np.float64(116.91357699112712), np.float64(-2.1471082539031667), np.float64(36.856969980494995), np.float64(-7.09720597324897)]",11.830725953758996
50,50,3,"[np.float64(-2.3288662664988637e-19), np.float64(0.0001884006432323233), np.float64(-5.034924897548938e-07), np.float64(-4.2464446890015984e-07), np.float64(-4.0257881697660976e-07), np.float64(-3.931236876372607e-07), np.float64(-3.881713787912685e-07)]","[np.float64(-0.0), np.float64(0.059969590011412124), np.float64(-8.013226403907447e-05), np.float64(-4.5054843453655964e-05), np.float64(-3.2034518016806024e-05), np.float64(-2.5024972828921514e-05), np.float64(-2.059069222343534e-05)]","[np.float64(17.681102362204726), np.float64(-726.7428836221974), np.float64(3.1408749631508863), np.float64(36.357000280295615), np.float64(-0.06261855996642317), np.float64(-0.5121574627878985), np.float64(-6.99518015272032)]","[np.float64(-0.0), np.float64(-408.0674005990914), np.float64(3.7943210572428936), np.float64(-9.123903420670977), np.float64(1.8267005305460349), np.float64(-7.840523238026288), np.float64(8.249870439735384)]",24.544734020627164
51,50,0,"[np.float64(0.0), np.float64(0.0), np.float64(0.0), np.float64(0.0), np.float64(0.0), np.float64(0.0), np.float64(0.0)]","[np.float64(-0.0), np.float64(-0.0), np.float64(-0.0), np.float64(-0.0), np.float64(-0.0), np.float64(-0.0), np.float64(-0.0)]","[np.float64(13.067913385826774), np.float64(2.111444115853122), np.float64(4.260708610044829), np.float64(9.837184087873084), np.float64(-6.809941654315877), np.float64(1.8795530882199236), np.float64(-0.03487927195673297)]","[np.float64(-0.0), np.float64(1.2309760276414763), np.float64(-2.7428878161057297), np.float64(-1.271758859382333), np.float64(10.320155257555665), np.float64(15.645297679714318), np.float64(-9.494226838462586)]",7635.135615706671
52,50,4,"[np.float64(1.8041124150158793e-19), np.float64(0.0002512008576430971), np.float64(-6.713233196734247e-07), np.float64(-5.661926252002517e-07), np.float64(-5.367717559682812e-07), np.float64(-5.241649168497756e-07), np.float64(-5.175618383889952e-07)]","[np.float64(-0.0), np.float64(0.07995945334854952), np.float64(-0.00010684301871876576), np.float64(-6.007312460487477e-05), np.float64(-4.271269068907457e-05), np.float64(-3.336663043856241e-05), np.float64(-2.745425629791398e-05)]","[np.float64(-5.660187007874025), np.float64(1154.1835845571206), np.float64(38.055859640724215), np.float64(-19.016147908963397), np.float64(-4.933538255988313), np.float64(-7.728857660243913), np.float64(2.8443790754368554)]","[np.float64(-0.0), np.float64(139.7134059226267), np.float64(6.43446683103426), np.float64(35.89129609648688), np.float64(-1.9169060712339678), np.float64(-20.661156089889946), np.float64(7.945317936463751)]",20.021216159097246
53,50,4,"[np.float64(1.8041124150158793e-19), np.float64(0.0002512008576430971), np.float64(-6.713233196734247e-07), np.float64(-5.661926252002517e-07), np.float64(-5.367717559682812e-07), np.float64(-5.241649168497756e-07), np.float64(-5.175618383889952e-07)]","[np.float64(-0.0), np.float64(0.07995945334854952), np.float64(-0.00010684301871876576), np.float64(-6.007312460487477e-05), np.float64(-4.271269068907457e-05), np.float64(-3.336663043856241e-05), np.float64(-2.745425629791398e-05)]","[np.float64(10.34424212598424), np.float64(76.70780193202795), np.float64(-26.968076439004903), np.float64(40.33823322917498), np.float64(10.101226830345448), np.float64(4.6944677548685965), np.float64(3.3558409143864445)]","[np.float64(-0.0), np.float64(1174.9722293238137), np.float64(27.119993206267434), np.float64(6.711416258814689), np.float64(22.02621849398089), np.float64(-6.062488396969422), np.float64(8.818020116708567)]",19.139213621811518
54,50,9,"[np.float64(1.2819606487468604e-18), np.float64(0.0005652019296969705), np.float64(-1.5104774692652927e-06), np.float64(-1.273933406700535e-06), np.float64(-1.2077364509316606e-06), np.float64(-1.1793710629120967e-06), np.float64(-1.1645141363749174e-06)]","[np.float64(-0.0), np.float64(0.17990877003423636), np.float64(-0.00024039679211722376), np.float64(-0.0001351645303609666), np.float64(-9.610355405041817e-05), np.float64(-7.507491848676532e-05), np.float64(-6.177207667030661e-05)]","[np.float64(71.43873031496068), np.float64(-2619.5945891334945), np.float64(-0.5750665838167056), np.float64(-170.03921828211801), np.float64(-22.300994920530677), np.float64(175.6053250896057), np.float64(-5.122255709934539)]","[np.float64(-0.0), np.float64(-293.6675025115914), np.float64(-2.727727308455437), np.float64(-375.74859622114025), np.float64(2.426782766676361), np.float64(125.490349113259), np.float64(-4.898759572874604)]",20.06778680275552
55,50,1,"[np.float64(4.510281037539698e-20), np.float64(6.280021441077427e-05), np.float64(-1.6783082991835617e-07), np.float64(-1.4154815630006293e-07), np.float64(-1.341929389920703e-07), np.float64(-1.310412292124439e-07), np.float64(-1.293904595972488e-07)]","[np.float64(-0.0), np.float64(0.01998986333713738), np.float64(-2.671075467969144e-05), np.float64(-1.5018281151218693e-05), np.float64(-1.0678172672268643e-05), np.float64(-8.341657609640603e-06), np.float64(-6.863564074478495e-06)]","[np.float64(19.5681594488189), np.float64(38.99936825223606), np.float64(13.74960144375228), np.float64(-9.399247474799438), np.float64(-6.47595779772293), np.float64(8.918119584234962), np.float64(-0.08069871641196982)]","[np.float64(-0.0), np.float64(-212.9868136182856), np.float64(-17.631146619659162), np.float64(-21.73262733704722), np.float64(-1.6922302501915942), np.float64(-11.054620192745833), np.float64(-16.97455112701237)]",110.41400581302166
56,50,2,"[np.float64(9.020562075079396e-20), np.float64(0.00012560042882154855), np.float64(-3.3566165983671234e-07), np.float64(-2.8309631260012586e-07), np.float64(-2.683858779841406e-07), np.float64(-2.620824584248878e-07), np.float64(-2.587809191944976e-07)]","[np.float64(-0.0), np.float64(0.03997972667427476), np.float64(-5.342150935938288e-05), np.float64(-3.0036562302437385e-05), np.float64(-2.1356345344537286e-05), np.float64(-1.6683315219281205e-05), np.float64(-1.372712814895699e-05)]","[np.float64(3.4264271653543332), np.float64(465.2804195748649), np.float64(4.15510427557442), np.float64(-8.239342293144786), np.float64(-16.899720648026616), np.float64(12.424380849872398), np.float64(0.40417675263905856)]","[np.float64(-0.0), np.float64(248.3218360399126), np.float64(3.2144785743636373), np.float64(-1.694051139181957), np.float64(2.609902325077098), np.float64(18.89821365699905), np.float64(-2.8282076632921522)]",44.275095202345945
57,50,8,"[np.float64(3.6082248300317586e-19), np.float64(0.0005024017152861942), np.float64(-1.3426466393468494e-06), np.float64(-1.1323852504005035e-06), np.float64(-1.0735435119365624e-06), np.float64(-1.0483298336995513e-06), np.float64(-1.0351236767779904e-06)]","[np.float64(-0.0), np.float64(0.15991890669709904), np.float64(-0.00021368603743753152), np.float64(-0.00012014624920974954), np.float64(-8.542538137814914e-05), np.float64(-6.673326087712482e-05), np.float64(-5.490851259582796e-05)]","[np.float64(24.95152559055117), np.float64(-731.1298898192925), np.float64(-56.242739228174784), np.float64(177.4080617025392), np.float64(-24.17691913119882), np.float64(96.16239764464594), np.float64(1.2040399302713394)]","[np.float64(-0.0), np.float64(2344.0306879755726), np.float64(19.91774524798419), np.float64(97.21039008047042), np.float64(29.987945194951845), np.float64(40.77483029408514), np.float64(2.552361023622832)]",13.765653179315267
58,50,5,"[np.float64(2.3418766925686896e-20), np.float64(0.0003140010720538715), np.float64(-8.391541495915947e-07), np.float64(-7.07740781500304e-07), np.float64(-6.709646949594546e-07), np.float64(-6.552061460623796e-07), np.float64(-6.469522979858352e-07)]","[np.float64(-0.0), np.float64(0.09994931668568688), np.float64(-0.00013355377339845738), np.float64(-7.509140575609356e-05), np.float64(-5.339086336134307e-05), np.float64(-4.17082880482027e-05), np.float64(-3.4317820372392655e-05)]","[np.float64(52.84621062992126), np.float64(-1436.876827780155), np.float64(-6.727758339530596), np.float64(40.11097742870689), np.float64(-6.5755888821871755), np.float64(-15.724180232994561), np.float64(-6.108032682133912)]","[np.float64(-0.0), np.float64(-408.2149910812829), np.float64(0.28780054021054363), np.float64(-38.84416473506976), np.float64(15.301787635255536), np.float64(7.50917515244225), np.float64(-5.863731287229884)]",15.133369648021638
59,50,4,"[np.float64(1.8041124150158793e-19), np.float64(0.0002512008576430971), np.float64(-6.713233196734247e-07), np.float64(-5.661926252002517e-07), np.float64(-5.367717559682812e-07), np.float64(-5.241649168497756e-07), np.float64(-5.175618383889952e-07)]","[np.float64(-0.0), np.float64(0.07995945334854952), np.float64(-0.00010684301871876576), np.float64(-6.007312460487477e-05), np.float64(-4.271269068907457e-05), np.float64(-3.336663043856241e-05), np.float64(-2.745425629791398e-05)]","[np.float64(17.89000984251968), np.float64(213.42203794123296), np.float64(-18.873986109218066), np.float64(-23.024549219604044), np.float64(-4.999996907010734), np.float64(1.524703612533406), np.float64(4.713182104688794)]","[np.float64(-0.0), np.float64(-1146.2519960377285), np.float64(-17.87973733957925), np.float64(-35.00782456591437), np.float64(4.378308071768721), np.float64(-18.11429336726296), np.float64(-17.84202139724109)]",20.238190144023495
60,50,4,"[np.float64(1.8041124150158793e-19), np.float64(0.0002512008576430971), np.float64(-6.713233196734247e-07), np.float64(-5.661926252002517e-07), np.float64(-5.367717559682812e-07), np.float64(-5.241649168497756e-07), np.float64(-5.175618383889952e-07)]","[np.float64(-0.0), np.float64(0.07995945334854952), np.float64(-0.00010684301871876576), np.float64(-6.007312460487477e-05), np.float64(-4.271269068907457e-05), np.float64(-3.336663043856241e-05), np.float64(-2.745425629791398e-05)]","[np.float64(-8.737942913385833), np.float64(1083.4504805464665), np.float64(33.990005797533), np.float64(-36.43398112820483), np.float64(-3.5004283717735216), np.float64(8.810516986240394), np.float64(0.678637244683634)]","[np.float64(-0.0), np.float64(434.0254867376798), np.float64(3.62147761685488), np.float64(-1.3384683096123586), np.float64(6.886698519117448), np.float64(4.584674240588511), np.float64(-0.5342499989525127)]",18.77240205068746
61,50,0,"[np.float64(0.0), np.float64(0.0), np.float64(0.0), np.float64(0.0), np.float64(0.0), np.float64(0.0), np.float64(0.0)]","[np.float64(-0.0), np.float64(-0.0), np.float64(-0.0), np.float64(-0.0), np.float64(-0.0), np.float64(-0.0), np.float64(-0.0)]","[np.float64(21.595718503937007), np.float64(4.568819230744956), np.float64(-2.7322544106768483), np.float64(-10.202240267545678), np.float64(1.932244469221014), np.float64(-8.52751710004608), np.float64(-5.57755296751953)]","[np.float64(-0.0), np.float64(-2.6378666206968684), np.float64(3.7317181376457715), np.float64(-21.744675556894368), np.float64(-4.5184441509976585), np.float64(1.4158775684456668), np.float64(5.2786222090003125)]",3706.769530232457
62,50,0,"[np.float64(0.0), np.float64(0.0), np.float64(0.0), np.float64(0.0), np.float64(0.0), np.float64(0.0), np.float64(0.0)]","[np.float64(-0.0), np.float64(-0.0), np.float64(-0.0), np.float64(-0.0), np.float64(-0.0), np.float64(-0.0), np.float64(-0.0)]","[np.float64(10.483759842519689), np.float64(-7.287272372448013), np.float64(-5.139073741947081), np.float64(-0.7443485117979421), np.float64(-3.0622161460920276), np.float64(1.564090577104795), np.float64(-5.483662211833652)]","[np.float64(-0.0), np.float64(-6.881461594424056), np.float64(-1.0249856438652964), np.float64(1.1394107066960037), np.float64(3.6731387880938273), np.float64(1.7618642899389618), np.float64(-4.250870946524491)]",1867.6214172007528
63,50,5,"[np.float64(2.3418766925686896e-20), np.float64(0.0003140010720538715), np.float64(-8.391541495915947e-07), np.float64(-7.07740781500304e-07), np.float64(-6.709646949594546e-07), np.float64(-6.552061460623796e-07), np.float64(-6.469522979858352e-07)]","[np.float64(-0.0), np.float64(0.09994931668568688), np.float64(-0.00013355377339845738), np.float64(-7.509140575609356e-05), np.float64(-5.339086336134307e-05), np.float64(-4.17082880482027e-05), np.float64(-3.4317820372392655e-05)]","[np.float64(23.06471456692913), np.float64(-101.61951869149199), np.float64(-15.591225607850065), np.float64(-51.726023751353715), np.float64(-1.8054062458526496), np.float64(-5.859987946644386), np.float64(2.3044597189747553)]","[np.float64(-0.0), np.float64(-1489.7687105682398), np.float64(-11.692840859546322), np.float64(5.225200851821799), np.float64(0.7475557005487691), np.float64(1.550025275749537), np.float64(-18.527639208899437)]",15.083479174711366
64,50,2,"[np.float64(9.020562075079396e-20), np.float64(0.00012560042882154855), np.float64(-3.3566165983671234e-07), np.float64(-2.8309631260012586e-07), np.float64(-2.683858779841406e-07), np.float64(-2.620824584248878e-07), np.float64(-2.587809191944976e-07)]","[np.float64(-0.0), np.float64(0.03997972667427476), np.float64(-5.342150935938288e-05), np.float64(-3.0036562302437385e-05), np.float64(-2.1356345344537286e-05), np.float64(-1.6683315219281205e-05), np.float64(-1.372712814895699e-05)]","[np.float64(5.663877952755906), np.float64(499.4187235324243), np.float64(7.895160560584941), np.float64(17.18616474852651), np.float64(4.3481646885526155), np.float64(0.9869902940165958), np.float64(1.631728904956678)]","[np.float64(-0.0), np.float64(-155.57507491260748), np.float64(-5.37448793723913), np.float64(-13.119650590740097), np.float64(0.8233775148469917), np.float64(3.2801497762185075), np.float64(1.3190076774036552)]",42.31229134087546
65,50,7,"[np.float64(8.777700788442644e-19), np.float64(0.0004396015008754209), np.float64(-1.1748158094283721e-06), np.float64(-9.908370941004668e-07), np.float64(-9.393505729448183e-07), np.float64(-9.172886044867604e-07), np.float64(-9.057332171812613e-07)]","[np.float64(-0.0), np.float64(0.13992904335996167), np.float64(-0.00018697528275784), np.float64(-0.00010512796805853105), np.float64(-7.474720870588189e-05), np.float64(-5.839160326748366e-05), np.float64(-4.8044948521348924e-05)]","[np.float64(9.85802165354328), np.float64(847.7321201082833), np.float64(-0.07878870090160899), np.float64(18.64336411167703), np.float64(4.974051711930246), np.float64(-33.84077813951624), np.float64(1.6831246867238743)]","[np.float64(-0.0), np.float64(2004.3610284402034), np.float64(41.197832333417), np.float64(-71.762783537501), np.float64(1.5566011788473484), np.float64(-6.056712076449402), np.float64(-2.05626047749905)]",11.140583933539567
66,50,4,"[np.float64(1.8041124150158793e-19), np.float64(0.0002512008576430971), np.float64(-6.713233196734247e-07), np.float64(-5.661926252002517e-07), np.float64(-5.367717559682812e-07), np.float64(-5.241649168497756e-07), np.float64(-5.175618383889952e-07)]","[np.float64(-0.0), np.float64(0.07995945334854952), np.float64(-0.00010684301871876576), np.float64(-6.007312460487477e-05), np.float64(-4.271269068907457e-05), np.float64(-3.336663043856241e-05), np.float64(-2.745425629791398e-05)]","[np.float64(39.41978346456692), np.float64(-1088.8678709888068), np.float64(17.597070885145115), np.float64(-12.73768907888946), np.float64(11.758236698744163), np.float64(6.118222368973151), np.float64(4.779080839153749)]","[np.float64(-0.0), np.float64(348.6327127224874), np.float64(-4.211189146786376), np.float64(-32.05320398332721), np.float64(2.34991371732683), np.float64(11.079558642823647), np.float64(-6.7035421413562695)]",18.96589948960244
67,50,3,"[np.float64(-2.3288662664988637e-19), np.float64(0.0001884006432323233), np.float64(-5.034924897548938e-07), np.float64(-4.2464446890015984e-07), np.float64(-4.0257881697660976e-07), np.float64(-3.931236876372607e-07), np.float64(-3.881713787912685e-07)]","[np.float64(-0.0), np.float64(0.059969590011412124), np.float64(-8.013226403907447e-05), np.float64(-4.5054843453655964e-05), np.float64(-3.2034518016806024e-05), np.float64(-2.5024972828921514e-05), np.float64(-2.059069222343534e-05)]","[np.float64(11.807824803149604), np.float64(-391.48036168293515), np.float64(-4.565307634342575), np.float64(-12.694481517149852), np.float64(3.2938856019812204), np.float64(-9.275342173423276), np.float64(0.6735164967593964)]","[np.float64(-0.0), np.float64(-728.9076007469012), np.float64(10.873250553270378), np.float64(20.9863728120825), np.float64(-8.165479902951844), np.float64(-10.302059291334643), np.float64(3.5772100288980773)]",26.36079060147754
68,50,6,"[np.float64(-4.657732532997727e-19), np.float64(0.0003768012864646466), np.float64(-1.0069849795097875e-06), np.float64(-8.492889378003197e-07), np.float64(-8.051576339532195e-07), np.float64(-7.862473752745214e-07), np.float64(-7.76342757582537e-07)]","[np.float64(-0.0), np.float64(0.11993918002282425), np.float64(-0.00016026452807814894), np.float64(-9.010968690731193e-05), np.float64(-6.406903603361205e-05), np.float64(-5.004994565784303e-05), np.float64(-4.118138444687068e-05)]","[np.float64(12.660925196850394), np.float64(1058.0655238832958), np.float64(3.499555083026035), np.float64(31.745994318765245), np.float64(-17.66013865497956), np.float64(15.244543680189985), np.float64(3.9720860199316084)]","[np.float64(-0.0), np.float64(-1496.4515663747788), np.float64(-36.48644189040053), np.float64(-69.54999880923647), np.float64(-7.146052972684459), np.float64(-22.627901998507777), np.float64(-8.286038871489309)]",12.373258191240224
69,50,3,"[np.float64(-2.3288662664988637e-19), np.float64(0.0001884006432323233), np.float64(-5.034924897548938e-07), np.float64(-4.2464446890015984e-07), np.float64(-4.0257881697660976e-07), np.float64(-3.931236876372607e-07), np.float64(-3.881713787912685e-07)]","[np.float64(-0.0), np.float64(0.059969590011412124), np.float64(-8.013226403907447e-05), np.float64(-4.5054843453655964e-05), np.float64(-3.2034518016806024e-05), np.float64(-2.5024972828921514e-05), np.float64(-2.059069222343534e-05)]","[np.float64(10.204724409448827), np.float64(756.1071955009338), np.float64(12.824797580705322), np.float64(-30.944119049093402), np.float64(-4.050039179543394), np.float64(4.722812939408605), np.float64(2.283775210837722)]","[np.float64(-0.0), np.float64(345.8074197446264), np.float64(14.288668388911173), np.float64(-9.854816146172558), np.float64(-4.175660132027212), np.float64(8.70565751571014), np.float64(-1.075218965620274)]",25.384901728325044
70,50,0,"[np.float64(0.0), np.float64(0.0), np.float64(0.0), np.float64(0.0), np.float64(0.0), np.float64(0.0), np.float64(0.0)]","[np.float64(-0.0), np.float64(-0.0), np.float64(-0.0), np.float64(-0.0), np.float64(-0.0), np.float64(-0.0), np.float64(-0.0)]","[np.float64(11.740649606299213), np.float64(18.180306254024902), np.float64(5.143164364647233), np.float64(-1.1872294652205457), np.float64(6.529412911558024), np.float64(-14.319974978428267), np.float64(2.6992221336863467)]","[np.float64(-0.0), np.float64(4.380225901305592), np.float64(6.516100757433191), np.float64(-4.001105360922847), np.float64(-11.707957072012126), np.float64(-3.980535885350683), np.float64(-8.53279860072825)]",1083.2425311877007
71,50,7,"[np.float64(8.777700788442644e-19), np.float64(0.0004396015008754209), np.float64(-1.1748158094283721e-06), np.float64(-9.908370941004668e-07), np.float64(-9.393505729448183e-07), np.float64(-9.172886044867604e-07), np.float64(-9.057332171812613e-07)]","[np.float64(-0.0), np.float64(0.13992904335996167), np.float64(-0.00018697528275784), np.float64(-0.00010512796805853105), np.float64(-7.474720870588189e-05), np.float64(-5.839160326748366e-05), np.float64(-4.8044948521348924e-05)]","[np.float64(56.0570866141732), np.float64(-2109.9099140563403), np.float64(7.931749914799479), np.float64(27.66112533490471), np.float64(-18.011037646135833), np.float64(-8.723008631218123), np.float64(-2.8849441018505995)]","[np.float64(-0.0), np.float64(-398.746498106182), np.float64(-1.407272293140054), np.float64(-112.48985627210682), np.float64(17.03675707589258), np.float64(23.831429746258394), np.float64(13.455660417937352)]",11.837424074681522
72,50,3,"[np.float64(-2.3288662664988637e-19), np.float64(0.0001884006432323233), np.float64(-5.034924897548938e-07), np.float64(-4.2464446890015984e-07), np.float64(-4.0257881697660976e-07), np.float64(-3.931236876372607e-07), np.float64(-3.881713787912685e-07)]","[np.float64(-0.0), np.float64(0.059969590011412124), np.float64(-8.013226403907447e-05), np.float64(-4.5054843453655964e-05), np.float64(-3.2034518016806024e-05), np.float64(-2.5024972828921514e-05), np.float64(-2.059069222343534e-05)]","[np.float64(8.108021653543306), np.float64(-27.539656342560676), np.float64(-11.65964709167882), np.float64(-36.23722671467815), np.float64(-1.7397622935960257), np.float64(-7.92409771008021), np.float64(-1.212124588650754)]","[np.float64(-0.0), np.float64(-839.530415042778), np.float64(-3.7470716119926584), np.float64(-12.6217479252321), np.float64(-14.780106373389419), np.float64(-5.905844086042225), np.float64(-3.5435661576817346)]",25.969805527947425
73,50,6,"[np.float64(-4.657732532997727e-19), np.float64(0.0003768012864646466), np.float64(-1.0069849795097875e-06), np.float64(-8.492889378003197e-07), np.float64(-8.051576339532195e-07), np.float64(-7.862473752745214e-07), np.float64(-7.76342757582537e-07)]","[np.float64(-0.0), np.float64(0.11993918002282425), np.float64(-0.00016026452807814894), np.float64(-9.010968690731193e-05), np.float64(-6.406903603361205e-05), np.float64(-5.004994565784303e-05), np.float64(-4.118138444687068e-05)]","[np.float64(-9.428641732283461), np.float64(1651.8440534072513), np.float64(34.00717587686043), np.float64(54.77367973774701), np.float64(4.7103872771273405), np.float64(-4.322467539700203), np.float64(-1.0292208990429048)]","[np.float64(-0.0), np.float64(-762.723001404426), np.float64(-18.40497579077629), np.float64(11.209951567167902), np.float64(-11.450757829964838), np.float64(10.369881218800167), np.float64(-4.003752042358772)]",12.25951535040293
74,50,6,"[np.float64(-4.657732532997727e-19), np.float64(0.0003768012864646466), np.float64(-1.0069849795097875e-06), np.float64(-8.492889378003197e-07), np.float64(-8.051576339532195e-07), np.float64(-7.862473752745214e-07), np.float64(-7.76342757582537e-07)]","[np.float64(-0.0), np.float64(0.11993918002282425), np.float64(-0.00016026452807814894), np.float64(-9.010968690731193e-05), np.float64(-6.406903603361205e-05), np.float64(-5.004994565784303e-05), np.float64(-4.118138444687068e-05)]","[np.float64(-5.796013779527567), np.float64(1015.0894089349304), np.float64(6.323238572705697), np.float64(-10.726586572252112), np.float64(4.162097389532244), np.float64(-26.322539092681016), np.float64(1.3160190517481227)]","[np.float64(-0.0), np.float64(1540.6491992704068), np.float64(36.550269610501786), np.float64(-50.515211173080495), np.float64(5.3700937792242724), np.float64(-1.97818263544196), np.float64(7.504570557491407)]",12.021537469334682
75,50,4,"[np.float64(1.8041124150158793e-19), np.float64(0.0002512008576430971), np.float64(-6.713233196734247e-07), np.float64(-5.661926252002517e-07), np.float64(-5.367717559682812e-07), np.float64(-5.241649168497756e-07), np.float64(-5.175618383889952e-07)]","[np.float64(-0.0), np.float64(0.07995945334854952), np.float64(-0.00010684301871876576), np.float64(-6.007312460487477e-05), np.float64(-4.271269068907457e-05), np.float64(-3.336663043856241e-05), np.float64(-2.745425629791398e-05)]","[np.float64(55.07726377952755), np.float64(-678.4062397037018), np.float64(-8.834254500658732), np.float64(-19.37284389421103), np.float64(-8.823428454477405), np.float64(-10.234539453467399), np.float64(5.8722891154414345)]","[np.float64(-0.0), np.float64(973.1352175503165), np.float64(-0.446526107252942), np.float64(39.27479046898716), np.float64(9.085773884982796), np.float64(-4.056315245154558), np.float64(5.26201393929135)]",18.453190921994175
76,50,6,"[np.float64(-4.657732532997727e-19), np.float64(0.0003768012864646466), np.float64(-1.0069849795097875e-06), np.float64(-8.492889378003197e-07), np.float64(-8.051576339532195e-07), np.float64(-7.862473752745214e-07), np.float64(-7.76342757582537e-07)]","[np.float64(-0.0), np.float64(0.11993918002282425), np.float64(-0.00016026452807814894), np.float64(-9.010968690731193e-05), np.float64(-6.406903603361205e-05), np.float64(-5.004994565784303e-05), np.float64(-4.118138444687068e-05)]","[np.float64(40.05757874015746), np.float64(-1340.8772963025867), np.float64(-3.179067488076322), np.float64(61.962381370046266), np.float64(-3.3939870830255487), np.float64(-0.5166537473146564), np.float64(11.138857592081312)]","[np.float64(-0.0), np.float64(-1248.6023138889057), np.float64(-2.727115898371811), np.float64(32.466791082319475), np.float64(-16.160753884277494), np.float64(-5.73465324279547), np.float64(-1.546747431249354)]",11.68727728757618
77,50,7,"[np.float64(8.777700788442644e-19), np.float64(0.0004396015008754209), np.float64(-1.1748158094283721e-06), np.float64(-9.908370941004668e-07), np.float64(-9.393505729448183e-07), np.float64(-9.172886044867604e-07), np.float64(-9.057332171812613e-07)]","[np.float64(-0.0), np.float64(0.13992904335996167), np.float64(-0.00018697528275784), np.float64(-0.00010512796805853105), np.float64(-7.474720870588189e-05), np.float64(-5.839160326748366e-05), np.float64(-4.8044948521348924e-05)]","[np.float64(-12.235236220472451), np.float64(1265.080867766943), np.float64(2.7820145282487596), np.float64(15.883512916641221), np.float64(-11.348579393833901), np.float64(29.206349198259844), np.float64(-4.056214261803911)]","[np.float64(-0.0), np.float64(-1740.3140733765563), np.float64(-29.175993261647008), np.float64(-123.14866536301061), np.float64(-19.319579484925722), np.float64(-35.16558698243763), np.float64(-21.031130609427212)]",11.7122055440294
78,50,8,"[np.float64(3.6082248300317586e-19), np.float64(0.0005024017152861942), np.float64(-1.3426466393468494e-06), np.float64(-1.1323852504005035e-06), np.float64(-1.0735435119365624e-06), np.float64(-1.0483298336995513e-06), np.float64(-1.0351236767779904e-06)]","[np.float64(-0.0), np.float64(0.15991890669709904), np.float64(-0.00021368603743753152), np.float64(-0.00012014624920974954), np.float64(-8.542538137814914e-05), np.float64(-6.673326087712482e-05), np.float64(-5.490851259582796e-05)]","[np.float64(-26.91018700787401), np.float64(2141.0101955943164), np.float64(34.97086448121077), np.float64(-159.3032358312469), np.float64(-25.696877399296035), np.float64(108.05318416243782), np.float64(3.100804800026613)]","[np.float64(-0.0), np.float64(1150.8316309266302), np.float64(33.27923744320501), np.float64(127.321934413952), np.float64(0.23200614531063343), np.float64(-16.178838971083575), np.float64(3.938891287553552)]",14.322596523268876
79,50,8,"[np.float64(3.6082248300317586e-19), np.float64(0.0005024017152861942), np.float64(-1.3426466393468494e-06), np.float64(-1.1323852504005035e-06), np.float64(-1.0735435119365624e-06), np.float64(-1.0483298336995513e-06), np.float64(-1.0351236767779904e-06)]","[np.float64(-0.0), np.float64(0.15991890669709904), np.float64(-0.00021368603743753152), np.float64(-0.00012014624920974954), np.float64(-8.542538137814914e-05), np.float64(-6.673326087712482e-05), np.float64(-5.490851259582796e-05)]","[np.float64(44.10629921259841), np.float64(-1022.8868062909238), np.float64(-27.312373388171558), np.float64(132.03978125631048), np.float64(-20.341255816350877), np.float64(60.23422335772573), np.float64(-4.380661158368843)]","[np.float64(-0.0), np.float64(2217.0693009243964), np.float64(14.264922724788434), np.float64(153.1117602754865), np.float64(13.852450470619853), np.float64(102.62933254931785), np.float64(-0.18240720808370725)]",13.680819004580227
80,50,7,"[np.float64(8.777700788442644e-19), np.float64(0.0004396015008754209), np.float64(-1.1748158094283721e-06), np.float64(-9.908370941004668e-07), np.float64(-9.393505729448183e-07), np.float64(-9.172886044867604e-07), np.float64(-9.057332171812613e-07)]","[np.float64(-0.0), np.float64(0.13992904335996167), np.float64(-0.00018697528275784), np.float64(-0.00010512796805853105), np.float64(-7.474720870588189e-05), np.float64(-5.839160326748366e-05), np.float64(-4.8044948521348924e-05)]","[np.float64(42.21555118110235), np.float64(-2015.4750049625598), np.float64(3.097021450026411), np.float64(79.12121334476274), np.float64(-8.539912516781008), np.float64(-25.361599118888364), np.float64(1.481705180539566)]","[np.float64(-0.0), np.float64(-778.0680272567932), np.float64(-2.8525606911111776), np.float64(-61.61368865773659), np.float64(-8.828422953731955), np.float64(21.693124914994822), np.float64(4.92054542537671)]",12.21783078765409
81,50,9,"[np.float64(1.2819606487468604e-18), np.float64(0.0005652019296969705), np.float64(-1.5104774692652927e-06), np.float64(-1.273933406700535e-06), np.float64(-1.2077364509316606e-06), np.float64(-1.1793710629120967e-06), np.float64(-1.1645141363749174e-06)]","[np.float64(-0.0), np.float64(0.17990877003423636), np.float64(-0.00024039679211722376), np.float64(-0.0001351645303609666), np.float64(-9.610355405041817e-05), np.float64(-7.507491848676532e-05), np.float64(-6.177207667030661e-05)]","[np.float64(18.029281496063), np.float64(618.538972019034), np.float64(-1.4759766338280524), np.float64(-376.7525662987674), np.float64(-12.394908932661723), np.float64(-206.82332660060123), np.float64(15.276094647995768)]","[np.float64(-0.0), np.float64(-2577.381616784759), np.float64(-33.16939185186792), np.float64(8.246681480553798), np.float64(9.858053034168217), np.float64(48.16113152384848), np.float64(0.21932306065182275)]",19.055179071094017
82,50,4,"[np.float64(1.8041124150158793e-19), np.float64(0.0002512008576430971), np.float64(-6.713233196734247e-07), np.float64(-5.661926252002517e-07), np.float64(-5.367717559682812e-07), np.float64(-5.241649168497756e-07), np.float64(-5.175618383889952e-07)]","[np.float64(-0.0), np.float64(0.07995945334854952), np.float64(-0.00010684301871876576), np.float64(-6.007312460487477e-05), np.float64(-4.271269068907457e-05), np.float64(-3.336663043856241e-05), np.float64(-2.745425629791398e-05)]","[np.float64(-16.918307086614185), np.float64(1139.0757862586486), np.float64(22.02325566731402), np.float64(-28.815430226610665), np.float64(-1.5453447519374028), np.float64(7.559985245526528), np.float64(-7.023168069856398)]","[np.float64(-0.0), np.float64(210.09244522246794), np.float64(12.371850544876638), np.float64(26.705752350075173), np.float64(1.2622748736724125), np.float64(-17.295637231935196), np.float64(-5.9525028895419965)]",18.945901394711523
83,50,2,"[np.float64(9.020562075079396e-20), np.float64(0.00012560042882154855), np.float64(-3.3566165983671234e-07), np.float64(-2.8309631260012586e-07), np.float64(-2.683858779841406e-07), np.float64(-2.620824584248878e-07), np.float64(-2.587809191944976e-07)]","[np.float64(-0.0), np.float64(0.03997972667427476), np.float64(-5.342150935938288e-05), np.float64(-3.0036562302437385e-05), np.float64(-2.1356345344537286e-05), np.float64(-1.6683315219281205e-05), np.float64(-1.372712814895699e-05)]","[np.float64(24.326279527559056), np.float64(33.52872567232865), np.float64(-6.265824187019574), np.float64(9.417220849088551), np.float64(-6.875765164852973), np.float64(9.809590618395545), np.float64(4.783254481281846)]","[np.float64(-0.0), np.float64(529.8890786376858), np.float64(20.852390303003872), np.float64(11.31822930869117), np.float64(-1.7632645925647106), np.float64(13.951397279860927), np.float64(-3.792286738860332)]",41.12279581445913
84,50,8,"[np.float64(3.6082248300317586e-19), np.float64(0.0005024017152861942), np.float64(-1.3426466393468494e-06), np.float64(-1.1323852504005035e-06), np.float64(-1.0735435119365624e-06), np.float64(-1.0483298336995513e-06), np.float64(-1.0351236767779904e-06)]","[np.float64(-0.0), np.float64(0.15991890669709904), np.float64(-0.00021368603743753152), np.float64(-0.00012014624920974954), np.float64(-8.542538137814914e-05), np.float64(-6.673326087712482e-05), np.float64(-5.490851259582796e-05)]","[np.float64(65.3560531496063), np.float64(-2417.5075485760544), np.float64(21.782814064446423), np.float64(-147.12607752858858), np.float64(-3.314781281751844), np.float64(98.29762912215043), np.float64(-5.506151509388514)]","[np.float64(-0.0), np.float64(257.192222723711), np.float64(-4.621967351173112), np.float64(-118.82437498736783), np.float64(28.00398918247192), np.float64(-17.805924748850558), np.float64(-8.63346665864695)]",13.370806833650626
85,50,1,"[np.float64(4.510281037539698e-20), np.float64(6.280021441077427e-05), np.float64(-1.6783082991835617e-07), np.float64(-1.4154815630006293e-07), np.float64(-1.341929389920703e-07), np.float64(-1.310412292124439e-07), np.float64(-1.293904595972488e-07)]","[np.float64(-0.0), np.float64(0.01998986333713738), np.float64(-2.671075467969144e-05), np.float64(-1.5018281151218693e-05), np.float64(-1.0678172672268643e-05), np.float64(-8.341657609640603e-06), np.float64(-6.863564074478495e-06)]","[np.float64(27.74557086614173), np.float64(-92.2246029667379), np.float64(2.8364953304889906), np.float64(-7.4522488162496705), np.float64(-10.513215075564029), np.float64(-7.083377437280289), np.float64(2.583854041160814)]","[np.float64(-0.0), np.float64(-226.01825600159268), np.float64(-2.336610106354652), np.float64(-4.902925855690064), np.float64(-1.7072474365123698), np.float64(2.4453214392024036), np.float64(17.305847522010282)]",90.79792427675989
86,50,4,"[np.float64(1.8041124150158793e-19), np.float64(0.0002512008576430971), np.float64(-6.713233196734247e-07), np.float64(-5.661926252002517e-07), np.float64(-5.367717559682812e-07), np.float64(-5.241649168497756e-07), np.float64(-5.175618383889952e-07)]","[np.float64(-0.0), np.float64(0.07995945334854952), np.float64(-0.00010684301871876576), np.float64(-6.007312460487477e-05), np.float64(-4.271269068907457e-05), np.float64(-3.336663043856241e-05), np.float64(-2.745425629791398e-05)]","[np.float64(-20.411171259842526), np.float64(1127.3676644422603), np.float64(29.708330103744323), np.float64(8.058749471452758), np.float64(-5.7065052124966575), np.float64(-8.10024675652554), np.float64(1.7977060268727656)]","[np.float64(-0.0), np.float64(-302.8020458107253), np.float64(-3.948347478893025), np.float64(29.367496145803482), np.float64(11.176953119696686), np.float64(-23.831517127002176), np.float64(4.060709365335907)]",18.727593673456898
87,50,0,"[np.float64(0.0), np.float64(0.0), np.float64(0.0), np.float64(0.0), np.float64(0.0), np.float64(0.0), np.float64(0.0)]","[np.float64(-0.0), np.float64(-0.0), np.float64(-0.0), np.float64(-0.0), np.float64(-0.0), np.float64(-0.0), np.float64(-0.0)]","[np.float64(6.640009842519688), np.float64(10.224207865186319), np.float64(8.984892607169154), np.float64(-7.31795822322451), np.float64(2.3428536463842216), np.float64(1.0802354155444276), np.float64(3.9662425967058472)]","[np.float64(-0.0), np.float64(-7.567993500253141), np.float64(-4.11205347063663), np.float64(4.754950424358453), np.float64(5.715998400501976), np.float64(16.96559128515056), np.float64(1.5884831162225914)]",1649.5632306660402
88,50,5,"[np.float64(2.3418766925686896e-20), np.float64(0.0003140010720538715), np.float64(-8.391541495915947e-07), np.float64(-7.07740781500304e-07), np.float64(-6.709646949594546e-07), np.float64(-6.552061460623796e-07), np.float64(-6.469522979858352e-07)]","[np.float64(-0.0), np.float64(0.09994931668568688), np.float64(-0.00013355377339845738), np.float64(-7.509140575609356e-05), np.float64(-5.339086336134307e-05), np.float64(-4.17082880482027e-05), np.float64(-3.4317820372392655e-05)]","[np.float64(36.83464566929134), np.float64(-1173.4839592909686), np.float64(1.0452637471887352), np.float64(-60.95863152581044), np.float64(5.545910941363159), np.float64(-11.352242144333909), np.float64(-16.06739113644842)]","[np.float64(-0.0), np.float64(926.5959336052634), np.float64(-9.18982621305286), np.float64(23.74361545111754), np.float64(0.23684222342591238), np.float64(-6.416875804960235), np.float64(6.222788585588297)]",14.973577153468101
89,50,3,"[np.float64(-2.3288662664988637e-19), np.float64(0.0001884006432323233), np.float64(-5.034924897548938e-07), np.float64(-4.2464446890015984e-07), np.float64(-4.0257881697660976e-07), np.float64(-3.931236876372607e-07), np.float64(-3.881713787912685e-07)]","[np.float64(-0.0), np.float64(0.059969590011412124), np.float64(-8.013226403907447e-05), np.float64(-4.5054843453655964e-05), np.float64(-3.2034518016806024e-05), np.float64(-2.5024972828921514e-05), np.float64(-2.059069222343534e-05)]","[np.float64(17.963336614173226), np.float64(-523.452201886773), np.float64(-13.622349874632466), np.float64(-3.9047193257432213), np.float64(4.316622617381061), np.float64(3.58585051278791), np.float64(5.246352715470641)]","[np.float64(-0.0), np.float64(-661.874099571757), np.float64(16.745529838006323), np.float64(19.245358843732223), np.float64(3.0878658723505032), np.float64(-8.830501894395347), np.float64(-1.3915018045492176)]",24.250446983619838
90,50,7,"[np.float64(8.777700788442644e-19), np.float64(0.0004396015008754209), np.float64(-1.1748158094283721e-06), np.float64(-9.908370941004668e-07), np.float64(-9.393505729448183e-07), np.float64(-9.172886044867604e-07), np.float64(-9.057332171812613e-07)]","[np.float64(-0.0), np.float64(0.13992904335996167), np.float64(-0.00018697528275784), np.float64(-0.00010512796805853105), np.float64(-7.474720870588189e-05), np.float64(-5.839160326748366e-05), np.float64(-4.8044948521348924e-05)]","[np.float64(-33.62647637795278), np.float64(1476.3927455838545), np.float64(0.17496830603308808), np.float64(52.753006183175586), np.float64(-14.498268020470688), np.float64(33.713812812264116), np.float64(-3.6550132436230687)]","[np.float64(-0.0), np.float64(-1576.6250248457059), np.float64(-46.58253296455818), np.float64(-99.2660228208389), np.float64(-17.077484043730323), np.float64(-17.61115073438141), np.float64(-2.2344130556246715)]",11.602305068445885
91,50,6,"[np.float64(-4.657732532997727e-19), np.float64(0.0003768012864646466), np.float64(-1.0069849795097875e-06), np.float64(-8.492889378003197e-07), np.float64(-8.051576339532195e-07), np.float64(-7.862473752745214e-07), np.float64(-7.76342757582537e-07)]","[np.float64(-0.0), np.float64(0.11993918002282425), np.float64(-0.00016026452807814894), np.float64(-9.010968690731193e-05), np.float64(-6.406903603361205e-05), np.float64(-5.004994565784303e-05), np.float64(-4.118138444687068e-05)]","[np.float64(-17.327755905511797), np.float64(1285.8047756988765), np.float64(2.4221499896189), np.float64(-45.575197274226305), np.float64(9.383090782353097), np.float64(-4.481816515592203), np.float64(0.0675141315241499)]","[np.float64(-0.0), np.float64(1312.245142280804), np.float64(37.045796050172456), np.float64(-38.24998172064417), np.float64(-10.26275786778891), np.float64(25.15404812632594), np.float64(-0.3174443353653701)]",12.680040043414808
92,50,2,"[np.float64(9.020562075079396e-20), np.float64(0.00012560042882154855), np.float64(-3.3566165983671234e-07), np.float64(-2.8309631260012586e-07), np.float64(-2.683858779841406e-07), np.float64(-2.620824584248878e-07), np.float64(-2.587809191944976e-07)]","[np.float64(-0.0), np.float64(0.03997972667427476), np.float64(-5.342150935938288e-05), np.float64(-3.0036562302437385e-05), np.float64(-2.1356345344537286e-05), np.float64(-1.6683315219281205e-05), np.float64(-1.372712814895699e-05)]","[np.float64(28.448572834645667), np.float64(-219.5412553207415), np.float64(0.8004454813381726), np.float64(1.8650284453176926), np.float64(-1.9424138657158723), np.float64(1.0617542662481092), np.float64(1.0752815997377005)]","[np.float64(-0.0), np.float64(475.80884734598754), np.float64(-0.32866858192889686), np.float64(20.312906703729684), np.float64(16.05101377678024), np.float64(-0.39434330994761513), np.float64(4.518153772009374)]",40.13845510905783
93,50,4,"[np.float64(1.8041124150158793e-19), np.float64(0.0002512008576430971), np.float64(-6.713233196734247e-07), np.float64(-5.661926252002517e-07), np.float64(-5.367717559682812e-07), np.float64(-5.241649168497756e-07), np.float64(-5.175618383889952e-07)]","[np.float64(-0.0), np.float64(0.07995945334854952), np.float64(-0.00010684301871876576), np.float64(-6.007312460487477e-05), np.float64(-4.271269068907457e-05), np.float64(-3.336663043856241e-05), np.float64(-2.745425629791398e-05)]","[np.float64(39.14197834645669), np.float64(-1138.385012337047), np.float64(8.788122121353437), np.float64(34.18698321991939), np.float64(4.621159340644513), np.float64(-11.706915242686291), np.float64(-12.834045868926195)]","[np.float64(-0.0), np.float64(-243.2476580586339), np.float64(9.595092675209667), np.float64(-33.627118268582045), np.float64(12.723101139230629), np.float64(4.212732006148285), np.float64(1.4905619545785964)]",19.093140158142656
94,50,7,"[np.float64(8.777700788442644e-19), np.float64(0.0004396015008754209), np.float64(-1.1748158094283721e-06), np.float64(-9.908370941004668e-07), np.float64(-9.393505729448183e-07), np.float64(-9.172886044867604e-07), np.float64(-9.057332171812613e-07)]","[np.float64(-0.0), np.float64(0.13992904335996167), np.float64(-0.00018697528275784), np.float64(-0.00010512796805853105), np.float64(-7.474720870588189e-05), np.float64(-5.839160326748366e-05), np.float64(-4.8044948521348924e-05)]","[np.float64(30.54404527559053), np.float64(126.09169236154683), np.float64(0.9300712162451), np.float64(-108.6349891525896), np.float64(10.773102515372988), np.float64(-29.257373044179513), np.float64(4.668650835152515)]","[np.float64(-0.0), np.float64(-2161.8297288589197), np.float64(-39.71046468987671), np.float64(-10.133238993779681), np.float64(-3.0732350396137753), np.float64(15.021754043312615), np.float64(-14.441663610926367)]",11.866685681251802
95,50,9,"[np.float64(1.2819606487468604e-18), np.float64(0.0005652019296969705), np.float64(-1.5104774692652927e-06), np.float64(-1.273933406700535e-06), np.float64(-1.2077364509316606e-06), np.float64(-1.1793710629120967e-06), np.float64(-1.1645141363749174e-06)]","[np.float64(-0.0), np.float64(0.17990877003423636), np.float64(-0.00024039679211722376), np.float64(-0.0001351645303609666), np.float64(-9.610355405041817e-05), np.float64(-7.507491848676532e-05), np.float64(-6.177207667030661e-05)]","[np.float64(-18.383120078740163), np.float64(2593.030644126112), np.float64(27.6629336056208), np.float64(375.62590058309013), np.float64(45.73051819994307), np.float64(-151.31949375850473), np.float64(-8.655724485931383)]","[np.float64(-0.0), np.float64(-404.58108900160295), np.float64(-31.224388160608306), np.float64(137.83560271533995), np.float64(5.874559029409277), np.float64(130.87261689129545), np.float64(24.26774638970602)]",19.397811455578022
96,50,9,"[np.float64(1.2819606487468604e-18), np.float64(0.0005652019296969705), np.float64(-1.5104774692652927e-06), np.float64(-1.273933406700535e-06), np.float64(-1.2077364509316606e-06), np.float64(-1.1793710629120967e-06), np.float64(-1.1645141363749174e-06)]","[np.float64(-0.0), np.float64(0.17990877003423636), np.float64(-0.00024039679211722376), np.float64(-0.0001351645303609666), np.float64(-9.610355405041817e-05), np.float64(-7.507491848676532e-05), np.float64(-6.177207667030661e-05)]","[np.float64(37.60629921259842), np.float64(699.3871774696908), np.float64(-4.751065093774159), np.float64(15.391213138680323), np.float64(32.55618433920802), np.float64(-191.7092920302993), np.float64(-0.7735374338207689)]","[np.float64(-0.0), np.float64(2554.4787732367254), np.float64(71.23805642440085), np.float64(-369.15118330666957), np.float64(19.707443770588903), np.float64(-67.67763952206123), np.float64(-28.524574630340986)]",18.649929733898592
97,50,7,"[np.float64(8.777700788442644e-19), np.float64(0.0004396015008754209), np.float64(-1.1748158094283721e-06), np.float64(-9.908370941004668e-07), np.float64(-9.393505729448183e-07), np.float64(-9.172886044867604e-07), np.float64(-9.057332171812613e-07)]","[np.float64(-0.0), np.float64(0.13992904335996167), np.float64(-0.00018697528275784), np.float64(-0.00010512796805853105), np.float64(-7.474720870588189e-05), np.float64(-5.839160326748366e-05), np.float64(-4.8044948521348924e-05)]","[np.float64(56.68725393700783), np.float64(-2112.6237723674512), np.float64(7.348530201252063), np.float64(-79.43878348619887), np.float64(5.924962180884896), np.float64(17.116979862284154), np.float64(0.768725473056315)]","[np.float64(-0.0), np.float64(431.5732030483773), np.float64(-4.2031682471757055), np.float64(-65.54042852061745), np.float64(22.711496028958955), np.float64(-5.003519837737689), np.float64(-10.620225607330399)]",11.861165891972336
98,50,6,"[np.float64(-4.657732532997727e-19), np.float64(0.0003768012864646466), np.float64(-1.0069849795097875e-06), np.float64(-8.492889378003197e-07), np.float64(-8.051576339532195e-07), np.float64(-7.862473752745214e-07), np.float64(-7.76342757582537e-07)]","[np.float64(-0.0), np.float64(0.11993918002282425), np.float64(-0.00016026452807814894), np.float64(-9.010968690731193e-05), np.float64(-6.406903603361205e-05), np.float64(-5.004994565784303e-05), np.float64(-4.118138444687068e-05)]","[np.float64(21.046259842519678), np.float64(-174.911819466325), np.float64(-13.421720246378671), np.float64(-67.029292445649), np.float64(-9.076436874955377), np.float64(-0.05528516988169281), np.float64(6.318276445499386)]","[np.float64(-0.0), np.float64(-1827.8069609223967), np.float64(-12.442045930230423), np.float64(7.750728925052499), np.float64(-2.536351894242526), np.float64(12.616061568142833), np.float64(-18.222186966280454)]",12.760936399371925
99,50,1,"[np.float64(4.510281037539698e-20), np.float64(6.280021441077427e-05), np.float64(-1.6783082991835617e-07), np.float64(-1.4154815630006293e-07), np.float64(-1.341929389920703e-07), np.float64(-1.310412292124439e-07), np.float64(-1.293904595972488e-07)]","[np.float64(-0.0), np.float64(0.01998986333713738), np.float64(-2.671075467969144e-05), np.float64(-1.5018281151218693e-05), np.float64(-1.0678172672268643e-05), np.float64(-8.341657609640603e-06), np.float64(-6.863564074478495e-06)]","[np.float64(6.287647637795279), np.float64(190.94774504836224), np.float64(-0.3741697007617472), np.float64(13.445429112606432), np.float64(10.048022732418085), np.float64(-11.673038094327968), np.float64(-4.689794553519183)]","[np.float64(-0.0), np.float64(-144.15048052121617), np.float64(-4.481058343718508), np.float64(6.953837416099955), np.float64(4.1608810760193675), np.float64(13.688018683402358), np.float64(0.02279902433397251)]",84.0307438594353
100,100,6,"[np.float64(-7.346553920761778e-19), np.float64(5.018111749367513e-07), np.float64(0.0007535951202965767), np.float64(-2.721378024612088e-06), np.float64(-2.0139500427716715e-06), np.float64(-1.7976549506457678e-06), np.float64(-1.698561079114549e-06)]","[np.float64(-0.0), np.float64(0.00015973093248475585), np.float64(0.11993681015505003), np.float64(-0.0002887386269139493), np.float64(-0.00016025661612061197), np.float64(-0.00011443285589342622), np.float64(-9.010079133475062e-05)]","[np.float64(-19.439468503937015), np.float64(-40.53031835530407), np.float64(1863.246091121167), np.float64(34.618672848026094), np.float64(-4.106091682589391), np.float64(-6.422574334648575), np.float64(2.6240682261631956)]","[np.float64(-0.0), np.float64(36.31953872179782), np.float64(-3326.3526631084897), np.float64(-60.605464292072384), np.float64(-54.35141737516562), np.float64(-22.372545861735972), np.float64(-96.2956216265817)]",7022.951107485644
101,100,3,"[np.float64(-3.673276960380889e-19), np.float64(2.5090558746837565e-07), np.float64(0.0003767975601482883), np.float64(-1.360689012306044e-06), np.float64(-1.0069750213858358e-06), np.float64(-8.988274753228839e-07), np.float64(-8.492805395572745e-07)]","[np.float64(-0.0), np.float64(7.986546624237793e-05), np.float64(0.05996840507752502), np.float64(-0.00014436931345697464), np.float64(-8.012830806030599e-05), np.float64(-5.721642794671311e-05), np.float64(-4.505039566737531e-05)]","[np.float64(35.933809055118104), np.float64(18.132779459278787), np.float64(-780.205179773034), np.float64(-18.412167900234273), np.float64(-23.427250312293918), np.float64(-13.800740861279607), np.float64(-8.754272723628791)]","[np.float64(-0.0), np.float64(-15.219362714798729), np.float64(1631.1024610321615), np.float64(26.02149147667711), np.float64(-0.42238435730107243), np.float64(12.317248792300983), np.float64(45.95415872563953)]",7705.0699269456345
102,100,8,"[np.float64(-8.656270145124267e-19), np.float64(6.690815665830271e-07), np.float64(0.0010047934937287696), np.float64(-3.6285040328159505e-06), np.float64(-2.6852667236957393e-06), np.float64(-2.396873267528176e-06), np.float64(-2.264748105485867e-06)]","[np.float64(-0.0), np.float64(0.00021297457664634005), np.float64(0.15991574687340004), np.float64(-0.0003849848358852674), np.float64(-0.00021367548816081584), np.float64(-0.00015257714119123534), np.float64(-0.00012013438844633411)]","[np.float64(-19.407480314960612), np.float64(-16.26229267420796), np.float64(754.9799653730009), np.float64(20.473950967485994), np.float64(-9.187950874346356), np.float64(12.11235874588428), np.float64(-7.878823092279857)]","[np.float64(-0.0), np.float64(49.12636134925975), np.float64(-4385.535595071561), np.float64(-93.2371377465514), np.float64(-38.68189463216782), np.float64(-21.56776745933998), np.float64(-338.58470441387743)]",8661.103975207885
103,100,7,"[np.float64(2.0122792321330963e-19), np.float64(5.854463707599675e-07), np.float64(0.000879194307012673), np.float64(-3.174941028715298e-06), np.float64(-2.3496083832344464e-06), np.float64(-2.0972641090874116e-06), np.float64(-1.9816545923001597e-06)]","[np.float64(-0.0), np.float64(0.00018635275456554777), np.float64(0.13992627851422507), np.float64(-0.000336861731399608), np.float64(-0.00018696605214071376), np.float64(-0.00013350499854233045), np.float64(-0.00010511758989054277)]","[np.float64(-9.971210629921254), np.float64(8.665860142504108), np.float64(466.6522349529445), np.float64(14.224906062353297), np.float64(-6.337751595114911), np.float64(3.7801746325588197), np.float64(135.2321395126932)]","[np.float64(-0.0), np.float64(-63.07258185691798), np.float64(4278.123351152834), np.float64(100.70642921593954), np.float64(55.663882962506804), np.float64(37.569796729409006), np.float64(132.93646729018266)]",6780.390987488165
104,100,4,"[np.float64(-4.3281350725621337e-19), np.float64(3.3454078329151355e-07), np.float64(0.0005023967468643848), np.float64(-1.8142520164079753e-06), np.float64(-1.3426333618478697e-06), np.float64(-1.198436633764088e-06), np.float64(-1.1323740527429335e-06)]","[np.float64(-0.0), np.float64(0.00010648728832317003), np.float64(0.07995787343670002), np.float64(-0.0001924924179426337), np.float64(-0.00010683774408040792), np.float64(-7.628857059561767e-05), np.float64(-6.0067194223167056e-05)]","[np.float64(29.282726377952752), np.float64(11.813316893603547), np.float64(-443.0671788747872), np.float64(-2.8817234881515406), np.float64(-16.749405538182348), np.float64(1.9773876801236439), np.float64(-40.55574063266945)]","[np.float64(-0.0), np.float64(19.867304653777055), np.float64(-2437.6469489233073), np.float64(-52.53374312981175), np.float64(-18.85459846617879), np.float64(-32.52033455729903), np.float64(2.802445835523549)]",10765.248021436157
105,100,0,"[np.float64(0.0), np.float64(0.0), np.float64(0.0), np.float64(0.0), np.float64(0.0), np.float64(0.0), np.float64(0.0)]","[np.float64(-0.0), np.float64(-0.0), np.float64(-0.0), np.float64(-0.0), np.float64(-0.0), np.float64(-0.0), np.float64(-0.0)]","[np.float64(7.05757874015748), np.float64(7.163958201207462), np.float64(1.9628662556386887), np.float64(-8.426162124283096), np.float64(-3.1719045135891175), np.float64(2.607160419796962), np.float64(-1.233826738010724)]","[np.float64(-0.0), np.float64(9.805477341207364), np.float64(16.071425183693982), np.float64(4.473979121138518), np.float64(7.2057254208016515), np.float64(7.09557422843697), np.float64(-3.042191150250346)]",1599.0919965454248
106,100,4,"[np.float64(-4.3281350725621337e-19), np.float64(3.3454078329151355e-07), np.float64(0.0005023967468643848), np.float64(-1.8142520164079753e-06), np.float64(-1.3426333618478697e-06), np.float64(-1.198436633764088e-06), np.float64(-1.1323740527429335e-06)]","[np.float64(-0.0), np.float64(0.00010648728832317003), np.float64(0.07995787343670002), np.float64(-0.0001924924179426337), np.float64(-0.00010683774408040792), np.float64(-7.628857059561767e-05), np.float64(-6.0067194223167056e-05)]","[np.float64(30.265994094488182), np.float64(-10.424143939701), np.float64(281.8002263735149), np.float64(5.285022554773938), np.float64(-19.727911043121917), np.float64(-2.48664604368283), np.float64(-30.20151627675794)]","[np.float64(-0.0), np.float64(25.432810656149115), np.float64(-2462.798406640513), np.float64(-48.51340774496119), np.float64(-50.12976624007462), np.float64(-34.23112820601044), np.float64(-43.79424448104658)]",9061.971282959981
107,100,9,"[np.float64(-2.8796409701215e-19), np.float64(7.527167624053745e-07), np.float64(0.001130392680444865), np.float64(-4.082067036919694e-06), np.float64(-3.020925064157869e-06), np.float64(-2.6964824259688698e-06), np.float64(-2.5478416186717886e-06)]","[np.float64(-0.0), np.float64(0.00023959639872713417), np.float64(0.17990521523257505), np.float64(-0.0004331079403709227), np.float64(-0.00024038492418091868), np.float64(-0.00017164928384013906), np.float64(-0.00013515118700212564)]","[np.float64(-82.0302657480315), np.float64(-71.72533370134796), np.float64(3258.4467523030453), np.float64(42.42418550900707), np.float64(47.35395613840724), np.float64(15.957664646101833), np.float64(-159.97656119687755)]","[np.float64(-0.0), np.float64(-36.71054065261218), np.float64(2892.4863206558684), np.float64(48.42629620798722), np.float64(47.1014574645679), np.float64(29.61457090966459), np.float64(-187.02421229578397)]",5480.1207649158305
108,100,6,"[np.float64(-7.346553920761778e-19), np.float64(5.018111749367513e-07), np.float64(0.0007535951202965767), np.float64(-2.721378024612088e-06), np.float64(-2.0139500427716715e-06), np.float64(-1.7976549506457678e-06), np.float64(-1.698561079114549e-06)]","[np.float64(-0.0), np.float64(0.00015973093248475585), np.float64(0.11993681015505003), np.float64(-0.0002887386269139493), np.float64(-0.00016025661612061197), np.float64(-0.00011443285589342622), np.float64(-9.010079133475062e-05)]","[np.float64(32.60359251968503), np.float64(55.808967174962255), np.float64(-2100.485436485775), np.float64(-37.68364344484254), np.float64(-24.89100931306743), np.float64(-12.096952077943259), np.float64(13.422613093632632)]","[np.float64(-0.0), np.float64(50.71558126521356), np.float64(-3191.8210191656763), np.float64(-75.83388408004124), np.float64(-15.071793135998588), np.float64(-28.960240057111513), np.float64(48.323187654363934)]",5078.035339596367
109,100,3,"[np.float64(-3.673276960380889e-19), np.float64(2.5090558746837565e-07), np.float64(0.0003767975601482883), np.float64(-1.360689012306044e-06), np.float64(-1.0069750213858358e-06), np.float64(-8.988274753228839e-07), np.float64(-8.492805395572745e-07)]","[np.float64(-0.0), np.float64(7.986546624237793e-05), np.float64(0.05996840507752502), np.float64(-0.00014436931345697464), np.float64(-8.012830806030599e-05), np.float64(-5.721642794671311e-05), np.float64(-4.505039566737531e-05)]","[np.float64(-11.38607283464567), np.float64(-31.178547599596946), np.float64(1386.457342004374), np.float64(6.161207661397537), np.float64(12.201292500658314), np.float64(21.978329116471752), np.float64(-31.359407728888307)]","[np.float64(-0.0), np.float64(-9.514659068488335), np.float64(1155.6777026232005), np.float64(34.03690080718904), np.float64(37.00327873320055), np.float64(13.068190753295475), np.float64(-23.406605037796943)]",5580.945515344458
110,100,2,"[np.float64(-2.1640675362810668e-19), np.float64(1.6727039164575677e-07), np.float64(0.0002511983734321924), np.float64(-9.071260082039876e-07), np.float64(-6.713166809239348e-07), np.float64(-5.99218316882044e-07), np.float64(-5.661870263714668e-07)]","[np.float64(-0.0), np.float64(5.324364416158501e-05), np.float64(0.03997893671835001), np.float64(-9.624620897131685e-05), np.float64(-5.341887204020396e-05), np.float64(-3.8144285297808835e-05), np.float64(-3.0033597111583528e-05)]","[np.float64(26.83932086614173), np.float64(7.092844539211226), np.float64(-959.8866893486638), np.float64(-11.046578693727064), np.float64(-2.779645149494052), np.float64(-14.118099601961385), np.float64(23.30271033331458)]","[np.float64(-0.0), np.float64(-1.247173572164975), np.float64(-642.0551453102536), np.float64(-14.745873784888175), np.float64(15.515714045662296), np.float64(8.033628433154023), np.float64(10.50395691114154)]",16328.947856597277
111,100,5,"[np.float64(-3.7990444123892075e-19), np.float64(4.181759791142955e-07), np.float64(0.0006279959335804808), np.float64(-2.2678150205096326e-06), np.float64(-1.6782917023104116e-06), np.float64(-1.498045792204946e-06), np.float64(-1.415467565928374e-06)]","[np.float64(-0.0), np.float64(0.00013310911040396273), np.float64(0.09994734179587504), np.float64(-0.00024061552242829194), np.float64(-0.00013354718010050965), np.float64(-9.536071324452198e-05), np.float64(-7.50839927789592e-05)]","[np.float64(-22.50565944881892), np.float64(-78.59881924382083), np.float64(2961.293351228821), np.float64(45.1738334386983), np.float64(40.02107948201992), np.float64(8.68246573853804), np.float64(-40.51548359130866)]","[np.float64(-0.0), np.float64(-10.888788353758622), np.float64(1033.3525830056346), np.float64(8.777550706700524), np.float64(19.227700659699934), np.float64(16.156702360106372), np.float64(36.61242714989677)]",3962.2484505733833
112,100,4,"[np.float64(-4.3281350725621337e-19), np.float64(3.3454078329151355e-07), np.float64(0.0005023967468643848), np.float64(-1.8142520164079753e-06), np.float64(-1.3426333618478697e-06), np.float64(-1.198436633764088e-06), np.float64(-1.1323740527429335e-06)]","[np.float64(-0.0), np.float64(0.00010648728832317003), np.float64(0.07995787343670002), np.float64(-0.0001924924179426337), np.float64(-0.00010683774408040792), np.float64(-7.628857059561767e-05), np.float64(-6.0067194223167056e-05)]","[np.float64(53.053149606299215), np.float64(58.600294954201935), np.float64(-2444.509936655067), np.float64(-47.49360215906979), np.float64(9.333082804960613), np.float64(-15.524517353974751), np.float64(-1.1127713652881313)]","[np.float64(-0.0), np.float64(-9.630572154050585), np.float64(145.96609611831855), np.float64(1.6764683575800527), np.float64(-9.041431183995687), np.float64(8.097365241154549), np.float64(-34.51653818652785)]",4140.236316191774
113,100,7,"[np.float64(2.0122792321330963e-19), np.float64(5.854463707599675e-07), np.float64(0.000879194307012673), np.float64(-3.174941028715298e-06), np.float64(-2.3496083832344464e-06), np.float64(-2.0972641090874116e-06), np.float64(-1.9816545923001597e-06)]","[np.float64(-0.0), np.float64(0.00018635275456554777), np.float64(0.13992627851422507), np.float64(-0.000336861731399608), np.float64(-0.00018696605214071376), np.float64(-0.00013350499854233045), np.float64(-0.00010511758989054277)]","[np.float64(-75.0442913385827), np.float64(-105.94654793898745), np.float64(3965.2035064928978), np.float64(70.72427612666023), np.float64(15.997016316562172), np.float64(4.506202124339303), np.float64(32.53991438306452)]","[np.float64(-0.0), np.float64(31.981382881010525), np.float64(-1579.9736354989261), np.float64(-33.06655654433075), np.float64(-45.572353569937434), np.float64(-30.001256728117873), np.float64(137.21846808979424)]",3865.9138247270475
114,100,9,"[np.float64(-2.8796409701215e-19), np.float64(7.527167624053745e-07), np.float64(0.001130392680444865), np.float64(-4.082067036919694e-06), np.float64(-3.020925064157869e-06), np.float64(-2.6964824259688698e-06), np.float64(-2.5478416186717886e-06)]","[np.float64(-0.0), np.float64(0.00023959639872713417), np.float64(0.17990521523257505), np.float64(-0.0004331079403709227), np.float64(-0.00024038492418091868), np.float64(-0.00017164928384013906), np.float64(-0.00013515118700212564)]","[np.float64(66.45497047244093), np.float64(85.03249129604438), np.float64(-3864.942886645782), np.float64(-49.597007100827845), np.float64(-30.183828148079698), np.float64(-1.1888166355324061), np.float64(-230.06538427387818)]","[np.float64(-0.0), np.float64(-19.47122726256592), np.float64(2000.1031193990093), np.float64(46.530381025778944), np.float64(13.441437444885308), np.float64(21.91749267205978), np.float64(-92.33301079153422)]",5054.374500726614
115,100,0,"[np.float64(0.0), np.float64(0.0), np.float64(0.0), np.float64(0.0), np.float64(0.0), np.float64(0.0), np.float64(0.0)]","[np.float64(-0.0), np.float64(-0.0), np.float64(-0.0), np.float64(-0.0), np.float64(-0.0), np.float64(-0.0), np.float64(-0.0)]","[np.float64(2.2364665354330717), np.float64(-0.76228014805886), np.float64(-3.433734670061748), np.float64(-7.004645617015294), np.float64(-6.265408346732594), np.float64(-8.084819648945848), np.float64(3.021522770268275)]","[np.float64(-0.0), np.float64(-8.878199338880613), np.float64(-0.2843335617063067), np.float64(7.214625576884304), np.float64(4.479776702069113), np.float64(2.7638218699854593), np.float64(-8.88276418932595)]",2109.496533532295
116,100,6,"[np.float64(-7.346553920761778e-19), np.float64(5.018111749367513e-07), np.float64(0.0007535951202965767), np.float64(-2.721378024612088e-06), np.float64(-2.0139500427716715e-06), np.float64(-1.7976549506457678e-06), np.float64(-1.698561079114549e-06)]","[np.float64(-0.0), np.float64(0.00015973093248475585), np.float64(0.11993681015505003), np.float64(-0.0002887386269139493), np.float64(-0.00016025661612061197), np.float64(-0.00011443285589342622), np.float64(-9.010079133475062e-05)]","[np.float64(79.2396653543307), np.float64(84.20611004282988), np.float64(-3740.8692877137278), np.float64(-76.54555277424484), np.float64(-5.8546900128554045), np.float64(-15.061479603220512), np.float64(-28.395450874207295)]","[np.float64(-0.0), np.float64(-6.640406527581456), np.float64(588.4829723715249), np.float64(16.365951724221688), np.float64(6.309930186885112), np.float64(1.799870292151979), np.float64(-58.61609548773354)]",4491.443442589528
117,100,3,"[np.float64(-3.673276960380889e-19), np.float64(2.5090558746837565e-07), np.float64(0.0003767975601482883), np.float64(-1.360689012306044e-06), np.float64(-1.0069750213858358e-06), np.float64(-8.988274753228839e-07), np.float64(-8.492805395572745e-07)]","[np.float64(-0.0), np.float64(7.986546624237793e-05), np.float64(0.05996840507752502), np.float64(-0.00014436931345697464), np.float64(-8.012830806030599e-05), np.float64(-5.721642794671311e-05), np.float64(-4.505039566737531e-05)]","[np.float64(-26.344734251968497), np.float64(-36.03820654580185), np.float64(1443.5122406498497), np.float64(34.229127850075734), np.float64(20.997064542940958), np.float64(-6.651923772937961), np.float64(48.297548320760335)]","[np.float64(-0.0), np.float64(14.011439974587711), np.float64(-1081.3555279064863), np.float64(-24.47705307687419), np.float64(-45.35763890109359), np.float64(-4.605902961209875), np.float64(-2.2012996897838533)]",4708.369485610988
118,100,2,"[np.float64(-2.1640675362810668e-19), np.float64(1.6727039164575677e-07), np.float64(0.0002511983734321924), np.float64(-9.071260082039876e-07), np.float64(-6.713166809239348e-07), np.float64(-5.99218316882044e-07), np.float64(-5.661870263714668e-07)]","[np.float64(-0.0), np.float64(5.324364416158501e-05), np.float64(0.03997893671835001), np.float64(-9.624620897131685e-05), np.float64(-5.341887204020396e-05), np.float64(-3.8144285297808835e-05), np.float64(-3.0033597111583528e-05)]","[np.float64(18.38139763779526), np.float64(15.866257879764502), np.float64(-843.5978077424402), np.float64(-10.962316793610004), np.float64(-4.582476637546728), np.float64(-3.784902136566232), np.float64(-29.223032319149002)]","[np.float64(-0.0), np.float64(-11.899133500003368), np.float64(809.1449412209826), np.float64(7.7186159646293016), np.float64(6.903521859763219), np.float64(-0.0383962062528517), np.float64(5.712748114731005)]",6003.527730135339
119,100,7,"[np.float64(2.0122792321330963e-19), np.float64(5.854463707599675e-07), np.float64(0.000879194307012673), np.float64(-3.174941028715298e-06), np.float64(-2.3496083832344464e-06), np.float64(-2.0972641090874116e-06), np.float64(-1.9816545923001597e-06)]","[np.float64(-0.0), np.float64(0.00018635275456554777), np.float64(0.13992627851422507), np.float64(-0.000336861731399608), np.float64(-0.00018696605214071376), np.float64(-0.00013350499854233045), np.float64(-0.00010511758989054277)]","[np.float64(-31.387795275590555), np.float64(-62.84043458796541), np.float64(2364.0160781906256), np.float64(19.44894205686215), np.float64(-7.935747124085923), np.float64(3.174794158468236), np.float64(147.5605792591115)]","[np.float64(-0.0), np.float64(36.45067416269233), np.float64(-3567.5010275845843), np.float64(-80.33848149506211), np.float64(-45.94372551349125), np.float64(-35.57993187090357), np.float64(-89.89904646735819)]",5908.6974565839855
120,100,1,"[np.float64(-1.0820337681405334e-19), np.float64(8.363519582287839e-08), np.float64(0.0001255991867160962), np.float64(-4.535630041019938e-07), np.float64(-3.356583404619674e-07), np.float64(-2.99609158441022e-07), np.float64(-2.830935131857334e-07)]","[np.float64(-0.0), np.float64(2.6621822080792506e-05), np.float64(0.019989468359175006), np.float64(-4.812310448565843e-05), np.float64(-2.670943602010198e-05), np.float64(-1.9072142648904417e-05), np.float64(-1.5016798555791764e-05)]","[np.float64(25.792322834645667), np.float64(5.242885233773073), np.float64(-257.77176053543855), np.float64(1.0909346540209508), np.float64(0.493152901883318), np.float64(7.149028389141763), np.float64(-13.770497130808668)]","[np.float64(-0.0), np.float64(-15.297639046080908), np.float64(487.51659226199257), np.float64(12.700736758265945), np.float64(3.0999195926216787), np.float64(5.943815997353175), np.float64(11.442338077979251)]",3642.3844100234255
121,100,7,"[np.float64(2.0122792321330963e-19), np.float64(5.854463707599675e-07), np.float64(0.000879194307012673), np.float64(-3.174941028715298e-06), np.float64(-2.3496083832344464e-06), np.float64(-2.0972641090874116e-06), np.float64(-1.9816545923001597e-06)]","[np.float64(-0.0), np.float64(0.00018635275456554777), np.float64(0.13992627851422507), np.float64(-0.000336861731399608), np.float64(-0.00018696605214071376), np.float64(-0.00013350499854233045), np.float64(-0.00010511758989054277)]","[np.float64(-15.404773622047266), np.float64(-11.795073388681864), np.float64(1026.1749632683527), np.float64(37.82573201581236), np.float64(-0.006091385798712394), np.float64(8.707251702096922), np.float64(20.50823047508447)]","[np.float64(-0.0), np.float64(61.46084518943931), np.float64(-4179.170220222854), np.float64(-96.34501308049995), np.float64(-44.27807383597367), np.float64(-30.225098374362307), np.float64(-198.8564989405806)]",6898.198769759751
122,100,3,"[np.float64(-3.673276960380889e-19), np.float64(2.5090558746837565e-07), np.float64(0.0003767975601482883), np.float64(-1.360689012306044e-06), np.float64(-1.0069750213858358e-06), np.float64(-8.988274753228839e-07), np.float64(-8.492805395572745e-07)]","[np.float64(-0.0), np.float64(7.986546624237793e-05), np.float64(0.05996840507752502), np.float64(-0.00014436931345697464), np.float64(-8.012830806030599e-05), np.float64(-5.721642794671311e-05), np.float64(-4.505039566737531e-05)]","[np.float64(23.842765748031482), np.float64(-3.6561491341088996), np.float64(73.98827385284213), np.float64(-11.335044409153925), np.float64(-22.56076598347898), np.float64(0.19144812128810373), np.float64(24.547836452781826)]","[np.float64(-0.0), np.float64(-35.90554157928445), np.float64(1807.7521260554083), np.float64(33.49364854601561), np.float64(22.29722142347541), np.float64(8.036143614508214), np.float64(25.599019698379674)]",5055.744792481868
123,100,4,"[np.float64(-4.3281350725621337e-19), np.float64(3.3454078329151355e-07), np.float64(0.0005023967468643848), np.float64(-1.8142520164079753e-06), np.float64(-1.3426333618478697e-06), np.float64(-1.198436633764088e-06), np.float64(-1.1323740527429335e-06)]","[np.float64(-0.0), np.float64(0.00010648728832317003), np.float64(0.07995787343670002), np.float64(-0.0001924924179426337), np.float64(-0.00010683774408040792), np.float64(-7.628857059561767e-05), np.float64(-6.0067194223167056e-05)]","[np.float64(-5.385088582677165), np.float64(-11.731007253147025), np.float64(547.9209995306272), np.float64(11.192414733707407), np.float64(-22.50323917079481), np.float64(1.1848003310384443), np.float64(-7.768146464423029)]","[np.float64(-0.0), np.float64(42.80179829817007), np.float64(-2416.9646459817113), np.float64(-43.35409057562155), np.float64(-42.397386866250486), np.float64(-23.824662756784985), np.float64(-50.00319478528811)]",5610.381701235473
124,100,6,"[np.float64(-7.346553920761778e-19), np.float64(5.018111749367513e-07), np.float64(0.0007535951202965767), np.float64(-2.721378024612088e-06), np.float64(-2.0139500427716715e-06), np.float64(-1.7976549506457678e-06), np.float64(-1.698561079114549e-06)]","[np.float64(-0.0), np.float64(0.00015973093248475585), np.float64(0.11993681015505003), np.float64(-0.0002887386269139493), np.float64(-0.00016025661612061197), np.float64(-0.00011443285589342622), np.float64(-9.010079133475062e-05)]","[np.float64(36.01058070866141), np.float64(14.00638938154195), np.float64(-487.2473526306703), np.float64(-2.1709413615707995), np.float64(-35.884625352545704), np.float64(7.108870455570193), np.float64(74.46238669395181)]","[np.float64(-0.0), np.float64(-48.80775358360345), np.float64(3801.224098813146), np.float64(89.38855774809423), np.float64(49.95968017694945), np.float64(37.541326022558), np.float64(54.328219413941476)]",7564.969969676407
125,100,9,"[np.float64(-2.8796409701215e-19), np.float64(7.527167624053745e-07), np.float64(0.001130392680444865), np.float64(-4.082067036919694e-06), np.float64(-3.020925064157869e-06), np.float64(-2.6964824259688698e-06), np.float64(-2.5478416186717886e-06)]","[np.float64(-0.0), np.float64(0.00023959639872713417), np.float64(0.17990521523257505), np.float64(-0.0004331079403709227), np.float64(-0.00024038492418091868), np.float64(-0.00017164928384013906), np.float64(-0.00013515118700212564)]","[np.float64(6.809793307086624), np.float64(38.19099040881297), np.float64(-1210.1728848093887), np.float64(-17.529679776675838), np.float64(-5.802690040777119), np.float64(5.164624172117852), np.float64(-247.37169347226435)]","[np.float64(-0.0), np.float64(54.26141784584564), np.float64(-4219.338445581883), np.float64(-101.34340356277306), np.float64(-29.44766287766665), np.float64(-50.7783463976832), np.float64(83.04453070240983)]",6697.160789357571
126,100,1,"[np.float64(-1.0820337681405334e-19), np.float64(8.363519582287839e-08), np.float64(0.0001255991867160962), np.float64(-4.535630041019938e-07), np.float64(-3.356583404619674e-07), np.float64(-2.99609158441022e-07), np.float64(-2.830935131857334e-07)]","[np.float64(-0.0), np.float64(2.6621822080792506e-05), np.float64(0.019989468359175006), np.float64(-4.812310448565843e-05), np.float64(-2.670943602010198e-05), np.float64(-1.9072142648904417e-05), np.float64(-1.5016798555791764e-05)]","[np.float64(20.063730314960633), np.float64(-4.249176751419965), np.float64(219.93518193778232), np.float64(1.3013700879164525), np.float64(-6.888672661963383), np.float64(-5.544950697268469), np.float64(22.913863730705145)]","[np.float64(-0.0), np.float64(-12.6614132542818), np.float64(499.1323702772834), np.float64(18.04976480117316), np.float64(17.880429475967492), np.float64(8.10025746649789), np.float64(4.750239111078797)]",4349.062170617716
127,100,9,"[np.float64(-2.8796409701215e-19), np.float64(7.527167624053745e-07), np.float64(0.001130392680444865), np.float64(-4.082067036919694e-06), np.float64(-3.020925064157869e-06), np.float64(-2.6964824259688698e-06), np.float64(-2.5478416186717886e-06)]","[np.float64(-0.0), np.float64(0.00023959639872713417), np.float64(0.17990521523257505), np.float64(-0.0004331079403709227), np.float64(-0.00024038492418091868), np.float64(-0.00017164928384013906), np.float64(-0.00013515118700212564)]","[np.float64(1.9045275590551274), np.float64(12.917298622406266), np.float64(-418.94642990329163), np.float64(-12.49612657711706), np.float64(1.1421362729598392), np.float64(21.01993822576681), np.float64(-269.2207521560507)]","[np.float64(-0.0), np.float64(54.097023037682725), np.float64(-4364.433107135345), np.float64(-108.42114376262596), np.float64(-33.64182213046862), np.float64(-46.07816125687913), np.float64(-48.48272615167953)]",7985.660000234367
128,100,7,"[np.float64(2.0122792321330963e-19), np.float64(5.854463707599675e-07), np.float64(0.000879194307012673), np.float64(-3.174941028715298e-06), np.float64(-2.3496083832344464e-06), np.float64(-2.0972641090874116e-06), np.float64(-1.9816545923001597e-06)]","[np.float64(-0.0), np.float64(0.00018635275456554777), np.float64(0.13992627851422507), np.float64(-0.000336861731399608), np.float64(-0.00018696605214071376), np.float64(-0.00013350499854233045), np.float64(-0.00010511758989054277)]","[np.float64(-3.159694881889752), np.float64(11.280830099394032), np.float64(-394.2565635372661), np.float64(-10.190563824265004), np.float64(-27.09852868818632), np.float64(1.4477772525194164), np.float64(56.05183729284532)]","[np.float64(-0.0), np.float64(-66.96215777684323), np.float64(4280.468425960025), np.float64(98.32791981943765), np.float64(54.53699119644465), np.float64(22.820077352879338), np.float64(196.65587511602143)]",6350.398667863544
129,100,0,"[np.float64(0.0), np.float64(0.0), np.float64(0.0), np.float64(0.0), np.float64(0.0), np.float64(0.0), np.float64(0.0)]","[np.float64(-0.0), np.float64(-0.0), np.float64(-0.0), np.float64(-0.0), np.float64(-0.0), np.float64(-0.0), np.float64(-0.0)]","[np.float64(-1.6085137795275555), np.float64(0.6789723074034139), np.float64(-5.909850244398408), np.float64(4.026097771306402), np.float64(-0.23569563893635018), np.float64(-3.5476420425137256), np.float64(-3.609605425397729)]","[np.float64(-0.0), np.float64(-12.002369287915897), np.float64(-9.704268206490024), np.float64(4.734082286829275), np.float64(3.4750318235866637), np.float64(-6.385321302489427), np.float64(6.42464385612758)]",1667.0161803075725
130,100,1,"[np.float64(-1.0820337681405334e-19), np.float64(8.363519582287839e-08), np.float64(0.0001255991867160962), np.float64(-4.535630041019938e-07), np.float64(-3.356583404619674e-07), np.float64(-2.99609158441022e-07), np.float64(-2.830935131857334e-07)]","[np.float64(-0.0), np.float64(2.6621822080792506e-05), np.float64(0.019989468359175006), np.float64(-4.812310448565843e-05), np.float64(-2.670943602010198e-05), np.float64(-1.9072142648904417e-05), np.float64(-1.5016798555791764e-05)]","[np.float64(0.3503937007874074), np.float64(-15.367629855792588), np.float64(201.16505477005174), np.float64(-0.2517938242351174), np.float64(5.091782136977313), np.float64(9.405908486534422), np.float64(17.83031238530396)]","[np.float64(-0.0), np.float64(-9.24483996197868), np.float64(500.70895440694585), np.float64(11.867356442304175), np.float64(1.621877855568868), np.float64(9.238431558998037), np.float64(-0.11174166751898565)]",3213.3595925601553
131,100,6,"[np.float64(-7.346553920761778e-19), np.float64(5.018111749367513e-07), np.float64(0.0007535951202965767), np.float64(-2.721378024612088e-06), np.float64(-2.0139500427716715e-06), np.float64(-1.7976549506457678e-06), np.float64(-1.698561079114549e-06)]","[np.float64(-0.0), np.float64(0.00015973093248475585), np.float64(0.11993681015505003), np.float64(-0.0002887386269139493), np.float64(-0.00016025661612061197), np.float64(-0.00011443285589342622), np.float64(-9.010079133475062e-05)]","[np.float64(50.76451771653544), np.float64(34.84352628012053), np.float64(-1771.1580938916002), np.float64(-34.0716452417579), np.float64(-31.357543409603032), np.float64(-12.65301907917105), np.float64(-17.39219051200644)]","[np.float64(-0.0), np.float64(51.50985434349046), np.float64(-3383.243042941781), np.float64(-48.42432225985613), np.float64(-14.81348696306828), np.float64(-23.333121928339512), np.float64(43.9948340016033)]",6152.584212582379
132,100,1,"[np.float64(-1.0820337681405334e-19), np.float64(8.363519582287839e-08), np.float64(0.0001255991867160962), np.float64(-4.535630041019938e-07), np.float64(-3.356583404619674e-07), np.float64(-2.99609158441022e-07), np.float64(-2.830935131857334e-07)]","[np.float64(-0.0), np.float64(2.6621822080792506e-05), np.float64(0.019989468359175006), np.float64(-4.812310448565843e-05), np.float64(-2.670943602010198e-05), np.float64(-1.9072142648904417e-05), np.float64(-1.5016798555791764e-05)]","[np.float64(30.54601377952756), np.float64(-9.70862588480093), np.float64(299.04965244903764), np.float64(2.173151680320636), np.float64(5.604598332741942), np.float64(2.7953992317345686), np.float64(1.9102348435043495)]","[np.float64(-0.0), np.float64(-10.963583190115177), np.float64(462.62457412328416), np.float64(12.926146409132755), np.float64(4.784515958281636), np.float64(6.829460920269318), np.float64(-12.541449274565723)]",4002.1591036603595
133,100,1,"[np.float64(-1.0820337681405334e-19), np.float64(8.363519582287839e-08), np.float64(0.0001255991867160962), np.float64(-4.535630041019938e-07), np.float64(-3.356583404619674e-07), np.float64(-2.99609158441022e-07), np.float64(-2.830935131857334e-07)]","[np.float64(-0.0), np.float64(2.6621822080792506e-05), np.float64(0.019989468359175006), np.float64(-4.812310448565843e-05), np.float64(-2.670943602010198e-05), np.float64(-1.9072142648904417e-05), np.float64(-1.5016798555791764e-05)]","[np.float64(18.80191929133858), np.float64(6.348469765681151), np.float64(-435.42586035448596), np.float64(-5.664329533569424), np.float64(14.92133622115468), np.float64(12.164802241198307), np.float64(2.5017562124349335)]","[np.float64(-0.0), np.float64(-3.0442640242036076), np.float64(-333.46123950347027), np.float64(-10.42197146774968), np.float64(-12.76061231402003), np.float64(-9.63446694270205), np.float64(-2.5424408180858142)]",8303.686065966202
134,100,4,"[np.float64(-4.3281350725621337e-19), np.float64(3.3454078329151355e-07), np.float64(0.0005023967468643848), np.float64(-1.8142520164079753e-06), np.float64(-1.3426333618478697e-06), np.float64(-1.198436633764088e-06), np.float64(-1.1323740527429335e-06)]","[np.float64(-0.0), np.float64(0.00010648728832317003), np.float64(0.07995787343670002), np.float64(-0.0001924924179426337), np.float64(-0.00010683774408040792), np.float64(-7.628857059561767e-05), np.float64(-6.0067194223167056e-05)]","[np.float64(14.676673228346472), np.float64(-11.392555550636072), np.float64(491.84289897961236), np.float64(-12.277642497327887), np.float64(-3.948826903348325), np.float64(0.6577687480457793), np.float64(43.795656939494556)]","[np.float64(-0.0), np.float64(-29.633888733965364), np.float64(2424.880500802978), np.float64(59.53334475726831), np.float64(54.372559003346005), np.float64(24.943320283444265), np.float64(-3.732447279313243)]",7832.577658922818
135,100,4,"[np.float64(-4.3281350725621337e-19), np.float64(3.3454078329151355e-07), np.float64(0.0005023967468643848), np.float64(-1.8142520164079753e-06), np.float64(-1.3426333618478697e-06), np.float64(-1.198436633764088e-06), np.float64(-1.1323740527429335e-06)]","[np.float64(-0.0), np.float64(0.00010648728832317003), np.float64(0.07995787343670002), np.float64(-0.0001924924179426337), np.float64(-0.00010683774408040792), np.float64(-7.628857059561767e-05), np.float64(-6.0067194223167056e-05)]","[np.float64(37.1126968503937), np.float64(25.796370663331402), np.float64(-1138.7784795860052), np.float64(-11.299564892135148), np.float64(-3.68353821568912), np.float64(2.5498964593409137), np.float64(-22.49342347505697)]","[np.float64(-0.0), np.float64(40.97249620037639), np.float64(-2202.7189611995946), np.float64(-39.27182457771076), np.float64(-3.574822102408687), np.float64(-26.786602071221154), np.float64(27.131270599670177)]",5144.751300610271
136,100,0,"[np.float64(0.0), np.float64(0.0), np.float64(0.0), np.float64(0.0), np.float64(0.0), np.float64(0.0), np.float64(0.0)]","[np.float64(-0.0), np.float64(-0.0), np.float64(-0.0), np.float64(-0.0), np.float64(-0.0), np.float64(-0.0), np.float64(-0.0)]","[np.float64(20.056594488188974), np.float64(2.595568228147921), np.float64(-0.049933707414877064), np.float64(3.220396186768538), np.float64(1.3155097569442424), np.float64(7.137283714981142), np.float64(1.786193523762181)]","[np.float64(-0.0), np.float64(-4.792125143586785), np.float64(0.7601359178502071), np.float64(-2.7781539391720442), np.float64(-10.07403377524726), np.float64(3.434940146416073), np.float64(8.332375141997874)]",3489.7403939550336
137,100,2,"[np.float64(-2.1640675362810668e-19), np.float64(1.6727039164575677e-07), np.float64(0.0002511983734321924), np.float64(-9.071260082039876e-07), np.float64(-6.713166809239348e-07), np.float64(-5.99218316882044e-07), np.float64(-5.661870263714668e-07)]","[np.float64(-0.0), np.float64(5.324364416158501e-05), np.float64(0.03997893671835001), np.float64(-9.624620897131685e-05), np.float64(-5.341887204020396e-05), np.float64(-3.8144285297808835e-05), np.float64(-3.0033597111583528e-05)]","[np.float64(20.337598425196845), np.float64(4.799255687369132), np.float64(-426.34017149265543), np.float64(-12.207438862296177), np.float64(-17.080113968842664), np.float64(-1.837558390728938), np.float64(-23.247909197699297)]","[np.float64(-0.0), np.float64(6.7286624961648025), np.float64(-1089.7163935831838), np.float64(-31.600497458563463), np.float64(-9.070767941205853), np.float64(-15.090045381869777), np.float64(-6.681799088829292)]",14412.296090912256
138,100,8,"[np.float64(-8.656270145124267e-19), np.float64(6.690815665830271e-07), np.float64(0.0010047934937287696), np.float64(-3.6285040328159505e-06), np.float64(-2.6852667236957393e-06), np.float64(-2.396873267528176e-06), np.float64(-2.264748105485867e-06)]","[np.float64(-0.0), np.float64(0.00021297457664634005), np.float64(0.15991574687340004), np.float64(-0.0003849848358852674), np.float64(-0.00021367548816081584), np.float64(-0.00015257714119123534), np.float64(-0.00012013438844633411)]","[np.float64(-41.08021653543308), np.float64(-65.28186381799644), np.float64(1976.2382055809464), np.float64(22.3340140998926), np.float64(21.150170303545178), np.float64(-4.450195910273838), np.float64(274.90987989458137)]","[np.float64(-0.0), np.float64(-44.59711605938029), np.float64(3972.820693833351), np.float64(96.25042259819006), np.float64(71.11194499682111), np.float64(48.839786851972164), np.float64(-90.5345380100614)]",5651.691080986468
139,100,0,"[np.float64(0.0), np.float64(0.0), np.float64(0.0), np.float64(0.0), np.float64(0.0), np.float64(0.0), np.float64(0.0)]","[np.float64(-0.0), np.float64(-0.0), np.float64(-0.0), np.float64(-0.0), np.float64(-0.0), np.float64(-0.0), np.float64(-0.0)]","[np.float64(-0.769192913385826), np.float64(7.276458716883781), np.float64(11.060041058998198), np.float64(-1.1897156070711654), np.float64(-1.10274326493016), np.float64(-1.8088580450163678), np.float64(-15.168907366864879)]","[np.float64(-0.0), np.float64(4.87517191801313), np.float64(0.4453468661202423), np.float64(-0.4230166077651097), np.float64(6.162031873853471), np.float64(13.576577811137122), np.float64(0.39607504055684056)]",2354.2865785580234
140,100,9,"[np.float64(-2.8796409701215e-19), np.float64(7.527167624053745e-07), np.float64(0.001130392680444865), np.float64(-4.082067036919694e-06), np.float64(-3.020925064157869e-06), np.float64(-2.6964824259688698e-06), np.float64(-2.5478416186717886e-06)]","[np.float64(-0.0), np.float64(0.00023959639872713417), np.float64(0.17990521523257505), np.float64(-0.0004331079403709227), np.float64(-0.00024038492418091868), np.float64(-0.00017164928384013906), np.float64(-0.00013515118700212564)]","[np.float64(-72.58587598425197), np.float64(-92.20102897127954), np.float64(3353.4949216585223), np.float64(50.0354637261812), np.float64(43.866142451866885), np.float64(2.9329532153538755), np.float64(-175.00976576727047)]","[np.float64(-0.0), np.float64(-49.193507424342776), np.float64(2785.6894685739726), np.float64(59.081238532610705), np.float64(35.14150102405391), np.float64(36.20359479918063), np.float64(-177.89919142984675)]",4227.454582104764
141,100,6,"[np.float64(-7.346553920761778e-19), np.float64(5.018111749367513e-07), np.float64(0.0007535951202965767), np.float64(-2.721378024612088e-06), np.float64(-2.0139500427716715e-06), np.float64(-1.7976549506457678e-06), np.float64(-1.698561079114549e-06)]","[np.float64(-0.0), np.float64(0.00015973093248475585), np.float64(0.11993681015505003), np.float64(-0.0002887386269139493), np.float64(-0.00016025661612061197), np.float64(-0.00011443285589342622), np.float64(-9.010079133475062e-05)]","[np.float64(74.30290354330711), np.float64(53.56560534166293), np.float64(-2664.786277195277), np.float64(-49.47167397725395), np.float64(-23.39995628173858), np.float64(-5.628231825303356), np.float64(48.49636797697013)]","[np.float64(-0.0), np.float64(27.173714186321), np.float64(-2732.970774641583), np.float64(-68.71553392953645), np.float64(-9.321314884330764), np.float64(-35.498997722004106), np.float64(39.184673520901335)]",6367.373777259
142,100,8,"[np.float64(-8.656270145124267e-19), np.float64(6.690815665830271e-07), np.float64(0.0010047934937287696), np.float64(-3.6285040328159505e-06), np.float64(-2.6852667236957393e-06), np.float64(-2.396873267528176e-06), np.float64(-2.264748105485867e-06)]","[np.float64(-0.0), np.float64(0.00021297457664634005), np.float64(0.15991574687340004), np.float64(-0.0003849848358852674), np.float64(-0.00021367548816081584), np.float64(-0.00015257714119123534), np.float64(-0.00012013438844633411)]","[np.float64(-89.02509842519686), np.float64(-99.56684248474006), np.float64(3321.514000042326), np.float64(34.14099839567122), np.float64(32.98190317905382), np.float64(13.113532345240401), np.float64(-4.494541937538215)]","[np.float64(-0.0), np.float64(-28.554751549216306), np.float64(2916.4668145845767), np.float64(73.09240891044745), np.float64(61.49531448165323), np.float64(36.27968801695668), np.float64(-283.6527259263583)]",4296.79584194753
143,100,0,"[np.float64(0.0), np.float64(0.0), np.float64(0.0), np.float64(0.0), np.float64(0.0), np.float64(0.0), np.float64(0.0)]","[np.float64(-0.0), np.float64(-0.0), np.float64(-0.0), np.float64(-0.0), np.float64(-0.0), np.float64(-0.0), np.float64(-0.0)]","[np.float64(5.80216535433071), np.float64(4.984321310722853), np.float64(-6.824000800159489), np.float64(4.738434030299766), np.float64(3.9860692087774074), np.float64(5.232814157990664), np.float64(5.659113745501446)]","[np.float64(-0.0), np.float64(-6.298496030181164), np.float64(0.24918606401797844), np.float64(5.023529216752108), np.float64(-13.128711664220857), np.float64(-3.815383613810072), np.float64(0.022793316682409567)]",2315.2028711098533
144,100,6,"[np.float64(-7.346553920761778e-19), np.float64(5.018111749367513e-07), np.float64(0.0007535951202965767), np.float64(-2.721378024612088e-06), np.float64(-2.0139500427716715e-06), np.float64(-1.7976549506457678e-06), np.float64(-1.698561079114549e-06)]","[np.float64(-0.0), np.float64(0.00015973093248475585), np.float64(0.11993681015505003), np.float64(-0.0002887386269139493), np.float64(-0.00016025661612061197), np.float64(-0.00011443285589342622), np.float64(-9.010079133475062e-05)]","[np.float64(10.1658464566929), np.float64(0.945830969163746), np.float64(477.681674431662), np.float64(22.048353771219336), np.float64(-24.09272603739773), np.float64(1.884745517019731), np.float64(77.94499338855708)]","[np.float64(-0.0), np.float64(-56.30360854912551), np.float64(3796.321826829613), np.float64(95.80639312001968), np.float64(58.65157310440681), np.float64(28.209724056073636), np.float64(11.259783060336318)]",6809.622282315318
145,100,3,"[np.float64(-3.673276960380889e-19), np.float64(2.5090558746837565e-07), np.float64(0.0003767975601482883), np.float64(-1.360689012306044e-06), np.float64(-1.0069750213858358e-06), np.float64(-8.988274753228839e-07), np.float64(-8.492805395572745e-07)]","[np.float64(-0.0), np.float64(7.986546624237793e-05), np.float64(0.05996840507752502), np.float64(-0.00014436931345697464), np.float64(-8.012830806030599e-05), np.float64(-5.721642794671311e-05), np.float64(-4.505039566737531e-05)]","[np.float64(21.676181102362207), np.float64(21.811959400104843), np.float64(-1002.9631272969078), np.float64(-14.017835897102378), np.float64(-6.502047461399812), np.float64(0.018596827871105687), np.float64(-15.123602351640924)]","[np.float64(-0.0), np.float64(15.654670276935233), np.float64(-1518.044636299176), np.float64(-45.843521099476725), np.float64(5.079114882074958), np.float64(-16.286302862470198), np.float64(12.350799617117833)]",6824.236611513651
146,100,2,"[np.float64(-2.1640675362810668e-19), np.float64(1.6727039164575677e-07), np.float64(0.0002511983734321924), np.float64(-9.071260082039876e-07), np.float64(-6.713166809239348e-07), np.float64(-5.99218316882044e-07), np.float64(-5.661870263714668e-07)]","[np.float64(-0.0), np.float64(5.324364416158501e-05), np.float64(0.03997893671835001), np.float64(-9.624620897131685e-05), np.float64(-5.341887204020396e-05), np.float64(-3.8144285297808835e-05), np.float64(-3.0033597111583528e-05)]","[np.float64(4.5418307086614105), np.float64(-21.244078154313733), np.float64(703.2481622916561), np.float64(8.786734505084505), np.float64(3.3277497076925284), np.float64(13.091521179801093), np.float64(2.9457763773028023)]","[np.float64(-0.0), np.float64(-17.393718061870995), np.float64(943.2996081922148), np.float64(37.381317135465395), np.float64(29.343683684495577), np.float64(9.433528165007107), np.float64(-20.506513936700212)]",4367.34423373453
147,100,5,"[np.float64(-3.7990444123892075e-19), np.float64(4.181759791142955e-07), np.float64(0.0006279959335804808), np.float64(-2.2678150205096326e-06), np.float64(-1.6782917023104116e-06), np.float64(-1.498045792204946e-06), np.float64(-1.415467565928374e-06)]","[np.float64(-0.0), np.float64(0.00013310911040396273), np.float64(0.09994734179587504), np.float64(-0.00024061552242829194), np.float64(-0.00013354718010050965), np.float64(-9.536071324452198e-05), np.float64(-7.50839927789592e-05)]","[np.float64(45.57849409448819), np.float64(24.823574639848903), np.float64(-1440.8609748734184), np.float64(-31.262103203166784), np.float64(-24.82954463551258), np.float64(-2.0454391582181595), np.float64(-21.90183594999896)]","[np.float64(-0.0), np.float64(47.032436480099406), np.float64(-2810.180417855756), np.float64(-52.44717055605199), np.float64(-25.725366832942257), np.float64(-10.569818029117243), np.float64(34.03937755084475)]",5955.183816550473
148,100,3,"[np.float64(-3.673276960380889e-19), np.float64(2.5090558746837565e-07), np.float64(0.0003767975601482883), np.float64(-1.360689012306044e-06), np.float64(-1.0069750213858358e-06), np.float64(-8.988274753228839e-07), np.float64(-8.492805395572745e-07)]","[np.float64(-0.0), np.float64(7.986546624237793e-05), np.float64(0.05996840507752502), np.float64(-0.00014436931345697464), np.float64(-8.012830806030599e-05), np.float64(-5.721642794671311e-05), np.float64(-4.505039566737531e-05)]","[np.float64(-8.73129921259843), np.float64(-17.883669311452227), np.float64(773.6347045543387), np.float64(23.158025785347622), np.float64(7.234063405652874), np.float64(0.19232260150220054), np.float64(11.550419470390505)]","[np.float64(-0.0), np.float64(-31.882038710200288), np.float64(1638.70246561321), np.float64(37.49068591721261), np.float64(38.28856540031217), np.float64(23.254492805489427), np.float64(-12.606608110683249)]",5000.766615043431
149,100,9,"[np.float64(-2.8796409701215e-19), np.float64(7.527167624053745e-07), np.float64(0.001130392680444865), np.float64(-4.082067036919694e-06), np.float64(-3.020925064157869e-06), np.float64(-2.6964824259688698e-06), np.float64(-2.5478416186717886e-06)]","[np.float64(-0.0), np.float64(0.00023959639872713417), np.float64(0.17990521523257505), np.float64(-0.0004331079403709227), np.float64(-0.00024038492418091868), np.float64(-0.00017164928384013906), np.float64(-0.00013515118700212564)]","[np.float64(45.110974409448815), np.float64(81.27391012837701), np.float64(-2991.4728854646787), np.float64(-57.16527463243886), np.float64(6.9338059348743935), np.float64(-13.453237673410156), np.float64(88.24279960769388)]","[np.float64(-0.0), np.float64(51.06402767766498), np.float64(-3182.7463920470987), np.float64(-74.76271252109227), np.float64(-29.68460730738757), np.float64(-36.7212893449084), np.float64(229.81215808951512)]",4612.201855979807
150,100,4,"[np.float64(-4.3281350725621337e-19), np.float64(3.3454078329151355e-07), np.float64(0.0005023967468643848), np.float64(-1.8142520164079753e-06), np.float64(-1.3426333618478697e-06), np.float64(-1.198436633764088e-06), np.float64(-1.1323740527429335e-06)]","[np.float64(-0.0), np.float64(0.00010648728832317003), np.float64(0.07995787343670002), np.float64(-0.0001924924179426337), np.float64(-0.00010683774408040792), np.float64(-7.628857059561767e-05), np.float64(-6.0067194223167056e-05)]","[np.float64(-27.40354330708661), np.float64(-41.57418440680201), np.float64(1932.7551123643811), np.float64(1.6429425055129396), np.float64(25.556867898054612), np.float64(23.352217045357452), np.float64(-12.60356444353802)]","[np.float64(-0.0), np.float64(-9.503332470853174), np.float64(1531.6708987238849), np.float64(45.712156773546006), np.float64(56.903517739980614), np.float64(22.872851399159916), np.float64(-17.62074557038022)]",5812.008810394884
151,100,5,"[np.float64(-3.7990444123892075e-19), np.float64(4.181759791142955e-07), np.float64(0.0006279959335804808), np.float64(-2.2678150205096326e-06), np.float64(-1.6782917023104116e-06), np.float64(-1.498045792204946e-06), np.float64(-1.415467565928374e-06)]","[np.float64(-0.0), np.float64(0.00013310911040396273), np.float64(0.09994734179587504), np.float64(-0.00024061552242829194), np.float64(-0.00013354718010050965), np.float64(-9.536071324452198e-05), np.float64(-7.50839927789592e-05)]","[np.float64(82.90255905511812), np.float64(78.12759871734698), np.float64(-3038.2533949705203), np.float64(-24.845905569784573), np.float64(5.957707973606107), np.float64(-12.724746355616533), np.float64(45.531880153826755)]","[np.float64(-0.0), np.float64(-2.8735209740791507), np.float64(-696.2303663413492), np.float64(-15.813544596146965), np.float64(-2.258100938668639), np.float64(-11.001662917425147), np.float64(-35.72032721448771)]",3997.2456255883085
152,100,9,"[np.float64(-2.8796409701215e-19), np.float64(7.527167624053745e-07), np.float64(0.001130392680444865), np.float64(-4.082067036919694e-06), np.float64(-3.020925064157869e-06), np.float64(-2.6964824259688698e-06), np.float64(-2.5478416186717886e-06)]","[np.float64(-0.0), np.float64(0.00023959639872713417), np.float64(0.17990521523257505), np.float64(-0.0004331079403709227), np.float64(-0.00024038492418091868), np.float64(-0.00017164928384013906), np.float64(-0.00013515118700212564)]","[np.float64(-101.04699803149607), np.float64(-111.29055367679851), np.float64(4177.469089781488), np.float64(69.22201305343177), np.float64(27.371429580326193), np.float64(17.570464366368483), np.float64(142.2933464276603)]","[np.float64(-0.0), np.float64(1.0715260204329402), np.float64(-1215.2994356038628), np.float64(-43.75576611143357), np.float64(-58.82109193048669), np.float64(-24.20851113784396), np.float64(207.97965333619098)]",3959.867027060083
153,100,2,"[np.float64(-2.1640675362810668e-19), np.float64(1.6727039164575677e-07), np.float64(0.0002511983734321924), np.float64(-9.071260082039876e-07), np.float64(-6.713166809239348e-07), np.float64(-5.99218316882044e-07), np.float64(-5.661870263714668e-07)]","[np.float64(-0.0), np.float64(5.324364416158501e-05), np.float64(0.03997893671835001), np.float64(-9.624620897131685e-05), np.float64(-5.341887204020396e-05), np.float64(-3.8144285297808835e-05), np.float64(-3.0033597111583528e-05)]","[np.float64(35.44020669291338), np.float64(31.76288213475948), np.float64(-1136.9169391083046), np.float64(-16.376660477991), np.float64(-16.343121002305498), np.float64(-11.594780711381205), np.float64(-12.769564474846124)]","[np.float64(-0.0), np.float64(-1.3097383106134202), np.float64(209.31255702779146), np.float64(9.741642831190225), np.float64(2.64437926179175), np.float64(1.397348734096617), np.float64(-18.896927518529974)]",3706.490983557704
154,100,2,"[np.float64(-2.1640675362810668e-19), np.float64(1.6727039164575677e-07), np.float64(0.0002511983734321924), np.float64(-9.071260082039876e-07), np.float64(-6.713166809239348e-07), np.float64(-5.99218316882044e-07), np.float64(-5.661870263714668e-07)]","[np.float64(-0.0), np.float64(5.324364416158501e-05), np.float64(0.03997893671835001), np.float64(-9.624620897131685e-05), np.float64(-5.341887204020396e-05), np.float64(-3.8144285297808835e-05), np.float64(-3.0033597111583528e-05)]","[np.float64(-33.413385826771666), np.float64(-34.07925190430651), np.float64(1157.8826315845758), np.float64(20.332513095146393), np.float64(16.900813246370216), np.float64(4.519825370080442), np.float64(-8.050676186760485)]","[np.float64(-0.0), np.float64(-3.350366998663292), np.float64(42.333324916092316), np.float64(-0.21173805699216108), np.float64(1.2108428580455508), np.float64(-5.084998874060408), np.float64(19.75316615186966)]",3453.620637872939
155,100,0,"[np.float64(0.0), np.float64(0.0), np.float64(0.0), np.float64(0.0), np.float64(0.0), np.float64(0.0), np.float64(0.0)]","[np.float64(-0.0), np.float64(-0.0), np.float64(-0.0), np.float64(-0.0), np.float64(-0.0), np.float64(-0.0), np.float64(-0.0)]","[np.float64(9.643946850393702), np.float64(-11.261335291095163), np.float64(5.782099978885918), np.float64(6.395368214980125), np.float64(-0.8557332061381199), np.float64(-12.25718348138558), np.float64(0.16253799713392578)]","[np.float64(-0.0), np.float64(3.796731795889335), np.float64(-2.9245746924521483), np.float64(-6.725254028218313), np.float64(5.952026690914354), np.float64(-2.765249925095524), np.float64(-8.362405749011375)]",1604.9543574804566
156,100,1,"[np.float64(-1.0820337681405334e-19), np.float64(8.363519582287839e-08), np.float64(0.0001255991867160962), np.float64(-4.535630041019938e-07), np.float64(-3.356583404619674e-07), np.float64(-2.99609158441022e-07), np.float64(-2.830935131857334e-07)]","[np.float64(-0.0), np.float64(2.6621822080792506e-05), np.float64(0.019989468359175006), np.float64(-4.812310448565843e-05), np.float64(-2.670943602010198e-05), np.float64(-1.9072142648904417e-05), np.float64(-1.5016798555791764e-05)]","[np.float64(19.57234251968504), np.float64(-12.5568227760581), np.float64(480.2694505621102), np.float64(6.774848804656599), np.float64(8.941344025356042), np.float64(2.214876401572582), np.float64(20.739267460719383)]","[np.float64(-0.0), np.float64(5.408620034152), np.float64(-273.1920672408965), np.float64(-9.677747847012254), np.float64(-12.362698553102637), np.float64(-1.9308896961206712), np.float64(15.616099753277853)]",4306.615310404461
157,100,2,"[np.float64(-2.1640675362810668e-19), np.float64(1.6727039164575677e-07), np.float64(0.0002511983734321924), np.float64(-9.071260082039876e-07), np.float64(-6.713166809239348e-07), np.float64(-5.99218316882044e-07), np.float64(-5.661870263714668e-07)]","[np.float64(-0.0), np.float64(5.324364416158501e-05), np.float64(0.03997893671835001), np.float64(-9.624620897131685e-05), np.float64(-5.341887204020396e-05), np.float64(-3.8144285297808835e-05), np.float64(-3.0033597111583528e-05)]","[np.float64(30.891732283464563), np.float64(34.88995891901382), np.float64(-1130.0147636746117), np.float64(-24.95276635594097), np.float64(9.68878950170503), np.float64(-7.780335674943555), np.float64(-2.271669396557575)]","[np.float64(-0.0), np.float64(6.346099956018998), np.float64(204.81010439424867), np.float64(-3.9487318278639667), np.float64(10.604023274669414), np.float64(4.844653478083676), np.float64(-17.954971058637028)]",3304.7585176135076
158,100,8,"[np.float64(-8.656270145124267e-19), np.float64(6.690815665830271e-07), np.float64(0.0010047934937287696), np.float64(-3.6285040328159505e-06), np.float64(-2.6852667236957393e-06), np.float64(-2.396873267528176e-06), np.float64(-2.264748105485867e-06)]","[np.float64(-0.0), np.float64(0.00021297457664634005), np.float64(0.15991574687340004), np.float64(-0.0003849848358852674), np.float64(-0.00021367548816081584), np.float64(-0.00015257714119123534), np.float64(-0.00012013438844633411)]","[np.float64(-95.58735236220473), np.float64(-97.4427066999331), np.float64(4195.16102401245), np.float64(70.03726398118383), np.float64(34.04101818628521), np.float64(15.789717079009213), np.float64(-10.839734871728444)]","[np.float64(-0.0), np.float64(16.659064869423325), np.float64(-1383.9016128493865), np.float64(-31.640557237915345), np.float64(-50.960824362444804), np.float64(-28.348632302704573), np.float64(286.7693797271903)]",4496.9024078671055
159,100,8,"[np.float64(-8.656270145124267e-19), np.float64(6.690815665830271e-07), np.float64(0.0010047934937287696), np.float64(-3.6285040328159505e-06), np.float64(-2.6852667236957393e-06), np.float64(-2.396873267528176e-06), np.float64(-2.264748105485867e-06)]","[np.float64(-0.0), np.float64(0.00021297457664634005), np.float64(0.15991574687340004), np.float64(-0.0003849848358852674), np.float64(-0.00021367548816081584), np.float64(-0.00015257714119123534), np.float64(-0.00012013438844633411)]","[np.float64(64.34498031496064), np.float64(89.98443402275703), np.float64(-4200.233889254611), np.float64(-62.46853396093296), np.float64(-36.31050564151678), np.float64(-13.941670311269947), np.float64(-2.9218556936436677)]","[np.float64(-0.0), np.float64(-17.404113064806012), np.float64(1366.6934008436563), np.float64(34.30949176578309), np.float64(0.06552053950948449), np.float64(27.41824281343622), np.float64(-288.15033570913937)]",4850.980544726001
160,100,1,"[np.float64(-1.0820337681405334e-19), np.float64(8.363519582287839e-08), np.float64(0.0001255991867160962), np.float64(-4.535630041019938e-07), np.float64(-3.356583404619674e-07), np.float64(-2.99609158441022e-07), np.float64(-2.830935131857334e-07)]","[np.float64(-0.0), np.float64(2.6621822080792506e-05), np.float64(0.019989468359175006), np.float64(-4.812310448565843e-05), np.float64(-2.670943602010198e-05), np.float64(-1.9072142648904417e-05), np.float64(-1.5016798555791764e-05)]","[np.float64(13.281496062992126), np.float64(-9.528575356992302), np.float64(396.0272832857297), np.float64(6.4644088243852185), np.float64(-4.78157643778648), np.float64(10.190651157419646), np.float64(21.342238267640177)]","[np.float64(-0.0), np.float64(-6.589693165645169), np.float64(-356.4086540723924), np.float64(5.118700545177144), np.float64(-6.437739493495268), np.float64(-13.7289042878185), np.float64(-12.20319335851363)]",4994.565935389378
161,100,3,"[np.float64(-3.673276960380889e-19), np.float64(2.5090558746837565e-07), np.float64(0.0003767975601482883), np.float64(-1.360689012306044e-06), np.float64(-1.0069750213858358e-06), np.float64(-8.988274753228839e-07), np.float64(-8.492805395572745e-07)]","[np.float64(-0.0), np.float64(7.986546624237793e-05), np.float64(0.05996840507752502), np.float64(-0.00014436931345697464), np.float64(-8.012830806030599e-05), np.float64(-5.721642794671311e-05), np.float64(-4.505039566737531e-05)]","[np.float64(27.68454724409449), np.float64(56.49596875799814), np.float64(-1658.6434065845906), np.float64(-28.201730238581067), np.float64(12.490781572152157), np.float64(-7.481845628005223), np.float64(-21.499279805280743)]","[np.float64(-0.0), np.float64(-18.818913778166927), np.float64(715.6259326130709), np.float64(25.926849522949457), np.float64(-16.134285538000032), np.float64(13.287642301008777), np.float64(-8.788515838439077)]",3055.976311966227
162,100,1,"[np.float64(-1.0820337681405334e-19), np.float64(8.363519582287839e-08), np.float64(0.0001255991867160962), np.float64(-4.535630041019938e-07), np.float64(-3.356583404619674e-07), np.float64(-2.99609158441022e-07), np.float64(-2.830935131857334e-07)]","[np.float64(-0.0), np.float64(2.6621822080792506e-05), np.float64(0.019989468359175006), np.float64(-4.812310448565843e-05), np.float64(-2.670943602010198e-05), np.float64(-1.9072142648904417e-05), np.float64(-1.5016798555791764e-05)]","[np.float64(11.878937007874017), np.float64(-10.239950372210561), np.float64(431.8932587662857), np.float64(2.884147185557272), np.float64(-2.7980425415833605), np.float64(-7.072172164215916), np.float64(8.95127330610156)]","[np.float64(-0.0), np.float64(-0.7174546553256851), np.float64(-330.8866820506301), np.float64(-3.7893934083288983), np.float64(-2.2696526406815063), np.float64(-2.1435776978616685), np.float64(-3.7602556547962234)]",5715.232612502271
163,100,5,"[np.float64(-3.7990444123892075e-19), np.float64(4.181759791142955e-07), np.float64(0.0006279959335804808), np.float64(-2.2678150205096326e-06), np.float64(-1.6782917023104116e-06), np.float64(-1.498045792204946e-06), np.float64(-1.415467565928374e-06)]","[np.float64(-0.0), np.float64(0.00013310911040396273), np.float64(0.09994734179587504), np.float64(-0.00024061552242829194), np.float64(-0.00013354718010050965), np.float64(-9.536071324452198e-05), np.float64(-7.50839927789592e-05)]","[np.float64(79.13041338582677), np.float64(74.07812944756719), np.float64(-2602.6075976132906), np.float64(-13.902256775904208), np.float64(-2.1649617319229773), np.float64(-15.894121070641487), np.float64(-57.4290157387333)]","[np.float64(-0.0), np.float64(-22.745760971100395), np.float64(1724.5337257646197), np.float64(29.435359920952468), np.float64(-6.818272593774437), np.float64(8.827337854183906), np.float64(21.1904841001716)]",4039.606426689248
164,100,3,"[np.float64(-3.673276960380889e-19), np.float64(2.5090558746837565e-07), np.float64(0.0003767975601482883), np.float64(-1.360689012306044e-06), np.float64(-1.0069750213858358e-06), np.float64(-8.988274753228839e-07), np.float64(-8.492805395572745e-07)]","[np.float64(-0.0), np.float64(7.986546624237793e-05), np.float64(0.05996840507752502), np.float64(-0.00014436931345697464), np.float64(-8.012830806030599e-05), np.float64(-5.721642794671311e-05), np.float64(-4.505039566737531e-05)]","[np.float64(3.2172736220472453), np.float64(-48.14848901481426), np.float64(1113.8075359404263), np.float64(14.17356365081659), np.float64(-4.349230036717593), np.float64(4.532159349558565), np.float64(25.767803027071157)]","[np.float64(-0.0), np.float64(25.656639467806308), np.float64(-1433.6388795059183), np.float64(-30.726483386530678), np.float64(-27.97547911785676), np.float64(-15.665430780331754), np.float64(-47.31991858014664)]",3358.290695044268
165,100,8,"[np.float64(-8.656270145124267e-19), np.float64(6.690815665830271e-07), np.float64(0.0010047934937287696), np.float64(-3.6285040328159505e-06), np.float64(-2.6852667236957393e-06), np.float64(-2.396873267528176e-06), np.float64(-2.264748105485867e-06)]","[np.float64(-0.0), np.float64(0.00021297457664634005), np.float64(0.15991574687340004), np.float64(-0.0003849848358852674), np.float64(-0.00021367548816081584), np.float64(-0.00015257714119123534), np.float64(-0.00012013438844633411)]","[np.float64(45.7782972440945), np.float64(92.1907610258671), np.float64(-2567.842459264624), np.float64(-30.162114009208963), np.float64(-24.45775675869939), np.float64(22.3801551423338), np.float64(-285.68365877702075)]","[np.float64(-0.0), np.float64(-59.05313294369615), np.float64(3610.5182562955724), np.float64(95.62370794958441), np.float64(37.546271547092225), np.float64(27.670556033597048), np.float64(97.37903267536079)]",4076.0897579292555
166,100,3,"[np.float64(-3.673276960380889e-19), np.float64(2.5090558746837565e-07), np.float64(0.0003767975601482883), np.float64(-1.360689012306044e-06), np.float64(-1.0069750213858358e-06), np.float64(-8.988274753228839e-07), np.float64(-8.492805395572745e-07)]","[np.float64(-0.0), np.float64(7.986546624237793e-05), np.float64(0.05996840507752502), np.float64(-0.00014436931345697464), np.float64(-8.012830806030599e-05), np.float64(-5.721642794671311e-05), np.float64(-4.505039566737531e-05)]","[np.float64(-10.83021653543307), np.float64(-31.227732875258706), np.float64(1151.124044501944), np.float64(9.726204406391934), np.float64(9.005539314878082), np.float64(-21.826393331316247), np.float64(18.054950989862835)]","[np.float64(-0.0), np.float64(22.89446687713462), np.float64(-1380.1695295916688), np.float64(-28.829109892660263), np.float64(-19.322080098541687), np.float64(4.989113803615265), np.float64(-31.02865670018048)]",4677.847967125125
167,100,8,"[np.float64(-8.656270145124267e-19), np.float64(6.690815665830271e-07), np.float64(0.0010047934937287696), np.float64(-3.6285040328159505e-06), np.float64(-2.6852667236957393e-06), np.float64(-2.396873267528176e-06), np.float64(-2.264748105485867e-06)]","[np.float64(-0.0), np.float64(0.00021297457664634005), np.float64(0.15991574687340004), np.float64(-0.0003849848358852674), np.float64(-0.00021367548816081584), np.float64(-0.00015257714119123534), np.float64(-0.00012013438844633411)]","[np.float64(-9.274606299212612), np.float64(3.6248884752385213), np.float64(-864.3373667638143), np.float64(-25.10396970783873), np.float64(-37.936006023627456), np.float64(-12.175204476420648), np.float64(-4.571566329612965)]","[np.float64(-0.0), np.float64(-53.697251035204), np.float64(4356.949245094926), np.float64(84.10950010609315), np.float64(57.781750512150104), np.float64(29.996341458351456), np.float64(324.06594513821005)]",8316.48872367025
168,100,3,"[np.float64(-3.673276960380889e-19), np.float64(2.5090558746837565e-07), np.float64(0.0003767975601482883), np.float64(-1.360689012306044e-06), np.float64(-1.0069750213858358e-06), np.float64(-8.988274753228839e-07), np.float64(-8.492805395572745e-07)]","[np.float64(-0.0), np.float64(7.986546624237793e-05), np.float64(0.05996840507752502), np.float64(-0.00014436931345697464), np.float64(-8.012830806030599e-05), np.float64(-5.721642794671311e-05), np.float64(-4.505039566737531e-05)]","[np.float64(10.213828740157481), np.float64(-9.342235977964537), np.float64(436.04761662392207), np.float64(-2.4581888088094423), np.float64(-23.229013836976403), np.float64(4.9712899609084555), np.float64(-32.64961664187982)]","[np.float64(-0.0), np.float64(36.037672604982454), np.float64(-1760.1852229872889), np.float64(-42.320547785868975), np.float64(-26.53864378442959), np.float64(-22.086066331776237), np.float64(-47.99773590025358)]",4910.932044231706
169,100,1,"[np.float64(-1.0820337681405334e-19), np.float64(8.363519582287839e-08), np.float64(0.0001255991867160962), np.float64(-4.535630041019938e-07), np.float64(-3.356583404619674e-07), np.float64(-2.99609158441022e-07), np.float64(-2.830935131857334e-07)]","[np.float64(-0.0), np.float64(2.6621822080792506e-05), np.float64(0.019989468359175006), np.float64(-4.812310448565843e-05), np.float64(-2.670943602010198e-05), np.float64(-1.9072142648904417e-05), np.float64(-1.5016798555791764e-05)]","[np.float64(23.76599409448819), np.float64(-2.5206201411615736), np.float64(-3.3209964464656503), np.float64(-1.0501447491622742), np.float64(-19.739612443087832), np.float64(5.0576429280887005), np.float64(12.813432684791884)]","[np.float64(-0.0), np.float64(-12.484750658824035), np.float64(547.676396607803), np.float64(13.704917364834099), np.float64(13.450801061458872), np.float64(8.44798103130201), np.float64(22.60861015317695)]",4630.086571065046
170,100,9,"[np.float64(-2.8796409701215e-19), np.float64(7.527167624053745e-07), np.float64(0.001130392680444865), np.float64(-4.082067036919694e-06), np.float64(-3.020925064157869e-06), np.float64(-2.6964824259688698e-06), np.float64(-2.5478416186717886e-06)]","[np.float64(-0.0), np.float64(0.00023959639872713417), np.float64(0.17990521523257505), np.float64(-0.0004331079403709227), np.float64(-0.00024038492418091868), np.float64(-0.00017164928384013906), np.float64(-0.00013515118700212564)]","[np.float64(-2.0819389763779617), np.float64(9.778349717391015), np.float64(283.57445426660155), np.float64(21.953059746735082), np.float64(4.86120876980443), np.float64(22.77855671398567), np.float64(-213.13952726493665)]","[np.float64(-0.0), np.float64(59.39406445762048), np.float64(-4373.235310837334), np.float64(-104.15160272419271), np.float64(-30.2572663663766), np.float64(-37.54545365682547), np.float64(-158.9134323290522)]",7375.010843539178
171,100,7,"[np.float64(2.0122792321330963e-19), np.float64(5.854463707599675e-07), np.float64(0.000879194307012673), np.float64(-3.174941028715298e-06), np.float64(-2.3496083832344464e-06), np.float64(-2.0972641090874116e-06), np.float64(-1.9816545923001597e-06)]","[np.float64(-0.0), np.float64(0.00018635275456554777), np.float64(0.13992627851422507), np.float64(-0.000336861731399608), np.float64(-0.00018696605214071376), np.float64(-0.00013350499854233045), np.float64(-0.00010511758989054277)]","[np.float64(6.333415354330715), np.float64(-16.05926840455954), np.float64(331.2392666094381), np.float64(-1.9538143005530586), np.float64(-6.528339515938357), np.float64(-1.3341097195139222), np.float64(119.02036241883583)]","[np.float64(-0.0), np.float64(-46.58501801215099), np.float64(4286.914403848181), np.float64(88.50103722182986), np.float64(54.470252808994516), np.float64(38.284100966267246), np.float64(141.16324120760157)]",8750.854579195266
172,100,6,"[np.float64(-7.346553920761778e-19), np.float64(5.018111749367513e-07), np.float64(0.0007535951202965767), np.float64(-2.721378024612088e-06), np.float64(-2.0139500427716715e-06), np.float64(-1.7976549506457678e-06), np.float64(-1.698561079114549e-06)]","[np.float64(-0.0), np.float64(0.00015973093248475585), np.float64(0.11993681015505003), np.float64(-0.0002887386269139493), np.float64(-0.00016025661612061197), np.float64(-0.00011443285589342622), np.float64(-9.010079133475062e-05)]","[np.float64(54.34301181102362), np.float64(41.16966668728658), np.float64(-2050.47390573182), np.float64(-22.656944929570578), np.float64(-28.677285542975312), np.float64(-16.93115378008638), np.float64(-0.18431042662680874)]","[np.float64(-0.0), np.float64(39.45773718881833), np.float64(-3227.953888249628), np.float64(-49.91043791174966), np.float64(-7.833350444705951), np.float64(-22.332376785269282), np.float64(55.334806952685135)]",6718.5245936319025
173,100,6,"[np.float64(-7.346553920761778e-19), np.float64(5.018111749367513e-07), np.float64(0.0007535951202965767), np.float64(-2.721378024612088e-06), np.float64(-2.0139500427716715e-06), np.float64(-1.7976549506457678e-06), np.float64(-1.698561079114549e-06)]","[np.float64(-0.0), np.float64(0.00015973093248475585), np.float64(0.11993681015505003), np.float64(-0.0002887386269139493), np.float64(-0.00016025661612061197), np.float64(-0.00011443285589342622), np.float64(-9.010079133475062e-05)]","[np.float64(-48.49335629921259), np.float64(-88.98074233070486), np.float64(3746.5451317288343), np.float64(50.07316976923253), np.float64(53.38378705681318), np.float64(4.14765531957643), np.float64(-30.95939765248528)]","[np.float64(-0.0), np.float64(-13.310802940695067), np.float64(574.2393420852711), np.float64(18.23129830111233), np.float64(0.8606116854371555), np.float64(16.126693126315935), np.float64(78.05452329980206)]",4220.945545588531
174,100,0,"[np.float64(0.0), np.float64(0.0), np.float64(0.0), np.float64(0.0), np.float64(0.0), np.float64(0.0), np.float64(0.0)]","[np.float64(-0.0), np.float64(-0.0), np.float64(-0.0), np.float64(-0.0), np.float64(-0.0), np.float64(-0.0), np.float64(-0.0)]","[np.float64(16.980807086614178), np.float64(12.294149440191758), np.float64(1.992338557566948), np.float64(-2.1299132215008623), np.float64(5.466735335467601), np.float64(8.684449366695395), np.float64(-8.124501750015305)]","[np.float64(-0.0), np.float64(-14.06095734683602), np.float64(0.24301081509478228), np.float64(-4.652743403876306), np.float64(-12.946385560063227), np.float64(4.1402152312311795), np.float64(1.6982851880856393)]",1046.348381350895
175,100,1,"[np.float64(-1.0820337681405334e-19), np.float64(8.363519582287839e-08), np.float64(0.0001255991867160962), np.float64(-4.535630041019938e-07), np.float64(-3.356583404619674e-07), np.float64(-2.99609158441022e-07), np.float64(-2.830935131857334e-07)]","[np.float64(-0.0), np.float64(2.6621822080792506e-05), np.float64(0.019989468359175006), np.float64(-4.812310448565843e-05), np.float64(-2.670943602010198e-05), np.float64(-1.9072142648904417e-05), np.float64(-1.5016798555791764e-05)]","[np.float64(19.91978346456693), np.float64(-18.826378845548547), np.float64(511.689149569041), np.float64(-5.25479865595452), np.float64(5.555758743309201), np.float64(-1.1828894158982999), np.float64(6.768228855637353)]","[np.float64(-0.0), np.float64(-3.872171089280612), np.float64(-187.49309673327923), np.float64(-4.20742124494367), np.float64(-2.7245154188043488), np.float64(1.7701283519190205), np.float64(14.286546217689509)]",3022.833844180178
176,100,1,"[np.float64(-1.0820337681405334e-19), np.float64(8.363519582287839e-08), np.float64(0.0001255991867160962), np.float64(-4.535630041019938e-07), np.float64(-3.356583404619674e-07), np.float64(-2.99609158441022e-07), np.float64(-2.830935131857334e-07)]","[np.float64(-0.0), np.float64(2.6621822080792506e-05), np.float64(0.019989468359175006), np.float64(-4.812310448565843e-05), np.float64(-2.670943602010198e-05), np.float64(-1.9072142648904417e-05), np.float64(-1.5016798555791764e-05)]","[np.float64(47.10900590551181), np.float64(5.3180070637833925), np.float64(-522.9211078141802), np.float64(-12.98781516083889), np.float64(3.1534050397796376), np.float64(-4.088316308794348), np.float64(11.620932210042708)]","[np.float64(-0.0), np.float64(3.2890080040395544), np.float64(-8.649291284011309), np.float64(-4.903235152931271), np.float64(6.874511005920073), np.float64(2.535345144964151), np.float64(-10.117047275912004)]",9024.77610184413
177,100,4,"[np.float64(-4.3281350725621337e-19), np.float64(3.3454078329151355e-07), np.float64(0.0005023967468643848), np.float64(-1.8142520164079753e-06), np.float64(-1.3426333618478697e-06), np.float64(-1.198436633764088e-06), np.float64(-1.1323740527429335e-06)]","[np.float64(-0.0), np.float64(0.00010648728832317003), np.float64(0.07995787343670002), np.float64(-0.0001924924179426337), np.float64(-0.00010683774408040792), np.float64(-7.628857059561767e-05), np.float64(-6.0067194223167056e-05)]","[np.float64(-30.128444881889774), np.float64(-67.03230933062179), np.float64(2439.7455775703233), np.float64(23.903579605861733), np.float64(39.718646271966705), np.float64(0.09753763723760313), np.float64(1.979501026980689)]","[np.float64(-0.0), np.float64(13.64034059340541), np.float64(-108.96251476542328), np.float64(-12.324704236974313), np.float64(-16.728099663210727), np.float64(-2.5631147846541156), np.float64(35.05903732008336)]",3585.879945035879
178,100,1,"[np.float64(-1.0820337681405334e-19), np.float64(8.363519582287839e-08), np.float64(0.0001255991867160962), np.float64(-4.535630041019938e-07), np.float64(-3.356583404619674e-07), np.float64(-2.99609158441022e-07), np.float64(-2.830935131857334e-07)]","[np.float64(-0.0), np.float64(2.6621822080792506e-05), np.float64(0.019989468359175006), np.float64(-4.812310448565843e-05), np.float64(-2.670943602010198e-05), np.float64(-1.9072142648904417e-05), np.float64(-1.5016798555791764e-05)]","[np.float64(25.0246062992126), np.float64(23.44651677011635), np.float64(-540.2425693932769), np.float64(-4.048352520380408), np.float64(12.47156929291222), np.float64(-24.82657137225324), np.float64(-0.9862138808354485)]","[np.float64(-0.0), np.float64(-7.816762696405387), np.float64(150.02984588134396), np.float64(6.541936741398751), np.float64(11.716069736154811), np.float64(-3.933906366745336), np.float64(-17.83931792244396)]",2411.190066661165
179,100,7,"[np.float64(2.0122792321330963e-19), np.float64(5.854463707599675e-07), np.float64(0.000879194307012673), np.float64(-3.174941028715298e-06), np.float64(-2.3496083832344464e-06), np.float64(-2.0972641090874116e-06), np.float64(-1.9816545923001597e-06)]","[np.float64(-0.0), np.float64(0.00018635275456554777), np.float64(0.13992627851422507), np.float64(-0.000336861731399608), np.float64(-0.00018696605214071376), np.float64(-0.00013350499854233045), np.float64(-0.00010511758989054277)]","[np.float64(-76.76451771653542), np.float64(-111.80766078226152), np.float64(4112.16171142989), np.float64(73.28637410032557), np.float64(35.60595137509241), np.float64(18.059852565737515), np.float64(-13.354390388636315)]","[np.float64(-0.0), np.float64(31.587889468504976), np.float64(-1151.243038996398), np.float64(-16.29333673635374), np.float64(-37.58962779068426), np.float64(-19.967866611838144), np.float64(154.41247488635116)]",3684.959545738151
180,100,5,"[np.float64(-3.7990444123892075e-19), np.float64(4.181759791142955e-07), np.float64(0.0006279959335804808), np.float64(-2.2678150205096326e-06), np.float64(-1.6782917023104116e-06), np.float64(-1.498045792204946e-06), np.float64(-1.415467565928374e-06)]","[np.float64(-0.0), np.float64(0.00013310911040396273), np.float64(0.09994734179587504), np.float64(-0.00024061552242829194), np.float64(-0.00013354718010050965), np.float64(-9.536071324452198e-05), np.float64(-7.50839927789592e-05)]","[np.float64(71.92864173228347), np.float64(63.66122449556237), np.float64(-2599.9649501405024), np.float64(-34.72706882308577), np.float64(-2.8317660297198266), np.float64(-3.4367306466044583), np.float64(-66.07993716601382)]","[np.float64(-0.0), np.float64(-25.094948351448735), np.float64(1730.3176568969327), np.float64(42.51665349708343), np.float64(0.8924864269876661), np.float64(6.22734074046445), np.float64(2.8716647478185595)]",4576.607656381907
181,100,6,"[np.float64(-7.346553920761778e-19), np.float64(5.018111749367513e-07), np.float64(0.0007535951202965767), np.float64(-2.721378024612088e-06), np.float64(-2.0139500427716715e-06), np.float64(-1.7976549506457678e-06), np.float64(-1.698561079114549e-06)]","[np.float64(-0.0), np.float64(0.00015973093248475585), np.float64(0.11993681015505003), np.float64(-0.0002887386269139493), np.float64(-0.00016025661612061197), np.float64(-0.00011443285589342622), np.float64(-9.010079133475062e-05)]","[np.float64(-63.8265255905512), np.float64(-89.3640337953693), np.float64(3433.0289966169007), np.float64(67.48982026455828), np.float64(52.44966335572694), np.float64(3.515892272750881), np.float64(-64.87369741971693)]","[np.float64(-0.0), np.float64(-33.60092075302501), np.float64(1625.5186374297332), np.float64(33.89748737155362), np.float64(52.51563254750299), np.float64(8.100955948176207), np.float64(28.24345552148977)]",3986.462570601439
182,100,1,"[np.float64(-1.0820337681405334e-19), np.float64(8.363519582287839e-08), np.float64(0.0001255991867160962), np.float64(-4.535630041019938e-07), np.float64(-3.356583404619674e-07), np.float64(-2.99609158441022e-07), np.float64(-2.830935131857334e-07)]","[np.float64(-0.0), np.float64(2.6621822080792506e-05), np.float64(0.019989468359175006), np.float64(-4.812310448565843e-05), np.float64(-2.670943602010198e-05), np.float64(-1.9072142648904417e-05), np.float64(-1.5016798555791764e-05)]","[np.float64(18.66166338582677), np.float64(25.55167849094951), np.float64(-362.587865488357), np.float64(7.262788949419149), np.float64(-2.601996959591254), np.float64(-1.8356910204335182), np.float64(0.2393212019849102)]","[np.float64(-0.0), np.float64(2.6649168790985995), np.float64(-403.47999414620864), np.float64(2.068853550640762), np.float64(-4.845975871557913), np.float64(-2.1889917988784826), np.float64(5.747335867570236)]",2258.2958954603887
183,100,1,"[np.float64(-1.0820337681405334e-19), np.float64(8.363519582287839e-08), np.float64(0.0001255991867160962), np.float64(-4.535630041019938e-07), np.float64(-3.356583404619674e-07), np.float64(-2.99609158441022e-07), np.float64(-2.830935131857334e-07)]","[np.float64(-0.0), np.float64(2.6621822080792506e-05), np.float64(0.019989468359175006), np.float64(-4.812310448565843e-05), np.float64(-2.670943602010198e-05), np.float64(-1.9072142648904417e-05), np.float64(-1.5016798555791764e-05)]","[np.float64(2.5145177165354324), np.float64(-4.718276428947411), np.float64(413.903785547328), np.float64(10.412665162121389), np.float64(-0.3753121401006556), np.float64(-0.3720114857332474), np.float64(-3.7473453992553636)]","[np.float64(-0.0), np.float64(-1.3176054075198629), np.float64(365.81838659242686), np.float64(-1.5996150260659376), np.float64(11.820901830769172), np.float64(13.909457457334216), np.float64(-5.886124529120727)]",12075.168519366576
184,100,4,"[np.float64(-4.3281350725621337e-19), np.float64(3.3454078329151355e-07), np.float64(0.0005023967468643848), np.float64(-1.8142520164079753e-06), np.float64(-1.3426333618478697e-06), np.float64(-1.198436633764088e-06), np.float64(-1.1323740527429335e-06)]","[np.float64(-0.0), np.float64(0.00010648728832317003), np.float64(0.07995787343670002), np.float64(-0.0001924924179426337), np.float64(-0.00010683774408040792), np.float64(-7.628857059561767e-05), np.float64(-6.0067194223167056e-05)]","[np.float64(2.1648622047244044), np.float64(-7.745291470973163), np.float64(654.4347307771297), np.float64(12.496532990917876), np.float64(-9.546869186248822), np.float64(1.6782891735414778), np.float64(-7.00983962461783)]","[np.float64(-0.0), np.float64(36.856488537861985), np.float64(-2388.680965670312), np.float64(-46.07877031744621), np.float64(-35.66528510857766), np.float64(-26.652876734281985), np.float64(-46.54305517219704)]",6606.798063499835
185,100,2,"[np.float64(-2.1640675362810668e-19), np.float64(1.6727039164575677e-07), np.float64(0.0002511983734321924), np.float64(-9.071260082039876e-07), np.float64(-6.713166809239348e-07), np.float64(-5.99218316882044e-07), np.float64(-5.661870263714668e-07)]","[np.float64(-0.0), np.float64(5.324364416158501e-05), np.float64(0.03997893671835001), np.float64(-9.624620897131685e-05), np.float64(-5.341887204020396e-05), np.float64(-3.8144285297808835e-05), np.float64(-3.0033597111583528e-05)]","[np.float64(34.38951771653542), np.float64(15.680504795281843), np.float64(-703.2427202010432), np.float64(-18.15939591314997), np.float64(-7.283277350479119), np.float64(0.13003079980381335), np.float64(-21.835516464260493)]","[np.float64(-0.0), np.float64(-21.03411388218838), np.float64(918.494732947398), np.float64(46.45994452624653), np.float64(-0.6121806541909396), np.float64(-0.15060589740724675), np.float64(24.768216152770773)]",4497.15311681245
186,100,4,"[np.float64(-4.3281350725621337e-19), np.float64(3.3454078329151355e-07), np.float64(0.0005023967468643848), np.float64(-1.8142520164079753e-06), np.float64(-1.3426333618478697e-06), np.float64(-1.198436633764088e-06), np.float64(-1.1323740527429335e-06)]","[np.float64(-0.0), np.float64(0.00010648728832317003), np.float64(0.07995787343670002), np.float64(-0.0001924924179426337), np.float64(-0.00010683774408040792), np.float64(-7.628857059561767e-05), np.float64(-6.0067194223167056e-05)]","[np.float64(-22.92790354330707), np.float64(-57.14163464154169), np.float64(2385.55736544286), np.float64(39.15984970412653), np.float64(46.561509544720536), np.float64(9.155985980148447), np.float64(-35.9842617679353)]","[np.float64(-0.0), np.float64(-2.0237115584389067), np.float64(620.0412029716879), np.float64(6.010697014264988), np.float64(24.983052677480202), np.float64(21.432678662196285), np.float64(26.021416814564752)]",4331.464420412516
187,100,3,"[np.float64(-3.673276960380889e-19), np.float64(2.5090558746837565e-07), np.float64(0.0003767975601482883), np.float64(-1.360689012306044e-06), np.float64(-1.0069750213858358e-06), np.float64(-8.988274753228839e-07), np.float64(-8.492805395572745e-07)]","[np.float64(-0.0), np.float64(7.986546624237793e-05), np.float64(0.05996840507752502), np.float64(-0.00014436931345697464), np.float64(-8.012830806030599e-05), np.float64(-5.721642794671311e-05), np.float64(-4.505039566737531e-05)]","[np.float64(30.203740157480325), np.float64(22.976732172060835), np.float64(-1151.1389314268856), np.float64(-17.16050633515982), np.float64(1.7193130719585588), np.float64(-3.3793472044719084), np.float64(-0.13643083297721204)]","[np.float64(-0.0), np.float64(21.150967648748814), np.float64(-1394.8806959668393), np.float64(-21.734737730697244), np.float64(8.140484175093578), np.float64(-15.040466191188665), np.float64(23.25811578415617)]",5840.195468290949
188,100,5,"[np.float64(-3.7990444123892075e-19), np.float64(4.181759791142955e-07), np.float64(0.0006279959335804808), np.float64(-2.2678150205096326e-06), np.float64(-1.6782917023104116e-06), np.float64(-1.498045792204946e-06), np.float64(-1.415467565928374e-06)]","[np.float64(-0.0), np.float64(0.00013310911040396273), np.float64(0.09994734179587504), np.float64(-0.00024061552242829194), np.float64(-0.00013354718010050965), np.float64(-9.536071324452198e-05), np.float64(-7.50839927789592e-05)]","[np.float64(52.774852362204705), np.float64(29.790456653894093), np.float64(-1411.7165498779063), np.float64(-24.738932915720714), np.float64(-26.195739686696097), np.float64(0.20390645029772214), np.float64(6.0510741652051525)]","[np.float64(-0.0), np.float64(-44.64048281683274), np.float64(2801.1176685037904), np.float64(73.05101638379853), np.float64(12.812951591255205), np.float64(32.3763617148243), np.float64(75.86964896404398)]",5863.509281724987
189,100,8,"[np.float64(-8.656270145124267e-19), np.float64(6.690815665830271e-07), np.float64(0.0010047934937287696), np.float64(-3.6285040328159505e-06), np.float64(-2.6852667236957393e-06), np.float64(-2.396873267528176e-06), np.float64(-2.264748105485867e-06)]","[np.float64(-0.0), np.float64(0.00021297457664634005), np.float64(0.15991574687340004), np.float64(-0.0003849848358852674), np.float64(-0.00021367548816081584), np.float64(-0.00015257714119123534), np.float64(-0.00012013438844633411)]","[np.float64(-111.0310039370079), np.float64(-112.93610615515296), np.float64(3745.871620460378), np.float64(45.97827330971952), np.float64(47.96841080766646), np.float64(15.275635755875102), np.float64(-132.3635959619402)]","[np.float64(-0.0), np.float64(-18.758419650129323), np.float64(2342.76913832395), np.float64(69.51344647116959), np.float64(58.52830937650908), np.float64(38.94280235483558), np.float64(-247.2569079135511)]",3884.241948028228
190,100,4,"[np.float64(-4.3281350725621337e-19), np.float64(3.3454078329151355e-07), np.float64(0.0005023967468643848), np.float64(-1.8142520164079753e-06), np.float64(-1.3426333618478697e-06), np.float64(-1.198436633764088e-06), np.float64(-1.1323740527429335e-06)]","[np.float64(-0.0), np.float64(0.00010648728832317003), np.float64(0.07995787343670002), np.float64(-0.0001924924179426337), np.float64(-0.00010683774408040792), np.float64(-7.628857059561767e-05), np.float64(-6.0067194223167056e-05)]","[np.float64(23.622047244094468), np.float64(-1.5337601272888441), np.float64(96.92559903493581), np.float64(-9.080087377341941), np.float64(-20.585527997689447), np.float64(2.8087947181785653), np.float64(-54.86255091537593)]","[np.float64(-0.0), np.float64(21.807642221058092), np.float64(-2469.29234137789), np.float64(-50.29233444341952), np.float64(-12.821249777584278), np.float64(-25.267854184849398), np.float64(-35.94438881272545)]",11355.396056918227
191,100,7,"[np.float64(2.0122792321330963e-19), np.float64(5.854463707599675e-07), np.float64(0.000879194307012673), np.float64(-3.174941028715298e-06), np.float64(-2.3496083832344464e-06), np.float64(-2.0972641090874116e-06), np.float64(-1.9816545923001597e-06)]","[np.float64(-0.0), np.float64(0.00018635275456554777), np.float64(0.13992627851422507), np.float64(-0.000336861731399608), np.float64(-0.00018696605214071376), np.float64(-0.00013350499854233045), np.float64(-0.00010511758989054277)]","[np.float64(77.13213582677164), np.float64(104.70401799115119), np.float64(-3589.617280510352), np.float64(-49.53690015396204), np.float64(-12.925832446896116), np.float64(6.144774948000806), np.float64(-111.5938755422587)]","[np.float64(-0.0), np.float64(-35.51912456055726), np.float64(2318.8573647318754), np.float64(56.03510732476729), np.float64(28.990166507365313), np.float64(37.056393731500485), np.float64(-105.31835340149262)]",3874.9369488917896
192,100,7,"[np.float64(2.0122792321330963e-19), np.float64(5.854463707599675e-07), np.float64(0.000879194307012673), np.float64(-3.174941028715298e-06), np.float64(-2.3496083832344464e-06), np.float64(-2.0972641090874116e-06), np.float64(-1.9816545923001597e-06)]","[np.float64(-0.0), np.float64(0.00018635275456554777), np.float64(0.13992627851422507), np.float64(-0.000336861731399608), np.float64(-0.00018696605214071376), np.float64(-0.00013350499854233045), np.float64(-0.00010511758989054277)]","[np.float64(-65.25959645669289), np.float64(-79.43956286560133), np.float64(2996.1743103430363), np.float64(33.12378433637101), np.float64(36.483396670732056), np.float64(17.307557193283895), np.float64(42.13549893477069)]","[np.float64(-0.0), np.float64(-24.823160960446465), np.float64(3058.3608554922885), np.float64(73.18950809819617), np.float64(61.206468434114676), np.float64(32.83096168495037), np.float64(-148.2544228066537)]",5157.710268877087
193,100,8,"[np.float64(-8.656270145124267e-19), np.float64(6.690815665830271e-07), np.float64(0.0010047934937287696), np.float64(-3.6285040328159505e-06), np.float64(-2.6852667236957393e-06), np.float64(-2.396873267528176e-06), np.float64(-2.264748105485867e-06)]","[np.float64(-0.0), np.float64(0.00021297457664634005), np.float64(0.15991574687340004), np.float64(-0.0003849848358852674), np.float64(-0.00021367548816081584), np.float64(-0.00015257714119123534), np.float64(-0.00012013438844633411)]","[np.float64(26.690452755905504), np.float64(46.23610635751106), np.float64(-2003.518822649924), np.float64(-31.421853493725198), np.float64(-4.064961041867122), np.float64(-7.572931566868853), np.float64(-281.1662233936142)]","[np.float64(-0.0), np.float64(41.240108775575365), np.float64(-3960.99668476375), np.float64(-88.95913834602655), np.float64(-29.56166122426599), np.float64(-50.84664035954038), np.float64(99.05302300289308)]",7213.140012750835
194,100,6,"[np.float64(-7.346553920761778e-19), np.float64(5.018111749367513e-07), np.float64(0.0007535951202965767), np.float64(-2.721378024612088e-06), np.float64(-2.0139500427716715e-06), np.float64(-1.7976549506457678e-06), np.float64(-1.698561079114549e-06)]","[np.float64(-0.0), np.float64(0.00015973093248475585), np.float64(0.11993681015505003), np.float64(-0.0002887386269139493), np.float64(-0.00016025661612061197), np.float64(-0.00011443285589342622), np.float64(-9.010079133475062e-05)]","[np.float64(80.87573818897637), np.float64(80.71548487356287), np.float64(-2901.7607949633084), np.float64(-59.82875884479357), np.float64(-19.990740437609833), np.float64(-12.398417175317912), np.float64(-75.94450135041347)]","[np.float64(-0.0), np.float64(-46.789183137694856), np.float64(2454.50106120899), np.float64(70.16641085656562), np.float64(8.186326787858409), np.float64(29.87901971920445), np.float64(54.5336234607041)]",4082.3152851264617
195,100,3,"[np.float64(-3.673276960380889e-19), np.float64(2.5090558746837565e-07), np.float64(0.0003767975601482883), np.float64(-1.360689012306044e-06), np.float64(-1.0069750213858358e-06), np.float64(-8.988274753228839e-07), np.float64(-8.492805395572745e-07)]","[np.float64(-0.0), np.float64(7.986546624237793e-05), np.float64(0.05996840507752502), np.float64(-0.00014436931345697464), np.float64(-8.012830806030599e-05), np.float64(-5.721642794671311e-05), np.float64(-4.505039566737531e-05)]","[np.float64(-30.74458661417323), np.float64(-37.549111522430394), np.float64(1740.1274887702027), np.float64(35.967707255063125), np.float64(38.049449022566776), np.float64(-5.997333686259397), np.float64(12.01719894388639)]","[np.float64(-0.0), np.float64(-1.890077900028376), np.float64(-440.81738749217806), np.float64(-2.5728519898987052), np.float64(-12.175405709475578), np.float64(-10.102969604287686), np.float64(31.455167166735755)]",4815.390040328501
196,100,3,"[np.float64(-3.673276960380889e-19), np.float64(2.5090558746837565e-07), np.float64(0.0003767975601482883), np.float64(-1.360689012306044e-06), np.float64(-1.0069750213858358e-06), np.float64(-8.988274753228839e-07), np.float64(-8.492805395572745e-07)]","[np.float64(-0.0), np.float64(7.986546624237793e-05), np.float64(0.05996840507752502), np.float64(-0.00014436931345697464), np.float64(-8.012830806030599e-05), np.float64(-5.721642794671311e-05), np.float64(-4.505039566737531e-05)]","[np.float64(46.000246062992126), np.float64(50.08986449344366), np.float64(-1510.040575618059), np.float64(-24.197140927959946), np.float64(8.504519477468435), np.float64(-19.880028651403265), np.float64(14.871521663876697)]","[np.float64(-0.0), np.float64(7.112519130438057), np.float64(-997.6917586238752), np.float64(-23.477667615890315), np.float64(2.5403652586828764), np.float64(0.7909609428751047), np.float64(15.727586558380464)]",3602.7305140517524
197,100,4,"[np.float64(-4.3281350725621337e-19), np.float64(3.3454078329151355e-07), np.float64(0.0005023967468643848), np.float64(-1.8142520164079753e-06), np.float64(-1.3426333618478697e-06), np.float64(-1.198436633764088e-06), np.float64(-1.1323740527429335e-06)]","[np.float64(-0.0), np.float64(0.00010648728832317003), np.float64(0.07995787343670002), np.float64(-0.0001924924179426337), np.float64(-0.00010683774408040792), np.float64(-7.628857059561767e-05), np.float64(-6.0067194223167056e-05)]","[np.float64(-2.5875984251968602), np.float64(-1.779767492972277), np.float64(488.09141673701487), np.float64(12.446315412844257), np.float64(-15.310997820733206), np.float64(-4.602075348265261), np.float64(33.57238244181304)]","[np.float64(-0.0), np.float64(-31.8690923859662), np.float64(2422.8211680075597), np.float64(63.94839937863774), np.float64(49.85401305443907), np.float64(32.21106111256154), np.float64(2.8972712891674366)]",7781.066893040183
198,100,8,"[np.float64(-8.656270145124267e-19), np.float64(6.690815665830271e-07), np.float64(0.0010047934937287696), np.float64(-3.6285040328159505e-06), np.float64(-2.6852667236957393e-06), np.float64(-2.396873267528176e-06), np.float64(-2.264748105485867e-06)]","[np.float64(-0.0), np.float64(0.00021297457664634005), np.float64(0.15991574687340004), np.float64(-0.0003849848358852674), np.float64(-0.00021367548816081584), np.float64(-0.00015257714119123534), np.float64(-0.00012013438844633411)]","[np.float64(-96.25393700787403), np.float64(-104.9462225664275), np.float64(3964.4240236374512), np.float64(65.22287456794318), np.float64(15.621689952216013), np.float64(1.7111255605523683), np.float64(118.4475664380349)]","[np.float64(-0.0), np.float64(45.543800412494484), np.float64(-1932.1758150459707), np.float64(-38.63528668035393), np.float64(-63.45708227904074), np.float64(-49.21852724661596), np.float64(246.7584121298549)]",3881.029704087892
199,100,6,"[np.float64(-7.346553920761778e-19), np.float64(5.018111749367513e-07), np.float64(0.0007535951202965767), np.float64(-2.721378024612088e-06), np.float64(-2.0139500427716715e-06), np.float64(-1.7976549506457678e-06), np.float64(-1.698561079114549e-06)]","[np.float64(-0.0), np.float64(0.00015973093248475585), np.float64(0.11993681015505003), np.float64(-0.0002887386269139493), np.float64(-0.00016025661612061197), np.float64(-0.00011443285589342622), np.float64(-9.010079133475062e-05)]","[np.float64(52.30142716535434), np.float64(8.566173549554565), np.float64(-836.4496548261328), np.float64(-16.98887095074606), np.float64(-30.797320164937847), np.float64(-19.940203639873296), np.float64(-60.796108545045506)]","[np.float64(-0.0), np.float64(40.168266785250744), np.float64(-3735.8783298240523), np.float64(-69.20738800680209), np.float64(-27.260707995480793), np.float64(-26.929424676377618), np.float64(6.598923844207535)]",9338.947383040479
