,freq,amp,THD_out,coefA_in_0,coefB_in_0,coefA_out_0,coefB_out_0,coefA_in_1,coefB_in_1,coefA_out_1,coefB_out_1,coefA_in_2,coefB_in_2,coefA_out_2,coefB_out_2,coefA_in_3,coefB_in_3,coefA_out_3,coefB_out_3,coefA_in_4,coefB_in_4,coefA_out_4,coefB_out_4,coefA_in_5,coefB_in_5,coefA_out_5,coefB_out_5,coefA_in_6,coefB_in_6,coefA_out_6,coefB_out_6
0,50,7,260.54924295644435,-0.00350927957814732,-0.0,158.13287401574803,-0.0,-0.002333340107785639,0.20182025778221568,-529.7808053811074,1128.4717270023637,-0.001507260461547942,0.003051404036138804,-129.71819427181893,-115.28257810982215,0.0012152535118632782,0.09415146009340371,121.83449868015472,3048.1432538433482,0.0020142348414739887,0.002150156528112879,-26.850467623742567,276.9081353705863,0.002950827134910693,0.0008094159747060781,353.91585929665865,-577.6160057122686,0.0029191769495030815,-0.0008242131958519907,82.2646796740008,-72.17233360416304
1,50,15,89.40019121292426,0.007135109887298143,-0.0,296.0580708661417,-0.0,0.0076455149220790615,0.20107118999920912,1353.6747928280533,1673.1958912697264,0.006670556679885552,0.002060546148757823,-231.56398733372993,35.2721706062506,0.006513096460093532,0.045033394976177185,-1489.5905296720434,-717.5598938239452,0.005389401258368025,0.003786458900839551,248.30844678067737,1.4561717225910233,0.004532700785855422,0.004524278539951724,352.8490108674056,-382.3167178131306,0.003593019137907492,0.005009036629916091,-275.57473954869016,-77.92803021376874
2,50,12,625.4894132806049,-0.0060159078591144,-0.0,-159.93528543307085,-0.0,0.006537904809952929,0.20099854617996402,-371.56074698805867,600.9507825895183,-0.005596481016777416,-0.001761740527758188,-98.3681602715214,-16.845459059501692,0.006680913086424455,0.17047657674890257,3057.958710539711,-2682.607449882184,-0.0044575296270164735,-0.00409118257847877,41.85133608853239,5.607495911281565,0.0036791213633197957,0.003525489700364439,870.1515889879645,-1155.9036986516803,-0.002860621521958196,-0.004551437301423539,-52.60047446616459,-107.96266474817074
3,50,4,152.12790802029926,0.0020053026197048014,-0.0,-20.024606299212607,-0.0,8.324967953631329e-05,0.20187437018140364,1734.842397206111,65.22334168375616,-0.0016770240362587736,-0.0011255235208946694,44.735992685966444,-91.25510119098034,0.0021128675717376807,0.07210745581284615,350.7885483435002,2464.3410628933593,0.0008329429540349189,0.0013094626830063372,71.60392352936661,-33.464817537374714,-0.0017662597144418811,0.00011457265477665066,170.71142825850174,399.05871493172003,0.00014699083463579426,-0.0018693088902308449,-95.94894191696518,12.876780619485205
4,50,6,188.82141129200386,-0.0030079539295571997,-0.0,77.73941929133858,-0.0,0.00021556966395651808,0.20292761238938373,-1444.6411126114447,464.267006577511,0.0028423658855256046,0.0007405305447069052,-8.301435390831239,87.4762452737692,0.001954282852456818,0.08115768868311685,-2150.28822481669,-1586.730264946758,-0.0023891397360197484,-0.0018671319597871323,138.3130099024204,-8.694294241302309,-0.0017196365500248812,0.0018328682505550416,-471.55263551895007,87.70900977012099,0.0017278053816722479,0.0017098069185752837,-97.29532663867094,-189.40914176038746
5,50,11,822.4290431387225,-0.0055145822041882,-0.0,124.29502952755907,-0.0,0.003827393567729982,0.20446755420387847,115.07730446033058,-500.53911821707675,0.0017391777353716145,-0.005055698147715458,-136.48812772637484,160.5237909760291,-0.0037235263983640987,0.14431186470122503,3858.98320050296,-142.76010305774497,0.004070655137802488,0.002523733026634868,-36.92416760202571,19.549539834187737,0.00014948271668566832,-0.005284697681847028,-571.0705257986542,-1350.4523105288554,-0.003908482901764353,0.002357581131466544,46.956639457304846,-193.81074003497767
6,50,1,29.978111714320384,0.0005013256549261997,-0.0,44.76697834645668,-0.0,0.0001438122729401507,0.20002106389703558,-1644.7435940853045,2237.729992827423,0.00043287552043726456,-0.0004946197363083385,-47.273171811238576,-6.418790948849135,-0.0003417434801856077,0.0019718672186217244,334.8150324430142,591.4712505955154,0.00025860617695620813,-0.0005008108870871793,-23.929928612393354,-32.36594010033134,-0.00015333523250432463,0.00033531923356429626,117.07740624174004,328.7117577062686,4.154028148492526e-05,-0.0004961316833474206,-55.326914630182074,2.7851939783951707
7,50,15,1604.950292756666,-0.0075198848238930025,-0.0,98.76943897637794,-0.0,-0.0018630856197350259,0.20714489970821653,-231.14434598198406,148.4420404484623,0.0057529347871049,0.004965968208721025,147.19197855630551,-41.905310642528406,0.008492740648504292,0.24491599564936975,-2435.6780380664673,3422.220811854681,-0.0014970182228363196,-0.00780832895727694,-11.311397439613694,187.1616913091326,-0.006685208357559439,-0.0013946779727834735,-631.662340931358,-601.230620170186,-0.002881135244427037,0.005327259663617686,-51.28287768966077,5.552329672545965
8,50,10,640.638174002007,-0.0050132565492619985,-0.0,14.13041338582677,-0.0,0.005562859493987052,0.20079372876007645,498.13260728631656,-499.2894428355906,-0.0047014503186966405,-0.001265659849443947,221.49086990161817,35.61627835678612,0.006158295147219224,0.1958467825616507,-3238.7799720961407,-2594.6051683514274,-0.003855110037154647,-0.003423044211074459,-88.37943147670146,-29.636593367802778,0.003263415421355367,0.0026232578788110087,-216.9896591438839,-1389.940270260938,-0.002645980174339493,-0.003687109773547008,67.83029207700186,-183.82728513098257
9,50,17,3134.1191807509167,0.008522536133745403,-0.0,-249.88533464566927,-0.0,0.006239728450543409,0.20646943742835475,-27.115243637023887,131.67725235846464,-0.0010468847333966302,0.008698557362354094,129.16998901313747,136.6305415790071,-0.004179833096114377,0.2796984038089492,1543.4784293303162,-3613.1717552284767,-0.0077017971095988715,-0.003028401324395999,-82.74802460185052,-94.94163127576498,-0.003471976863945499,-0.0073964474675979825,-72.47458267362677,-973.2256996856139,0.0026655511339476324,-0.007189586528473193,79.81006844161622,-149.2115555092184
10,50,10,63.79734810792609,0.005013256549262001,-0.0,-264.753937007874,-0.0,-0.004306337506070254,0.20066789035250515,2451.3089954583215,-87.80981737630026,0.004701402516636401,-0.0016677963021783243,-191.48923425310954,-60.11357604367755,-0.004088773687070459,0.027940777948645378,936.0699118444672,848.189164581615,0.003842913840869673,-0.002845026525531134,-141.89480333468416,-6.840012775995595,-0.0032725293901478647,0.002938893529871158,-174.8690627018525,356.5240764640684,0.002637854093807432,-0.0034627689719198642,-164.86712137040934,11.524568640689548
11,50,4,154.27510261478272,-0.0020052796137301583,-0.0,192.4557086614173,-0.0,-0.0012089749372247928,0.20073271077236865,-1214.3348232341543,1120.8218266079314,-0.0013670882658177073,0.001320410888095502,58.914443872237435,-124.09043226684362,-2.494841765232744e-05,0.07201062731115633,-1614.852090802236,1794.296688131456,6.603279663733182e-05,0.0015174245863297153,-121.91903620083437,23.480311016725608,0.0007607226589042057,0.0014080888160646673,348.6032325538616,292.8904842238341,0.001271768703714067,0.0009755703635034838,-1.0575633154691069,92.3347278896401
12,50,7,126.14919511881669,-0.0035092795844833997,-0.0,-93.43676181102359,-0.0,0.004099558352832277,0.20034011232028914,261.05357225749304,-1839.6212842595983,-0.0033603992474133594,-0.000889476849624657,42.466164269879606,148.6026974514575,0.0037715814095629447,0.06393676104440911,-2201.2653984884164,-118.15743322799197,-0.0029438262317272993,-0.0017522776079071218,30.153697021436464,47.609839352116495,0.0026484306285629758,0.0014809768641447958,492.54690259089597,69.69739828933447,-0.002331063632817614,-0.0020300294774487464,65.28904490522153,-121.72056003333287
13,50,13,823.9757056378056,-0.006517233514040601,-0.0,-83.87819881889764,-0.0,0.0069941711346793965,0.2013160929893125,411.300937817807,-371.8939326611546,-0.005921216683251403,-0.0021820799992292913,25.701563225731263,115.34149059525998,0.007254260486051293,0.21898340990204576,240.70561271945982,-4239.010246483829,-0.00432982475755012,-0.005114473421915837,-68.50834347897846,-155.74301880008576,0.003270577302168454,0.004334950455114064,1175.3028837455734,-126.23689989218593,-0.0021805114311114052,-0.005467999299710404,51.0841419308685,51.68463943712848
14,50,13,81.64066333406389,-0.006515295249733714,-0.0,354.34842519685037,-0.0,-0.005515094816905073,0.20200443940600518,-1786.824131074443,-1414.1401504777857,-0.005082778467376663,0.0036999150694075277,83.73618604647615,258.23565522008687,-0.0031926682857033243,0.03623356214958469,1414.5376177748526,-283.01507534975883,-0.0015841232472096544,0.0056460775803158355,-134.56443921057485,205.60150824983776,0.0003658991865582988,0.005678990012518545,-315.68622578957877,458.4614884327247,0.002109211907861823,0.005028046277219138,-292.20922373718776,-9.818484814873852
15,50,9,817.951384502988,-0.0045119308943358,-0.0,-15.768454724409457,-0.0,0.00020566750928582354,0.20449602337372164,46.479691196252844,-532.5145321913025,0.0043548108801012425,0.0009641571845545082,-227.6262093250633,-105.99189144541826,0.0027849210889459627,0.16299315244814694,1694.1436953500397,3662.2885923530957,-0.003915904915579343,-0.00222975445536132,81.98644601552607,246.29928984789368,-0.001839359571871524,0.003199752978331369,1083.7861585787684,215.18677820481253,0.003241140639318007,0.0017682106698838284,88.90047578575867,-211.37097678155948
16,50,14,683.7908754438756,0.0069987164080445785,-0.0,35.77460629921261,-0.0,0.007365498526812199,0.20181997808146265,626.1002594545872,234.2346788852928,0.005981261231147922,0.0035805357761034174,55.78018859071202,-65.6531891552265,0.0065739945809660865,0.19205483424353928,1333.6861361592846,4057.9934639629987,0.0033339228086068963,0.004855998386793173,121.88042874952549,139.73754436929167,0.0017260583797222048,0.005598781244254331,-153.9801852382514,-1221.6168818215842,0.0001250468282762248,0.005664123195057179,74.77057713688438,-17.67549074451923
17,50,13,548.7687413466983,-0.006517203393173069,-0.0,374.08439960629926,-0.0,-0.005293563341693643,0.20263578310374544,-571.6658245753641,-394.7020647670091,-0.004264052210866164,0.004782599024083747,-134.27400866056013,153.74755381801688,-0.0008213281644390128,0.12015324037576758,-598.4236310663897,3509.7173989202074,0.0006788005860572387,0.005531020663282466,-44.0947220993805,-159.8292938079714,0.0029642416041579054,0.0047217863519830395,-824.1335772493205,-25.048112029114957,0.004530003669161847,0.0029865818416068253,215.1505399016086,111.70064447102133
18,50,0,27.437221626614406,4.683753385137379e-20,-0.0,-22.714566929133856,-0.0,0.000628002144107743,0.19989863337137376,2376.1230780345127,1452.297897019166,-1.6783082991831893e-06,-0.00026710754679691476,56.664715754177614,18.243463206519515,-1.415481563000608e-06,-0.00015018281151218713,-420.2190215676343,476.18236945497114,-1.3419293899189092e-06,-0.00010678172672268614,-31.878986844969017,27.07220234629118,-1.3104122921247592e-06,-8.34165760964054e-05,242.4239441167349,-179.62187617262913,-1.2939045959716703e-06,-6.863564074478531e-05,29.674597612666382,-9.419899559307533
19,50,8,70.0877790883927,-0.004010605239307258,-0.0,211.6924212598425,-0.0,-0.002616889162327235,0.20224439414326953,-2510.252277126998,-244.93588758096269,-0.0012658062383022934,0.0035257233485801146,86.43444309195402,-60.90621667182271,0.0013612258848496581,0.029122141348759432,-729.0393809504875,-1310.0686925537686,0.002963500334399399,0.0020760614986741195,-20.440932645061352,-180.8660036674802,0.0035852904187543676,-1.87762206861534e-05,159.99057641537075,-506.92315025880015,0.0028370355481479276,-0.0020062198337315084,-78.67307092087874,-207.2163534046932
20,50,3,93.92444035216062,0.0015039769647786003,-0.0,-57.20004921259843,-0.0,-0.00025198289139367853,0.20114593816125975,1769.7337012930982,-1336.4427056759855,-0.0004575272370714312,-0.0015573920120269887,-37.37881412852075,0.9535441503674142,0.001825054355693243,0.04826950507127214,958.5187778477361,-1710.8414110749877,-0.0011366977102559477,0.0005514467421041873,-101.83946713702191,-53.45845635444466,-2.7270983011970256e-06,-0.00151952097113557,-231.56250187925906,-242.16524790223144,0.0010344542268354788,0.0006206599708928286,-16.504903175302555,54.29833974674463
21,50,10,851.0544302217048,-0.005013256549262003,-0.0,-34.75024606299211,-0.0,0.0002211377861878688,0.20498688711444446,383.6287702935456,325.0028400637482,0.004860017354127946,0.0008977151519161086,14.834271574880146,16.79404070652827,0.002598948306608288,0.1470918492204862,3880.796785331848,-741.9745522771536,-0.004430268285053532,-0.002128355176348763,228.64552130485163,147.2386520673678,-0.0017875645620316393,0.003748431169612779,-546.2645334307882,852.4208837797532,0.0037644650977005866,0.0017394698601227501,-206.4073561089096,269.39403483029747
22,50,15,1347.2951581250343,0.007519884823893001,-0.0,-183.09375,-0.0,0.004479801427772479,0.20645113844331048,-327.4793899118294,5.212830541400361,-0.0034763281320348335,0.006674473279453586,24.48039300713841,144.64808091724413,-0.0055502169457260055,0.17711381303733356,-950.0528164638787,3856.9823511540962,-0.003909384055722969,-0.006533306351425208,248.89610788640277,336.2073790705557,0.002858795797857062,-0.006505097991301628,-1511.9408884558995,-207.2030464130133,0.0063706361717207295,-0.0009481871877526262,205.77476711885865,5.583654683158259
23,50,6,96.82886796120039,-0.0030079539295572006,-0.0,-102.85826771653542,-0.0,0.003576520986352378,0.20046051319215416,1649.0614243262214,1353.363146073529,-0.002774868161996318,-0.001164882529289518,215.47674482205426,-48.69620488842344,0.002970159417755915,0.05167713574979786,-1909.888678383882,94.17187467590215,-0.0021395976931518124,-0.0020929939803583683,-161.29682705852102,111.02815683409766,0.0017130490046152293,0.0018959953807670717,-103.04890771521013,-421.4273199873812,-0.0012656679320619574,-0.002366651675408028,77.20020274208987,-151.09256973812955
24,50,3,58.98993870717203,-0.0015039769647786003,-0.0,46.77017716535431,-0.0,0.0019578789222661178,0.20060564363257713,-2629.5316033473337,-364.0325896109346,-0.0008546596835364151,-0.001412923679656356,3.466202062377976,-10.609696429401195,0.0004350763485884732,0.026466979996619452,-532.14189619734,-1313.8645084013676,0.0004637859425188127,-0.0015144364276527351,-14.521308157760052,9.819184319613889,-0.000983189654327136,0.0007905856204054907,313.9222072211638,-265.25840357742965,0.0012311494298764356,-0.000452142549744951,-41.26526944117463,-57.80166475695769
25,50,8,94.38046432127818,-0.0040106052394096,-0.0,-74.86245078740156,-0.0,0.0021676835685271924,0.20361746630252167,2134.436591978495,-673.31862707002,0.0027674497766712546,-0.0029594810667796165,57.556382875392,52.098113378558644,-0.0031382060943887327,0.044782821419265886,1821.794708757999,402.137978475102,4.359224279794516e-05,0.003468777860196101,-143.8051803809578,-5.597189061479846,0.003291258411424274,-0.0015960065187673605,419.50457944697433,-262.1936905466395,-0.002464475728084135,-0.0025015010298339324,225.8575876149666,-24.18680848447502
26,50,0,27.11377420680984,4.683753385137379e-20,-0.0,57.67396653543307,-0.0,0.000628002144107743,0.19989863337137376,-2229.167065500881,1642.123543892906,-1.6783082991831893e-06,-0.00026710754679691476,-28.279432887013407,-22.626809668314653,-1.415481563000608e-06,-0.00015018281151218713,-186.36554673748608,586.0937393892559,-1.3419293899189092e-06,-0.00010678172672268614,9.012613533347956,-2.6908116787944736,-1.3104122921247592e-06,-8.34165760964054e-05,-289.71327541948216,128.64931787240823,-1.2939045959716703e-06,-6.863564074478531e-05,-15.171779281321982,14.485179867708784
27,50,9,145.6904101037841,-0.004511930894335798,-0.0,87.79945866141733,-0.0,-0.0026463260747447794,0.20302211309890356,1076.895293373189,-1541.1718247207602,-0.00027902161864387946,0.004311738675560216,-51.6234071337601,89.65543704812808,0.0033723070688683743,0.0679538425843524,-631.4177234650004,-2379.7223509897935,0.0041651534962206735,0.0001969733236289641,228.09760051250987,-152.42152595171706,0.0032634002690982624,-0.002578502439010977,-274.1495618455295,535.0417390323992,0.000717602092381479,-0.003932303315382463,-233.10910718330746,-110.77699926206103
28,50,2,68.11062343062335,-0.0010026513098524003,-0.0,-9.352116141732276,-0.0,0.0006280859173321384,0.20092350721591573,-207.6983522543521,2523.729585630597,0.0009838533270109713,-0.0001818929175270114,-9.882237581953273,37.82201435649279,0.0003339288196578256,0.03446653525648812,1368.7741703146492,-823.7731963575294,-0.0009367555750286534,-0.00022926642675448393,124.13638959811173,3.2283121727080286,-2.36112108218724e-06,0.0007469805800507397,-356.0653221899855,-130.67550152065138,0.0008523090363353194,-0.00011617452489911113,25.9608335954429,43.23163980447248
29,50,6,189.62668281382304,0.0030079539295572015,-0.0,-126.46998031496064,-0.0,-0.001879893271342275,0.20159420295847508,-939.1773017472061,-1210.9529317156394,0.0011900968001622978,-0.0027820561893055888,-46.659560418251495,-189.67955004681014,0.0012146676934669872,0.08185711782255502,1364.5930936597097,2338.005611527063,-0.0018967943861908847,-0.002445509586332246,151.935682371134,-5.921458804725717,0.002603628338440568,0.0004372185286380905,-519.8635060205964,399.4929401283558,-0.0024311717263720486,0.0006483418054928385,43.90912667066553,168.84951054340286
30,50,7,102.0742944464713,0.0035092795844834006,-0.0,-72.36909448818898,-0.0,-0.0020916183263315,0.20212831931512454,1924.3213743411277,1075.5313670516173,0.0007299503533473533,-0.003518936637057017,20.718935931955322,-18.06830841740061,0.001972000575123014,0.05183623270931409,-1529.8051299145463,1339.8945319963693,-0.0029781968470405235,-0.0016297817989880067,-143.55286093500675,143.27236827507318,0.003039065717162553,-0.0009564842045956106,-465.359304365405,-84.39215430960905,-0.0017907099443498864,0.002263215655703853,-195.74312992333046,-4.570196511134834
31,50,9,78.20475384456286,-0.0026722609774335773,-0.0,222.51181102362204,-0.0,-0.002029162358172633,0.20015841498308082,-2258.8090005644567,208.5840121633006,-0.002613799174181062,0.00028147409865285903,169.4402598141342,30.86427543130329,-0.002185269309772372,0.03830392507967565,-1272.7936764348508,-913.7540461946037,-0.002444107562230295,0.0006418325111808904,124.64533270517164,15.981795687328155,-0.002321647686036664,0.0009101675175342501,-61.49744352430601,-224.42382293645392,-0.0021799265609086394,0.0011108774014507849,105.90315984806334,62.803676203035295
32,50,15,2748.6195902929544,-0.007519884823893001,-0.0,210.26279527559055,-0.0,0.005889040879710064,0.20541884021406787,-156.19854242239086,-15.699500233097227,9.503329110042034e-05,-0.007036429135009051,42.57970618993883,244.51278878003248,-0.002775508905908559,0.2627172710861871,641.2614470805845,-4042.97937026408,0.006989348560060417,-0.0008184391022095807,13.207603001602466,-146.01972671537428,-0.004615662820395483,-0.005473820163911445,-430.0770266011129,659.7124149374368,-0.00024933549980869936,0.005991030902203164,56.492077494215906,7.442554695635109
33,50,3,99.25021784389247,-0.0015039769647786007,-0.0,-48.088336614173244,-0.0,0.0021230451437454535,0.20002280847243847,-498.50596768985247,2077.5056225171315,-0.0014689392538694656,-0.0003074664713945293,-68.47741906490157,84.91192579154914,0.0019202506754860335,0.05286424784012074,2014.4013147464818,158.89527144838766,-0.0013687534039192669,-0.0006026055034594917,124.11311392029054,58.54811306882075,0.0012896123805733147,0.0001928841330174135,-283.1410195737846,-177.99842381316657,-0.0012112999840545075,-0.0005657337686523877,64.7141813898682,-46.53310058005578
34,50,1,36.02082692043558,0.0005013256549262004,-0.0,24.087106299212596,-0.0,0.0008029750073722656,0.20037236112704937,-529.8545901228924,-2723.696539197119,-0.00037301934705714825,7.636651597592279e-05,13.0484010097658,-29.553798495948197,-0.00034584007633660087,0.00801572208160352,-174.73437828713168,864.2267664653864,6.26342831679498e-05,-0.0005981658841742386,32.20074128584705,27.854809253722532,0.0004362778682285873,-0.00019706634464838993,314.3546127656445,-30.092118345627693,0.00023194138216900856,0.00027798081160289155,17.74624855582432,-5.992528241070891
35,50,2,56.58730480246387,-0.0010026513098524003,-0.0,18.637303149606286,-0.0,4.1329452146331576e-05,0.20072507643861034,1665.389682110901,2127.8831356985156,0.0003030812693288939,0.0007299999841684115,89.1744126857064,7.271434748059546,0.0011521765471611551,0.025333413685531908,-1365.1541609696599,-398.2539298443364,0.0007530887167694281,-0.000742401965542257,4.069768288060661,-19.97689805795539,-2.054172446887537e-06,-0.001028043777389129,293.2254504449286,0.7788116059771483,-0.000693232609432036,-0.0006045487500095812,77.64464139190378,42.42680064844458
36,50,16,633.5126755057134,0.008021210478819202,-0.0,-319.45201771653547,-0.0,-0.0067003815762373,0.20322832011513578,-55.48863605121324,705.8218499343295,0.005395708587198774,-0.005505815253318174,-217.08579464810438,-164.36762507147608,-0.0006225801233708091,0.21818293580844875,3930.8415366604436,-1365.1111293416336,-0.00047958143158859383,-0.00828968524116683,104.40167773497518,-173.9601380131586,0.0032513156663750795,0.005915656204701369,1144.3711687082725,-286.95733368964636,-0.00527383383415032,-0.004708090054567551,219.05040883821746,-166.4369376497508
37,50,9,59.67197937317809,-0.0045119308943358015,-0.0,-150.0086122047244,-0.0,0.0048045498046698915,0.20156840466959433,2580.242493806091,372.3228229689817,-0.003232494447937894,-0.0032496476574552214,35.172845404007006,-155.42441836563725,0.0020478635691409015,0.025360281643565078,546.0366583750032,1176.00878218685,-0.00026614892571531735,-0.0043752404355331615,173.12291632461205,130.25220383181087,-0.0012496869578230113,0.003716147589671481,-327.72711569273554,346.66404195264926,0.0024492144501932385,-0.003060292501947506,-145.14421315588424,134.09473023692547
38,50,12,166.4180050066545,0.006015907859114403,-0.0,11.28100393700788,-0.0,0.0034473400500405036,0.20523862323157271,-1257.9156325683696,1085.6689714246409,-0.003291681553993474,0.0048197843250014725,-126.28278608949954,-46.515569587775275,-0.005051582695859732,0.0736280815647267,-2030.3354774179165,1391.5657446266152,-0.0021325546251632133,-0.005546196385827029,36.75050306340827,-185.38742096874856,0.0034281875988275727,-0.004371403383071801,652.3256764245123,460.2040053305313,0.005020544914568069,0.000855925465140719,98.27344158187407,212.1844153570233
39,50,5,121.95035121585262,-0.002506628274631,-0.0,-15.624015748031512,-0.0,3.796471931557856e-05,0.20237129844519205,1008.700635456767,-1692.1057316287906,0.0021863118437261556,0.0010177983434035847,84.25718648559993,88.89144343340595,0.0021827781512592922,0.061997463114543246,-918.6637357242013,-2052.2158179360713,-0.0013525600255450839,-0.002232874712159723,-146.09917613852383,-126.2255833781071,-0.002088878248777984,0.0006221199736212377,-185.72933550487622,177.67130057523073,0.00029144917205821777,0.001961772272852651,152.84238660440909,-85.895562384829
40,50,7,399.155435125168,-0.0035092795844834006,-0.0,-20.338828740157453,-0.0,0.001728752902654106,0.20330155566788155,222.35122195593047,916.2366241468437,0.0027634608920115086,-0.0020502326626888135,-16.967088946757087,-45.90178892201968,-0.0016715294178646148,0.11405469223132678,3471.628146932132,234.1872646013766,-0.0009379688241911392,0.0026264089906530225,313.58305961273436,-26.273217252781343,0.003134196874208273,-0.0004003762992001668,-941.7457784604937,640.2242225694831,-0.001034958896608982,-0.0030313201344494543,162.34634026715804,112.66528792366131
41,50,11,51.15151135354409,-0.005514582204188201,-0.0,16.435531496062982,-0.0,-0.0009036630968969516,0.20518231963355632,-1292.088690687122,-2526.735767395778,0.004572682240269444,0.002672585450787637,-139.00042401327215,-250.73217187811568,0.004118113620972047,0.011737239205943982,694.11711547829,681.9707800381908,-0.0021889418303688494,-0.004807238078166569,176.80649047064506,-112.31811017510655,-0.004876056470225498,0.0006596620930889676,102.38045077898575,-543.4563209692261,-0.0005907158510231488,0.004573486127450957,259.32913783557797,-198.3249581561119
42,50,7,104.1488792488658,0.0035092795844834006,-0.0,-12.114173228346445,-0.0,-0.0005346504349352487,0.20323408357912423,1977.9136059195876,880.0852764584232,-0.0026845955762008836,-0.002300370839092002,134.8722092654246,4.586420381766735,0.0033822653672848034,0.05264849877879745,-1146.8916647957299,1696.365769458889,0.0006892553079492627,0.002899622333900252,158.0492695416376,126.24384331280397,-0.003118644706371895,-0.0005796054891616495,-185.66942905486593,30.38679003783243,0.0013383323415150795,-0.002814799931101539,131.80650301751697,-94.74645025138388
43,50,15,225.2953643782564,0.0075198848238930025,-0.0,261.44168307086613,-0.0,-0.0029371581464623406,0.20655359592014924,-1220.2269018661739,812.4054248340917,-0.004036707162923756,-0.006224529870620679,182.02082257185648,-238.00401906060958,0.008104023288585059,0.0952065946888644,-2936.683351188849,-359.94139843691664,-0.0028274727408094504,0.005973324548535047,-334.70515667855886,-252.83901311864412,-0.004128771613362117,-0.005581217961491775,109.2458594525938,676.16113348842,0.006319706531081572,-0.001239130260560619,-191.0901173135129,354.1854058458748
44,50,3,77.01537853016765,0.0015039767106337656,-0.0,12.127460629921256,-0.0,0.001957911142100808,0.2006159803641458,1599.4618865175053,-1835.964405132748,0.0008522683853920985,0.0010323821695278521,34.597144253896666,44.74233291317534,0.0005650691108862604,0.040259258962635755,-287.32283812604527,-1731.2672518707234,-0.00046924592705796644,0.0010799876652170853,21.94349292998817,-36.03834720181483,-0.0009835972034843053,0.000764658432199018,-314.9010856301705,-106.48924358822626,-0.0012353536583052367,0.00022914106443804266,23.74112205615137,1.5979969341620968
45,50,5,116.89269857464097,0.0025066282746310006,-0.0,-146.95423228346456,-0.0,-0.001616345359866402,0.2010329088163005,-28.399443602522158,1949.2918808394502,0.0015206674569386016,-0.0020645025358335977,60.496134243605766,46.72271752554307,3.4332005071073115e-05,0.060171028384197835,1897.4075385913163,-993.2499302304008,-0.0005560006109179449,-0.002574790398350387,-4.35684211869286,30.89489917523826,0.00142685020646098,0.001536032849760287,-377.6675660308801,132.49922371834708,-0.0019469659036499558,-0.0010312955694839455,44.39876465113052,-122.26027405714161
46,50,6,190.441215698058,0.0030079539295572015,-0.0,0.6897145669291321,-0.0,0.002522506940619644,0.20227999938309327,-1211.2761393088572,-1002.6658134173452,-0.0005905737119206353,0.0028265488121158224,2.4629009041628414,-158.56222252764465,-0.0017798569519882673,0.08394782010744063,2218.1040365378467,1732.1702863381113,-0.0025830648553479057,-0.00148814338900392,-99.14565062711071,-76.90980927886231,-0.0007547551659803629,-0.0028239421562126026,51.85140869440257,655.0564491520594,0.0014508141686658137,-0.002290327281570775,-40.60974105247478,161.15946768988215
47,50,4,119.68111280885184,-0.0020053026197047997,-0.0,-0.6486220472440846,-0.0,-0.0007923779990633604,0.2013463574238037,1908.799156483277,676.4829825116091,-2.5530907627664447e-05,0.0018463494904893464,63.851465611991834,-104.59245795167192,0.0019002525979793627,0.06120408677537091,-1100.3212193196368,1978.5363159586943,0.0018632226946303748,-0.0002662799099907314,13.090693329522606,-45.67898072037863,0.0013050993727035313,-0.001424606986546731,-390.88802216955145,340.91575898189774,6.160811466405647e-05,-0.0018565413334450497,-24.0050887999817,-88.1826260860606
48,50,0,26.928663413205797,4.683753385137379e-20,-0.0,96.5369094488189,-0.0,0.000628002144107743,0.19989863337137376,-2663.4228526008287,723.2240258569964,-1.6783082991831893e-06,-0.00026710754679691476,11.148537645938683,-28.53288016129239,-1.415481563000608e-06,-0.00015018281151218713,-608.5253830343544,84.47580309009697,-1.3419293899189092e-06,-0.00010678172672268614,23.173504225362908,6.3009266742586565,-1.3104122921247592e-06,-8.34165760964054e-05,-9.123626247453252,-303.8676662952715,-1.2939045959716703e-06,-6.863564074478531e-05,-6.50896703116137,-8.587833406564219
49,50,4,65.76777028477265,0.0020053026197047997,-0.0,-51.937499999999986,-0.0,-0.00023329214695555785,0.2017224389579801,2043.771765662475,-1590.9606189996148,-0.0012377683128238556,-0.0017279048299267696,-54.772059594748356,-52.326346468999226,0.0021598418232933233,0.029788910803765126,465.6557630553349,-1476.0413171083787,-0.000398632376656606,0.0016139159159453914,-99.69605502970032,37.06597412834498,-0.0014201911550893761,-0.0012404323530830195,7.644844777243827,-253.3317205812232,0.0015255142526166272,-0.0008755167825793127,66.9740037057859,-90.2987337072128
50,50,13,70.53759545607433,-0.0065172335140406,-0.0,-292.49704724409446,-0.0,0.007111817975179999,0.20016655055470994,-1343.242593442887,1901.3115752606545,-0.006385494345390274,-0.0006747030789240331,-298.0635589154679,203.3309533483652,0.006514341761827719,0.031739052360347145,660.4690072121846,1201.616340111949,-0.0060039884076664805,-0.0011260247527370968,-98.99343556434462,360.5385624455025,0.00572679415517681,0.0009508354207916855,255.03530009742906,-202.05909745450668,-0.005414839729287282,-0.0013559535439564324,124.89302758900364,281.5604413505766
51,50,7,502.1776790648156,0.0035092795844834015,-0.0,176.6744586614173,-0.0,-0.00171488465336883,0.20258760236263232,-635.2154337949136,-528.0255459923244,-0.00034571577198051913,-0.003385532225315658,5.736863503137362,42.30179730166474,0.003940356163451732,0.13197594968894807,-1013.8225202382552,3742.284276173561,-0.0032096868449743737,9.801868433444146e-05,22.036108650701507,-6.8048193296882635,0.0015934845147611235,-0.0030311829108848666,-1266.4391217008153,-99.84866862602789,0.0008838046554247774,0.0026132584807666975,91.61223748356997,68.62703225284879
52,50,5,51.03912235838986,0.0025066282746309997,-0.0,-24.35752952755904,-0.0,0.0015467091180864838,0.2022331411137419,1425.8294339302336,2325.269545512238,-0.0017964708831914463,0.001464062931553528,163.38488728969958,52.9736796531286,-0.002001633799496606,0.017813735801219522,-867.3503710831283,-854.7606233089715,0.00014443269373836298,-0.0025022317462928133,-8.89914696787291,-170.82586477280398,0.002131543200791931,-0.0008123018189970685,291.25908713716206,181.60861035863792,0.0013599234081180204,0.0015519997294644158,-15.707303000667602,-22.47707166383451
53,50,8,263.71811605966127,-0.004010605239409599,-0.0,-31.486466535433067,-0.0,0.003985978779656656,0.20213114747197813,-1256.4973203067168,169.1829514334384,-0.0016328679674072596,-0.003623119011589222,82.73149687814235,58.859077747498866,0.0003479446231459576,0.09960939302381462,869.2071237414362,-3083.268121635336,0.002447181685460661,-0.0032545816986059963,-133.90489307218354,-54.12732900357785,-0.0034507601775780527,0.00073755482182315,-52.0045125823065,-719.3185073935275,0.0032725135494562746,0.0007773644672040787,124.12666611071613,-154.24548310112883
54,50,16,660.486221235269,0.008021210478819202,-0.0,-266.5063976377953,-0.0,-0.006639264331168126,0.2033778792840353,-581.5407487168311,-329.5641916336185,0.0051756146368926335,-0.005666743872869807,-318.6740045445584,122.75371056860365,-5.785867461285446e-05,0.23430994163655713,4140.415898715037,-56.96403701536051,-0.0010405961541424583,-0.008288214205580985,78.24581175380163,152.4814345902649,0.003838285219201137,0.005550524790070651,-221.66779002087162,-968.0652193988925,-0.005732349307317233,-0.004107177836256501,65.960127121918,-53.84035571639717
55,50,4,34.064447538886576,0.0020053026197048,-0.0,49.70152559055116,-0.0,-0.00014177832668219178,0.20174246984362934,-1614.9968455356016,2294.1209344922977,-0.0013858573250926933,-0.0016630826295077603,-87.28228609888524,-46.64952648611776,0.0018081262886491126,0.0015279568279809525,461.02388512613567,542.0109507325865,-2.4915905666270163e-05,0.0017525621611373104,13.641766122886624,113.5974868615948,-0.0016483503900218298,-0.0008006328477768163,54.46600991364906,357.67575540649705,0.0012296525537558054,-0.001257292807468855,-132.26999427247728,-61.737970131758004
56,50,10,272.268770867934,0.005013256549262002,-0.0,-118.54650590551182,-0.0,-0.0033346195469389165,0.20300174957696845,-628.9743567077171,-1075.1724555406827,0.0012843448519521178,-0.004801376237777964,64.3689195069476,-194.6911265245671,0.0026945319033664246,0.0962542732768325,-374.4961656969986,3078.276251990245,-0.004039299528764985,-0.002774919238226176,205.3226527801816,58.740862348469065,0.0044470068639206545,-0.0008185608513970044,-858.8526113281819,-208.5705645939997,-0.003043643008652588,0.0028105800163712186,-112.91745342654986,228.88589561719516
57,50,6,141.07816408405375,0.003007953929557201,-0.0,-108.82824803149607,-0.0,-0.002005064500904309,0.20137422436699165,1435.1158782669986,1046.4026281298247,0.0016139034164496483,-0.0025840112019486286,58.92829816070725,-115.9561552552212,0.00038448590545456425,0.06869334624167169,-2340.708769101796,15.758714783058688,-0.0011329876199356508,-0.0028980209414134163,-40.28773647628546,-83.3973418205195,0.0021237169069326586,0.0014424348354649876,-203.93335647011537,-462.5572226361159,-0.00253232224035748,-0.0005736894775098637,100.27693365054455,-93.90415312238375
58,50,0,27.796670519790528,4.683753385137379e-20,-0.0,68.5027066929134,-0.0,0.000628002144107743,0.19989863337137376,-2719.7312399145244,296.78471522422626,-1.6783082991831893e-06,-0.00026710754679691476,14.745372235974871,-21.330052880949857,-1.415481563000608e-06,-0.00015018281151218713,-597.3860465313069,-206.30992046296126,-1.3419293899189092e-06,-0.00010678172672268614,-7.039472247155371,7.81749969305299,-1.3104122921247592e-06,-8.34165760964054e-05,193.2566192242954,-221.59458412844543,-1.2939045959716703e-06,-6.863564074478531e-05,-6.4870724194414,4.791118038651126
59,50,4,64.76393957690381,0.0020053026197047997,-0.0,-125.18061023622046,-0.0,-0.0012782352223789574,0.20051382351798747,1864.6141985042464,-1659.6092679921942,0.0016211198508909027,-0.0013137704623945546,-25.64946293496574,116.58183154144184,-0.0009130371287506785,0.030948219817591913,303.594796612368,-1419.0082072665205,0.0006630660708426168,-0.0019537146551106294,84.42136682752826,-31.80612920784708,-0.00011486562283882285,0.0016519939739608107,-78.61076680744571,-405.944678439221,-0.0004062154300949822,-0.0017686793019613413,-10.877222503600551,-107.01223076428958
60,50,17,640.7320170691443,-0.008522536133745399,-0.0,-397.24507874015745,-0.0,-0.005408757479013632,0.2060056194600143,609.997372330502,357.43665634176455,-0.00010397230748947148,0.008568592296745023,287.96060842138786,-77.2459739192925,0.007504183091471973,0.19943970410943185,4110.692334717763,350.0480295275587,0.00792570388203867,-0.0005740854201639522,-295.4337444374955,21.890983579782684,0.005552737448600984,-0.005668494261909807,-1143.8876174116444,929.7223702745555,0.0002675803236501294,-0.007585510685556735,319.65190980203965,21.00910668551235
61,50,14,1066.2048125316003,-0.006784481239243027,-0.0,-8.036417322834648,-0.0,-0.006017211452865255,0.201312009984059,-305.7602767034869,281.35290268823024,-0.00623753567687735,0.00270813553989851,-50.24145805453319,-79.98440938964363,-0.003300947660638724,0.24673337259046776,1676.889555418884,3856.379089203518,-0.004766147702344255,0.0033162758777663132,57.01274010063009,67.40606170053897,-0.0037845336024193857,0.004337257209727886,-580.5447050542537,786.0884305831746,-0.0027298208726842703,0.004857086549890497,10.489927505097349,122.17632388393267
62,50,0,27.69512553035704,4.683753385137379e-20,-0.0,-25.861220472440937,-0.0,0.000628002144107743,0.19989863337137376,2455.6497395400006,1259.2824529432608,-1.6783082991831893e-06,-0.00026710754679691476,54.14568300681523,6.223604647759401,-1.415481563000608e-06,-0.00015018281151218713,-293.38599273516223,552.3622456596585,-1.3419293899189092e-06,-0.00010678172672268614,-21.87537951264078,37.42037416820963,-1.3104122921247592e-06,-8.34165760964054e-05,152.86732224343996,-269.38069332130164,-1.2939045959716703e-06,-6.863564074478531e-05,25.07578243146176,-20.2226119135618
63,50,9,841.5866559240328,0.0045119308943358015,-0.0,-10.422736220472443,-0.0,-0.00018558140443770014,0.20443755085434867,61.01935024862316,519.4151386322222,-0.004140638915669996,-0.0014591226823516905,214.8909644336879,7.024758465714526,0.0037780690766765126,0.15805576875379482,-3722.3306619198256,-1645.1376391938795,0.003126422480502513,0.0021347154549278143,-209.1187295862252,-133.0085176883269,-0.003196554621303631,0.0020869971720981297,-501.9162207505837,980.0982956167777,-0.0017725697541463607,-0.0037000674893378793,118.0186860118022,179.57085264395806
64,50,13,424.6882424770359,-0.006517233514040601,-0.0,179.88705708661416,-0.0,0.004700954201293211,0.20503526120486237,-99.52174777857994,-893.9760167455056,0.0013574125723049984,-0.006250206851363387,81.35927543250777,-18.265889684475702,-0.004520906642378657,0.1169935260192243,-2630.7646093487256,-2411.5783535529376,0.005518221853477505,0.0020149515467069606,-47.66317932550281,-168.22484631432692,-0.0014551288463594534,-0.005947448036602537,1025.9434460507496,378.67101203042296,-0.0033250841919607176,0.00423069786957605,11.940981219180635,-1.020129481071358
65,50,14,156.32844430362934,-0.007018559168966801,-0.0,53.70792322834644,-0.0,0.003761231721484399,0.20619884151298926,294.38922373742355,1725.8556823899391,0.004121955599911303,-0.005619631506542516,-113.69607570749132,-103.96048782455938,-0.0059551111223305276,0.07142880962401356,1832.0324391248564,-1537.097604570519,0.0018587156538190266,0.005908716509294891,-93.02214332646658,-278.8337711064692,0.004575173196035273,-0.004519813897640091,32.52786611704974,810.8817659508339,-0.0056181574474221205,-0.00222732954369056,-83.76333432718044,-255.25820812830634
66,50,12,1063.163802485125,-0.006015907859114399,-0.0,137.4205216535433,-0.0,0.005314449083405228,0.2037922540940795,-293.46312158814317,309.8891332155923,-0.0013238286537578766,-0.005503761809574851,118.27131700896835,-105.47895369199391,-0.00043802968671550346,0.2233421227156748,262.2244859994089,4257.072397065351,0.0050288040247912155,-0.00330747200211019,182.60022578464572,122.1443697055523,-0.005261790740500995,-0.0016681587544623198,-983.2874222220896,328.21121766387546,0.00321137844999027,0.003630893492056809,91.01515390539282,-17.925529885241456
67,50,9,610.0130225935549,0.004511910041427511,-0.0,97.31594488188979,-0.0,0.004739554937577642,0.20182576329992377,575.008619741838,-434.3876081234089,0.0029940573003922936,0.0033767563357368973,93.29339626818835,-74.92196557063612,0.0028650365202017455,0.16046800274492,-4072.944818171601,694.4034857371843,-0.0003773226090607056,0.003540611546712003,14.278984933242523,79.60549145910797,-0.0019511627120563594,0.003160691632982345,-1291.1561750041114,-38.559956329697684,-0.003058345163046682,0.0020598911086349894,-175.82928395617105,-74.73478076098358
68,50,10,132.44460854553463,-0.005013256549262001,-0.0,74.5302657480315,-0.0,-0.0001216245354652782,0.20488247072150387,-1894.1011501726698,181.6275809277398,0.0047020041192796964,0.0013537987898437976,-85.01447739582794,85.17707628022305,0.002725797910707122,0.06148061784650776,-1487.961097474577,-1603.3091921749199,-0.0038495755862425706,-0.0029826497839938342,189.72707596684515,118.25921485245146,-0.003074416836090994,0.0030630353101117436,-132.30573800334685,-286.85387672993244,0.002636847135381958,0.003202644394301144,80.81450674491987,-335.7848902126193
69,50,13,167.45921272477213,0.006517233514040602,-0.0,-267.626968503937,-0.0,-0.004572694100551606,0.20382673918025718,1267.4703262912585,-1081.7878596603107,0.0018241281005795264,-0.0062484311728035445,34.73850199275455,209.82750722696517,0.0027689779550721695,0.07069167470929014,1404.8271949512796,-2009.5007565149278,-0.005088101237899893,-0.0036471334408666447,85.7466779256206,-266.3610349858262,0.005817594432327889,-0.0005717526719187418,-536.3853632496338,-402.40074837619744,-0.004237722236686717,0.003438472766790654,-314.797155329833,-19.040169579065708
70,50,2,57.592206888045354,-0.0010026513098524,-0.0,-17.808070866141726,-0.0,0.001372667810399514,0.2005829267949641,-823.6456986427652,2540.865736550481,-0.0001124503778380834,-0.0011835755174371687,-82.5032406425578,54.32358380469886,-0.0003129137743628872,0.026621702016547864,1425.5909732622779,183.93272490741754,0.000907619560953973,-0.0004056775617674689,15.67037653478717,48.708814186030175,-0.0007883718661017239,-0.0005645337803580712,85.44927239337217,-334.23258811361717,0.00028244558497732454,0.000702429545704189,9.341051941182528,10.76587288313004
71,50,3,43.952191391171944,-0.001503976964778601,-0.0,35.681594488188985,-0.0,0.0016461398836922273,0.20100778106785316,-781.5315334421813,-2660.98114338651,0.00010984221950890473,-0.0017044991111017848,-20.031135172994265,-24.443352796232634,-0.0009907092746169943,0.015741381605251705,106.64387167601683,1106.352515867962,0.001382924299651532,5.204729391076533e-05,22.198492510559046,58.52644189051906,-0.0007582739494337379,-0.0012247849168396047,262.4616618321267,-256.7455519394566,-0.0002891302705011196,0.0011604324837199156,47.28995899296498,2.4442185820204485
72,50,4,151.9454091121893,0.0020053026197048005,-0.0,-72.39812992125985,-0.0,-0.0012371359564388026,0.20066470978707657,1308.2985879759306,1082.5279583272477,0.0014689150092082647,-0.0014048867463657315,119.2952490683125,-67.35107332790025,-0.00020114048389201678,0.07432028297256701,-2318.243333420368,-794.7690237550181,0.0002062977237645848,-0.002213072343273123,20.559976075789454,-35.48032115466735,0.0004428307931312557,0.001517992163542638,-53.47528317820331,-477.2838347297404,-0.0009901973186421666,-0.001560972353578288,52.59952626707861,26.061526216967984
73,50,1,40.767213364033864,0.0005013256549262002,-0.0,72.40182086614172,-0.0,0.00038484187438949025,0.20034347065117936,-2635.5178737895326,-839.1333384728757,-0.0002601453372824941,-0.0006574966836645584,23.065565388716234,-0.9991477180290959,0.0005928380364005202,0.011821924584142352,36.28454949256804,-1020.0266681189703,-0.00021122758233774696,0.0002692990970636013,-3.499294338664936,-20.009681588349135,-0.000253838191382319,-0.00047702417513831107,261.72206993992944,180.3597322267049,0.00042400166102206973,-0.00012219436940181345,26.312850943835137,-39.13163922431905
74,50,0,27.140243598053097,4.683753385137379e-20,-0.0,-37.32627952755904,-0.0,0.000628002144107743,0.19989863337137376,2696.0144338736495,-514.8423188519964,-1.6783082991831893e-06,-0.00026710754679691476,11.62385765368141,-29.82713220397738,-1.415481563000608e-06,-0.00015018281151218713,619.7366220555571,46.853710392014605,-1.3419293899189092e-06,-0.00010678172672268614,39.81395993337544,-10.546836610649837,-1.3104122921247592e-06,-8.34165760964054e-05,-88.41523760899229,270.5271856544025,-1.2939045959716703e-06,-6.863564074478531e-05,10.869786378687376,44.644449583563706
75,50,7,310.07421473166,0.0035092795844834015,-0.0,-157.8287401574803,-0.0,-0.002367732394055025,0.20176935106879454,-432.65791481306593,1011.7582110220337,0.001622541178711934,-0.003074215245691024,52.33737896937298,86.81177799839948,0.0010911357865688953,0.10116250136645258,-194.92476436415302,3218.834818970953,-0.0018257607853040376,-0.003158811506092002,-26.10427405889209,5.5842126099876985,0.002837394319097217,0.0010696167393620742,433.4601607811757,-589.9261656278666,-0.002979407690834787,0.00010065538610969096,-151.15616214697027,129.851250083354
76,50,2,47.834497268461,-0.0009874964005172828,-0.0,53.91338582677166,-0.0,-0.0003336429284790663,0.20011777033682232,736.2665380080131,-2614.69546198421,-0.000887823755220135,0.0001728003168999716,-18.233429010820924,-40.4634130784218,-0.0006035180411274752,0.018002684053327493,-1168.306481936508,-25.261966609066175,-0.00061784591008919,0.0005232257706089059,-6.335867790915953,22.028432757037116,-0.0004437729734595346,0.0006580990520120924,-128.94591702097895,380.92814485357457,-0.0002613199836081935,0.0007198363229592528,-3.5343492339743476,-59.84089643036904
77,50,2,37.21924336156766,-0.0010026513098524003,-0.0,3.0669291338582654,-0.0,0.0007717784036347805,0.2008939266368178,7.5695844134685775,2782.6240100239675,0.0009426124207470328,-0.0005239137461945963,-35.43608106538111,6.21873061651959,-0.0003119130537926347,0.008969984525137616,628.2467455582113,-632.8263866751465,-0.0007839202845453001,0.0003690761385296495,57.130556348285296,-29.26689850363942,0.0005917775811368856,0.0005708566385201426,-279.30766774488507,-222.7485696109721,0.0005513631145629663,-0.0007334957252199243,57.972924459126475,-51.13310942310419
78,50,6,69.72879382183642,0.003006812248798287,-0.0,135.2972440944882,-0.0,0.003474994363596278,0.20084832359055155,-1399.7125530837232,-2046.102602476929,0.00238830628477149,0.0015474091679243567,-127.97200492955007,-57.67014388407321,0.0020014036833652517,0.034569917106809955,1318.0839574930574,819.5688987072164,0.0008618764073522967,0.002446370766928708,129.12062809388755,84.07804334936628,-3.3900485899162615e-06,0.0025477124159717706,-400.84386734597774,-6.232296141978297,-0.0007953892567493663,0.002326315707801919,-96.36758188919822,-95.87416160160481
79,50,1,31.611538311987267,0.0005013256543233131,-0.0,-12.935285433070868,-0.0,0.0010510901003332822,0.2001661101858323,2566.4783489540364,1011.6275456586687,0.00021365452184987413,0.00018446504448138372,49.55532826477625,-22.767752841458467,-1.8856927344663286e-05,0.003926739726319547,-176.73791463860917,714.5010487716742,-0.00028999921688515793,0.00024797948970684176,0.03611066394799264,61.167655404305094,-0.0004235342845493506,6.179149735136237e-05,-66.62286929169485,-305.16618598804996,-0.000418921914054429,-0.00016402288947857974,-35.47472344970342,-33.720854169912016
80,50,0,27.63736037614045,4.683753385137379e-20,-0.0,86.74778543307085,-0.0,0.000628002144107743,0.19989863337137376,-2548.0607713203594,1041.6946325057215,-1.6783082991831893e-06,-0.00026710754679691476,0.5714806015821169,-7.68731767469054,-1.415481563000608e-06,-0.00015018281151218713,-555.8292056716293,298.84740783549506,-1.3419293899189092e-06,-0.00010678172672268614,1.9426212104545075,10.010554950606712,-1.3104122921247592e-06,-8.34165760964054e-05,-180.4886332120266,-243.05960020389287,-1.2939045959716703e-06,-6.863564074478531e-05,-10.51638268949417,9.133140231318398
81,50,17,799.8851467641691,0.0085225361337454,-0.0,-30.592273622047255,-0.0,-0.0064188919218783665,0.2047891316217529,-542.2101702879118,-170.03444822733314,0.0031813337856128198,-0.007483285722565181,-102.38391796122995,89.87862326951817,0.0037157004392021,0.22874980254748917,-760.5976562204529,-4166.990697062934,-0.005659019468410916,-0.006444738050373494,-72.30727702985565,-46.63777596736692,0.0074839693928517815,0.0009305099930148065,-39.25461123496927,1200.6409037695541,-0.00669072454090243,0.002478891280683118,98.73849612268458,53.90379681612541
82,50,8,270.74541048038964,-0.004010605239409601,-0.0,-68.81865157480314,-0.0,0.0010788597338738993,0.20394265825791877,335.2157594545091,1190.9418767617315,0.0038394828953560727,-0.0009056192014385902,-6.282948453713106,-36.90903756073945,-0.00031933491327378803,0.09855875274456344,2645.6267590300176,-1558.4896568314027,-0.0033654955641528287,0.0011737475877335996,270.5088301514797,-120.00298702265496,0.00191881796352329,0.002754596483724466,-218.00487415215275,803.221446079484,0.0026569097317794004,-0.0023508235991770827,226.26940988065658,134.71989820161474
83,50,6,171.65310620016405,0.0030079539295572006,-0.0,-6.548228346456692,-0.0,-0.0013802684301236297,0.20217739740802698,-1071.9007772689292,-1318.422433845506,-0.0002970909571828526,-0.0030233426793079598,-114.76747122212079,-56.461107286693455,0.003049437454222529,0.07832025837618838,1795.0431911417154,2014.9498255602848,-0.0027498471781920155,0.00018849371761739584,-60.77468105421256,-101.00458175500282,0.0013666837653958086,-0.0025446917639097705,-306.54649915847483,648.2747101956572,0.0007582380578234042,0.002276601343744967,123.61115738559032,-116.11796772939388
84,50,5,48.99762875460189,-0.0025066282746309993,-0.0,-18.650836614173212,-0.0,0.0002997229834220019,0.20238594429236845,2593.2912442078627,962.2253001018814,0.002375835549010476,0.00041829823879620053,-39.94892848693442,10.673599058857409,0.0010967848355122683,0.015617572319292741,-201.84682561959036,1119.742806443566,-0.0020191100679404347,-0.001344514201550543,-21.930781222827783,148.85399952421025,-0.001376717612562809,0.0016552447038389118,-386.62934424714825,-315.4356872431462,0.001499287440735142,0.0014273443946341722,102.5542521898477,70.35789136870234
85,50,9,156.65874471818137,0.004511930359468763,-0.0,109.22785433070865,-0.0,0.004604569543954954,0.2020406449143636,-1546.7317305050678,665.7766043441073,0.0025137869097794185,0.0035512222539565126,9.337443118634715,94.28046628595206,0.00117615535432695,0.07431482306886528,-2440.98463399812,-581.3593133669422,-0.0015021754062609887,0.0035781458616621427,-114.25253346772583,-114.09412021398795,-0.0030321575753288524,0.0024549169803166912,-445.3090565983951,231.42881113929351,-0.003739224779172625,0.000747018864283006,29.85793482275182,-87.40938001318582
86,50,12,347.8622272490247,-0.0060159078591143994,-0.0,-36.886564960629926,-0.0,0.005406439806619898,0.2035888266645062,123.1091019204814,-1060.0112089868435,-0.0016132298075941444,-0.005699897718768753,-123.7301249952655,-95.4157812257214,-0.0011007042964260917,0.11077827613257571,50.523670900723374,-3555.661649107679,0.004762423795045167,-0.0034127899096497707,68.25377575015038,-383.906451411714,-0.005364225231549646,-0.0007884662190920224,-264.80291562703184,662.4956669289447,0.003777273645428053,0.003252777939013012,141.8749039807712,-221.4363734052591
87,50,8,302.49850527768683,0.003911985173768238,-0.0,43.21948818897638,-0.0,0.004456479583283132,0.20070267685566814,393.11415318292484,1052.7272436910848,0.0035829811794096922,0.0013898746102658953,-108.34096179178721,-35.6225735139326,0.004157585173015729,0.10420698141482586,2804.0299754548314,-1514.5905035567725,0.0026840420068020812,0.002043836666439658,-18.530306908392237,-36.88077638707585,0.0020999041317912906,0.0025788092601998587,-72.72520035171803,928.0417718458278,0.0014727100400256945,0.0028524090389023204,47.634075243387564,81.94514385114886
88,50,6,392.51457456842354,-0.003007953929557199,-0.0,-136.54576771653544,-0.0,0.0036058361470297884,0.20030598060567872,-959.1366057075936,-121.89273003739993,-0.00288772578707729,-0.0006120906285187068,-51.74013649488757,-76.78557013282028,0.0038493258691670897,0.11829436030765478,3477.4955431517824,692.6265756475507,-0.0025562006438746695,-0.0016723183185874567,-7.5560063425013215,68.39715761084457,0.0023122033114572295,0.0010658993434639397,990.648014538157,616.0998581479889,-0.0020590692454439167,-0.0017584020724689666,96.6584021130089,-60.58685402199891
89,50,12,63.905650426628526,0.006015907859114401,-0.0,-31.111466535433063,-0.0,0.00040232839727928307,0.20590340097382417,2637.1783277002555,440.6904169206902,-0.005894467669464943,-0.0006490943829203503,154.66895599106752,-298.97259884467337,0.0008995973858596538,0.020491791108846087,311.07617873349125,1142.8234766769874,0.005537175780140302,0.0006441378929197844,-89.31646533161599,-71.8684733154638,-0.0010108927093239054,0.005155314686687394,-625.7649300401492,273.95166734256503,-0.004998352709882422,-0.001253724221268553,-286.81342416642076,370.4448948893666
90,50,8,154.97441987527748,-0.004010605239409601,-0.0,68.80068897637794,-0.0,0.004139130414575424,0.20185290496092825,-1561.5687674476706,648.7566915026081,-0.0021534049281635085,-0.0033984410010951846,81.86087038558541,-78.8487682793896,0.000976143080504747,0.07405103639518003,-2440.397495907174,-569.7293539679291,0.0015006701083340207,-0.0037678797792534075,31.406085495465756,27.190738823616762,-0.0028393552350884413,0.0019841185646679456,-407.5602756057922,263.6238172484218,0.0033694229877211583,-0.0007185383867372848,-91.99821127405212,105.66759646538557
91,50,14,875.0291156929791,-0.007018559168966801,-0.0,86.84375000000001,-0.0,-0.0005512727680171807,0.20692630176524907,-486.58255983194385,-176.5277038309199,0.006503037928659586,0.0024767267527781474,84.88403222747513,198.44175965536232,0.0050515300882706315,0.1814559692365943,-2339.255965773207,-3442.451701678046,-0.005098355334425074,-0.00485552895943815,-334.3446809337308,-105.75170774858223,-0.004718274650368489,0.003717805567986062,532.4328162974438,821.70997708661,0.0031353123256359595,0.004771068797814095,16.466820418433155,-260.5933550527253
92,50,4,39.799320147699845,0.002005302619704801,-0.0,-0.7610728346456674,-0.0,-0.00039901255343039696,0.20161720499263583,126.83418895312667,2803.5044960912664,-0.0009288291331662536,-0.0019841502828855883,-90.47904004027156,77.22145219398304,0.0020057727984413177,0.00874170074139785,415.8842156096485,-825.469273452576,-0.0010418261611384453,0.001414285611350215,91.11522006874401,-83.41839978692677,-0.0007656582020091598,-0.001723719661813574,-168.43458606580688,-207.17742062198454,0.00169885412917694,9.113117124825472e-05,115.09423413734542,28.799339229608243
93,50,11,84.69662733736894,0.0055145822041882024,-0.0,9.156496062992124,-0.0,0.0033930542920614557,0.2046697117753675,-1909.4896007417278,-1444.93747763641,-0.0026704559089392914,0.004536618034276669,61.93767633676018,-248.54924067772728,-0.004947198462663666,0.03729547320286386,1781.1368722033733,-68.22568076907105,-0.002645279470420191,-0.004639981415902737,-319.3897083081269,-32.5007531209303,0.0023750643165030526,-0.004478300536347471,111.43800119337375,246.82784638414904,0.004696025595979525,-0.00023668322270061387,57.06592032999141,186.75704773708108
94,50,12,813.515632191105,0.006015907859114401,-0.0,-211.1360728346457,-0.0,0.004916358533554771,0.2042185418224609,-60.05417951004911,-551.0905123002175,0.00014961938836742714,0.006083353370804442,-40.239055365456665,-162.62809571704966,-0.0021908945230337123,0.18878477247536155,713.9331128027055,4097.977734680363,-0.005605501408594962,-0.0004610698929499339,-43.85221719387818,129.67726890947722,-0.004045130959362115,-0.003990914610347967,1169.0913105103648,599.968467745671,-0.0003921461930336484,-0.005427839022514142,-25.8517059751553,43.41151294888517
95,50,16,52.788264298006354,-0.008021210478819202,-0.0,30.04625984251968,-0.0,0.00750161442012996,0.20396846127700133,-2101.777394977551,1649.5385514613515,-0.003797786393009016,-0.0071570581247027846,-90.32324997965975,-93.01251123800249,-0.00018320878697852515,0.013949344411734423,-221.65054607694714,923.2121104924202,0.004001540660557669,-0.006436771167851446,50.700957807956804,-191.15302608590974,-0.006397371188747677,0.0031634187057322373,-391.96629626078624,423.04518199552143,0.006821048782703253,0.0003520535994572391,233.0755372643663,-113.86965236819997
96,50,17,11326.129346550673,-0.008522536133745397,-0.0,313.88115157480314,-0.0,0.006037005346595432,0.20662981150084703,-17.42691904869477,33.23061117913791,0.0015710520629962001,-0.007872751737420542,344.4982708705103,-81.98908496520603,-0.0047430619562922145,0.2620501280110626,-3653.5255602410157,1521.9312108178945,0.007367988104031487,0.001926319764000319,1.6345304305108885,-5.433799232923988,-0.0023657773082027093,-0.007822503175704775,175.18498110760146,-963.7284106872048,-0.0038996388801157177,0.0057188654298640455,-13.010514720834438,-132.18074234917836
97,50,12,100.26850594505636,0.006015907859114402,-0.0,-291.9406988188976,-0.0,-0.004656163268689673,0.2027483569568047,771.5457131792463,1991.0131877567344,0.0032900575530078,-0.005078248708148868,129.04874675393884,-162.9865224760045,-0.00019719740011784828,0.046377988862073824,-404.6879334932824,-1763.8416407577154,-0.0021311018317987963,-0.005430592848718363,196.0130138032905,8.9239204091932,0.004145690708963206,0.003271622925937032,280.3077731981416,488.10653923191154,-0.005026032764025384,-0.0011470304391746208,-172.90539448362475,263.7524820237488
98,50,8,293.1726903460652,-0.004010605239409601,-0.0,-44.51648622047245,-0.0,0.003589893653090589,0.2026532699415954,-1203.6657115045596,110.77890527245832,-0.000395561840144076,-0.003942087723478306,30.068118071600235,122.53945730419873,-0.0013213769696587571,0.10529574282131288,2175.419641559588,-2559.83959295029,0.0036544766142202157,-0.0012051134025051363,-63.45586481785832,-197.3237980709658,-0.003093645481740256,-0.002102818520955381,315.7838428565876,-784.8931367005451,0.0010114153786298632,0.0030583470052415527,88.98814459516346,38.259948209356196
99,50,5,165.07467923315545,0.002506628274631001,-0.0,-74.26845472440944,-0.0,-0.0018456472486464354,0.20028388178797105,1551.8016106379316,-477.30603470599067,0.002376707872843255,-0.0007275084124076994,-110.52236541237043,-34.242286970711575,-0.0015076858520332017,0.07673593967551616,2179.0526613160255,1331.2513420903333,0.002012361846772037,-0.0015440679263214539,19.0347033246882,43.43278630495212,-0.0017760328838792039,0.0011486718104889043,484.7258294164569,-193.71300526790594,0.001497827351018202,-0.0016901396960817903,34.53546580714212,7.963607023974931
100,100,17,7534.614766236304,-0.0085225361337454,-0.0,90.6875,-0.0,0.007435871567535909,0.004282387645505132,67.06379203405434,-6.638494909524535,-0.0038573486302225643,0.09301319677383439,26.445280759496395,351.7916446595335,0.0005141586036156156,0.008171649988087702,30.883063464759914,55.43555148288871,0.00338354881429876,-0.0068847191757756224,237.5080720165897,50.92672799457504,-0.006156433845711454,0.005364905036909843,181.36514908553232,-93.47815119444702,0.010599142242779103,0.17908174284708356,-4817.459957586559,-478.0061905467229
101,100,7,6240.142258164139,-0.0033529908202250126,-0.0,192.50196850393704,-0.0,-0.0032906069097536276,0.0007356424673659268,-50.08920359237364,58.192437230188034,-0.00248119315574365,0.10112778188179536,-884.1951381689016,602.37776989047,-0.002821523302195904,0.0014748158927016441,55.554866354699186,98.45299850241054,-0.002441092026740214,0.0020764223705649894,-102.27232281251496,-174.15626203050493,-0.0019925489291990274,0.0026765914726844917,166.16422668995114,-223.59518402426247,6.510288715413112e-05,0.08637919968688057,208.18543778996332,4461.086861590558
102,100,13,2637.7100279106003,-0.006517233514040601,-0.0,-245.1712598425197,-0.0,-0.0004882224016947816,0.00663686196915523,9.306852247145184,185.12720759916925,0.006958279314201622,0.10098315507922746,-87.49023880416713,903.1784791600143,0.0014033247792952094,-0.006211476871278769,-269.1779888035649,-12.574104630359194,-0.005794909592918714,-0.0017001799240829577,-119.90558204364925,286.70448698463605,-0.0021401052188313335,0.0058632321400706785,-17.141112260259515,112.825724785483,0.006855284691921915,0.101079926221601,3094.0172014602595,-3383.268785287795
103,100,16,2053.0434882855143,-0.0080212104788192,-0.0,238.8036417322835,-0.0,0.0013981693785955214,0.008019618443434545,216.11140117595122,-17.752439709260806,0.008025521559972076,0.09728429308474545,1175.3376671477147,1228.3758390020525,-0.003882763860274822,-0.006805099856580847,319.51043128730174,54.05250796105825,-0.005695765035454991,0.004869097353141562,361.6460308967865,67.73048447912326,0.005535440221605103,0.004862035441457502,466.37711417685597,158.44861438255342,0.004693052732768315,0.064324445433389,-3763.787401085093,-297.2945469083471
104,100,0,4076.742460631559,-3.7990444123892075e-19,-0.0,-44.66240157480317,-0.0,4.181759791142955e-07,0.00013310911040396273,-73.94805586946093,-21.967842506203205,0.0006279959335804808,0.09994734179587504,2881.86533101073,1235.0136174933855,-2.2678150205096326e-06,-0.00024061552242829194,41.64641006189752,10.941948196820354,-1.6782917023104116e-06,-0.00013354718010050965,42.21709344716863,38.93348124879238,-1.498045792204946e-06,-9.536071324452198e-05,11.074851025932839,17.207101353244326,-1.415467565928374e-06,-7.50839927789592e-05,-44.89250520308161,27.86254685697995
105,100,10,4479.127444820225,-0.0050132565492619985,-0.0,-117.80388779527559,-0.0,-0.0035063899182842286,0.003730986046894652,-106.64842392503455,-31.233414336804426,0.0006905234499278989,0.10497379309936918,413.9317986964842,-370.3629470226767,0.003469036582875378,0.0032815916447760368,-12.958495232456995,8.700051794409946,0.004670309486870445,7.460826607163791e-05,-77.42591429490588,99.4432827174665,0.0030812472127963054,-0.0026282357881367317,-221.48932834460447,181.18757226587093,0.002399506529486269,0.1315551938180306,3791.5772568922034,-2855.9297594549716
106,100,16,7205.168922793245,0.008021210478819202,-0.0,51.26500984251968,-0.0,0.002035117672218195,0.007914434620384679,66.23436171253056,-22.71541420223354,-0.006228212475207494,0.10395943929622202,-190.95321618953307,-330.1730047500195,-0.005380798893709757,-0.005528291977755111,1.9730752257096673,-0.8126841824188669,0.0038468942832655807,-0.006126551628898342,45.81886879764979,92.91566212868221,0.006906456764621343,0.002844464604343524,225.22524825519324,158.24374653117144,0.0030819828922654135,0.17943135817034783,-4642.933917095627,-1252.130155537179
107,100,8,6498.507139920598,0.004010605239409601,-0.0,-74.34817913385827,-0.0,-0.003896222854542927,0.0010139811459511853,50.68911203349328,-11.698265608931434,0.004193136330475787,0.09829134800912272,-1606.8222454657364,-2300.720542690102,-0.00304673368597067,0.0021595248733287946,58.22601409308106,-62.61524129710526,0.0023802836629141034,-0.0029428686564080308,-216.37483776112296,-38.67626845047492,-0.0016284741236994376,0.0032587679064817287,38.060849998628534,3.869072423275622,0.001391136958259877,0.025393070113186523,1668.8453422045604,231.88443515951488
108,100,8,7647.4432626185235,-0.004010605239409523,-0.0,153.6988188976378,-0.0,-0.003011017605399366,0.002806798803274561,23.174265413698944,61.59744904279393,8.581958094448436e-05,0.10396358733333645,-252.28026221180082,204.06004669630434,0.002105145138247299,0.003189060646206399,182.4050316572204,57.555010686430265,0.0035965454492660363,0.001249855090583067,15.560574243796898,37.999074843789636,0.003258991462037569,-0.0007991866001930807,357.9983461539304,-116.1808640397092,0.004239076724902576,0.14868456704705868,-4792.783010543827,379.26119364955343
109,100,16,10964.758097168453,0.008021210478499637,-0.0,-48.10088582677167,-0.0,0.0065484770211137345,0.004766823543942302,-28.499029763088213,36.351039003685905,0.003344630079252286,0.10748114717164976,394.27499959366486,63.86254360820223,-0.0019634750793113024,0.007454737795553184,40.05983908137762,97.5992263791908,-0.005692396360830277,0.0051371538767706094,80.2722864785346,157.8473333671472,-0.007132355612066524,0.001569393030455752,105.00702168554116,288.91988760998987,-0.0025139543165071487,0.17882216595096576,-676.3597022703674,-4743.34715712229
110,100,13,17290.121415372454,0.0065172335140406025,-0.0,-35.495570866141755,-0.0,8.213568914281131e-05,0.0066797143078081425,22.97404062669955,-18.300130807808216,-0.005771649914662981,0.10023675884835644,288.65125911001746,-241.95020031992388,-0.00023612611173468758,-0.006269646271146854,74.29208252012965,-121.82319622625653,0.006065999541558853,-2.783852067168146e-05,-82.86867052354236,-112.7250960618646,0.00037933690120910233,0.006656110595522573,163.15762355684925,-264.3631723589936,-0.0023072976265865863,0.17181679213119821,-824.9820570588889,4751.825221349077
111,100,8,3288.594586195382,0.004010605239409601,-0.0,-16.69389763779527,-0.0,-0.0023868679826638747,0.0033489735881310897,-63.92134453752571,93.47550649186341,-0.0004947648122686016,0.09620433407299414,1919.4379068117557,-988.3813300967062,0.003615663251824752,0.001147075648892235,-162.643197180778,76.68570899228138,-0.0031289147264365845,0.002014730148814363,-243.76765243179497,63.767105414816456,0.00022768195022873907,-0.0034344394178789364,-265.93231022145824,28.074768207670488,0.0034485478984666107,0.046903523479352956,869.2393435702427,-2670.7402554971827
112,100,17,5115.588523941699,0.004374601400206034,-0.0,58.792322834645674,-0.0,0.00435622732534107,0.00048159424450187226,25.063818449041822,89.87852319757081,0.004927963160054866,0.1006441145541683,-335.3430833254125,-1119.2681387803132,0.004206428167640135,0.0008082711000996954,-147.77398961359765,-81.43162512233245,0.0040831777253281035,0.0012921523573180514,-107.03498070319742,-193.3781984733412,0.003932524901766928,0.0018537486148453607,-46.0590417338972,-330.6586269415156,0.005344759897030876,0.08659178425859983,1337.193777756521,4190.4450108751425
113,100,12,3917.4858150024243,0.006015905819976743,-0.0,73.07652559055117,-0.0,0.005353908787632093,0.002835847295570514,81.39086143838189,-58.36845991735541,0.004161835926670409,0.10472233231883639,-2163.61401591763,-7.703821352573533,0.0010100277080112808,0.005517424952505008,178.30064753581863,13.015562502209127,-0.0015971975313803677,0.005357912054341234,-80.6340342016437,-92.63849159556155,-0.0036825963194303127,0.00410251861195057,213.7340737096385,274.8018451057505,-0.0038648713974627972,0.0520547427293412,-2540.7774039775068,-1631.036899695281
114,100,5,3374.1420047221295,-0.002506628274631,-0.0,-17.616633858267726,-0.0,0.0009627175267834386,0.002456889669336505,-119.89258759306598,-9.392934899194355,0.0023585565931754627,0.09824162770719126,-655.0704318085099,1691.7545482156388,-0.0022351579512879353,-0.0010587457131284506,-165.25535281647754,-14.659485719995908,2.9524267150495367e-05,0.0023493428568202392,-91.7790470878381,130.14067552506668,0.0020624955911357646,-0.0006499965773356914,-212.892986994163,-88.65141684992832,-0.00037222483711944445,0.06039739284657676,3442.5155260270853,-28.495333094715132
115,100,0,4640.262220023883,-3.7990444123892075e-19,-0.0,-32.70890748031498,-0.0,4.181759791142955e-07,0.00013310911040396273,-61.91857192193587,-28.126460519886482,0.0006279959335804808,0.09994734179587504,2555.5038506300943,1836.3221203463836,-2.2678150205096326e-06,-0.00024061552242829194,40.30720455539782,29.673882504526972,-1.6782917023104116e-06,-0.00013354718010050965,27.244273254287087,34.29207526088956,-1.498045792204946e-06,-9.536071324452198e-05,7.158529235500636,19.29488427491834,-1.415467565928374e-06,-7.50839927789592e-05,-36.75793155585564,-7.846184948273421
116,100,10,4304.479379329998,0.005013256549262001,-0.0,-102.1109744094488,-0.0,-0.004706040531540815,0.0018086079382463342,-76.75625451768467,28.187805930403368,0.004462105662444768,0.09688743023078547,1474.9992606058154,-1846.320506260092,-0.0025314122673220033,0.003914369587444534,-8.752448163200613,-151.45257817726443,0.000989524999339001,-0.004596254281497174,125.28403967105429,-162.08832980548024,0.0005643764045727825,0.00458345286544958,312.96823650495077,-12.382041337021464,-0.0011259394059887514,0.03807501905293492,-1317.4241908172755,-1944.789996064033
117,100,7,4462.857569941611,0.0035092795844834023,-0.0,-162.68971456692913,-0.0,-0.0034042130272642847,0.0009487723025187109,100.60598003033307,43.9342596787912,0.0037291250218244427,0.0985106438207271,-327.8790831728432,-1192.9500131956247,-0.0026258897640786937,0.002000657475045634,29.160354441588275,37.55345194413907,0.0020206543868041098,-0.002479081009108895,-21.354569322110333,-261.82538363054323,-0.0013306606887223758,0.0032549472911216873,-96.65459657578492,-121.17027913545121,0.0023996383042742147,0.09073300286911545,987.6424942047295,4354.691517539671
118,100,12,2617.067718116918,-0.006015907693676956,-0.0,150.46235236220474,-0.0,-0.0052113129315636665,0.0030891069364974463,110.29608287022488,79.13887475396271,-0.002412262078634964,0.10502608991559527,-3131.4779243482035,450.27997887055824,-0.00014734357171214957,0.00555690739729292,184.92302767097647,27.095099023174154,0.00263622503546217,0.004844612252654857,-208.7593860218908,131.65883652019627,0.004545329710502415,0.0028674615953235955,171.24956399791176,-273.1415919848243,0.005390369509782322,0.014571902376232081,-998.602664217324,558.6259173907353
119,100,3,4206.650514613485,-0.00107468979778506,-0.0,62.77657480314961,-0.0,-0.0010663487259813368,0.00024753601348618897,41.073977990301664,-66.28085363197987,-0.0004152838645761029,0.10017451105811875,-1258.2944501908535,2737.2123387554334,-0.0010073168934649245,9.688107120095011e-05,-90.84343269395674,-1.2628370965841664,-0.0009550197566892324,0.0003147536752361224,-127.90428444259423,30.32078503843038,-0.0008909689140785404,0.00048803794651493693,-146.2965785044104,51.90929439896605,-0.0004923070975642387,0.017871936527630364,1232.3292136386958,96.8389299198318
120,100,7,4588.006491458228,0.0035092795844834028,-0.0,139.95866141732284,-0.0,-0.002035199450682142,0.0030184673916368175,56.15074182482759,-94.60826000681021,-0.00047782042413534886,0.096782893728102,486.6577043348226,391.0985318979734,0.0032252344511649626,0.0009195675818861717,174.88404948716004,75.20643120294457,-0.0025928413914065715,0.0021751774951854087,232.62711790838844,-108.02826486392001,-8.869264722982264e-05,-0.002505398400040622,238.12644552354266,-27.566031567590645,0.005014499214343766,0.13589130738041866,-4759.337836583328,492.3538627653205
121,100,10,3183.177173537977,0.005013256549262001,-0.0,-205.49778543307085,-0.0,-0.0019239008043128224,0.004784779663694975,-156.54641412928973,-27.96959876627627,-0.0028319018406859305,0.09654490118743445,314.79757115071567,-372.2396168747293,0.004466773886071158,-0.001860904915916364,-125.98088792825543,47.68593559163324,-5.626327114725246e-05,0.004860953235556029,-221.01041900620666,98.58632478450927,-0.004107334126313219,-0.0011395521592466884,-256.93079095743695,195.80734657861365,0.005638054861375139,0.13286102301729066,2444.8614119930726,-4138.513931422466
122,100,7,21335.381747351363,-0.0035092795844833993,-0.0,159.49212598425197,-0.0,0.0031801941294279856,0.0016167823660238872,-4.59377098626852,-22.852978964725914,-0.0016350806234609143,0.0974257113967946,-779.8917133674403,-139.82611787237843,0.0009600697012880257,0.0031310490051393823,12.352612980969585,-71.63522073285345,0.0004518557173496295,-0.003119627101439593,55.67010433501894,197.6935281924507,-0.0016753091809495494,0.0031256921970739928,229.8675517881684,85.74908812209914,0.004481397506101059,0.10321338042036515,-2130.6824228393043,-4192.7965632294745
123,100,12,7803.110432121348,-0.006015907859114401,-0.0,55.16338582677163,-0.0,0.003581541067162858,0.004972521681613179,64.06003102014643,8.911643478704319,0.0023129841219165634,0.09436698297347615,-202.90630092542975,865.473324008032,-0.005426906503210608,0.0019016109886190354,36.988443305638825,82.79079729498297,0.004694590302271872,0.0031980061121689596,4.152257965574996,161.62240736157563,-0.0003299325982840571,-0.00485667369791149,-186.69772022109427,212.60071007269477,-0.0017855401851911749,0.11595920987458015,4655.630385787504,-717.3082617862653
124,100,5,1741.4003950800163,0.0025066282746309997,-0.0,-184.7595964566929,-0.0,0.0002664867562873347,0.0026202285346739345,-183.42345765165513,24.285652563661326,-0.0017784375575297844,0.10048213968405145,2914.736386534801,304.8946224557502,-0.000760671142821423,-0.002503802275096195,-92.16542113102113,59.03646878568865,0.0021236446397878473,-0.0010602968725162351,-92.11630637523997,71.8344843399169,0.0011418343642163509,0.0019276568569037069,-131.0125228776835,81.01121767568753,-0.0013935170610512423,0.01818965645213283,968.0673663729592,796.0318604732163
125,100,4,8436.598013754465,-0.0020053026197048005,-0.0,12.538631889763773,-0.0,0.001330076556888263,0.0016291671366467704,-22.823638617984017,32.734293498898154,0.0008504162749348377,0.09800491432934075,579.8350544453917,-2892.3557646710046,-0.001574880402281118,0.0008988281309507764,106.26987569267195,-27.43149511700483,0.0018190946087654819,0.00033320149034595723,111.34249430786662,-121.07870399902033,-0.0008643317672290301,-0.0015594817407202726,21.318151242135865,-174.92138174120768,-0.00019344567806302445,0.021521740751933947,-1231.2504003370277,885.7860992140695
126,100,3,2728.551340416967,-0.0015039769647786005,-0.0,75.33932086614175,-0.0,0.001200632865341683,0.0010343181755631443,118.02812363113644,-23.69739608738925,0.00020696347745228276,0.09854416327824106,-2870.89158883343,768.8343249098202,-0.000500074356354377,0.001139055821650846,34.22226245047526,18.405298096164447,0.001172064020278869,-0.0008572982042707167,77.23099377104201,35.546699847680514,-0.0013432825290668599,-8.550549471410067e-05,110.26460945715105,43.19829290804568,0.0013036235291343523,0.018141451475838424,-1135.5038529492306,686.8493418985382
127,100,11,4503.716124717735,-0.005514582204187414,-0.0,19.759596456692904,-0.0,-0.004229583628607623,0.003704984970795814,-74.67956528043497,-84.45700742560517,-0.0003861445361958406,0.10542704370840303,283.5480970287088,-124.69291055548481,0.0025529539083000295,0.004683585896046757,-58.851378329407815,182.40402159609675,0.0047802934648920456,0.0022627323149214547,79.01443224638,117.08669819382311,0.0047100071851328236,-0.00047496212521732636,-50.55263142199094,108.98751847652986,0.0064953964819916155,0.2070010884931068,284.46767050792346,-4822.038789169762
128,100,3,4204.8374463854125,0.0015039769647786005,-0.0,-71.4158464566929,-0.0,-0.0014968101755805652,0.00015977656686778623,-85.17264710063066,-25.315744417759213,0.002105610769754526,0.09996652333289822,2084.822435738688,-90.14014314207708,-0.0014464246835416605,-0.00014630051468436412,-58.615162654312435,-8.13801905442783,0.0014002067854360638,-4.8124272796832096e-05,-85.51574222152051,7.456599346213282,-0.0013424627709671389,0.00022025292810669793,-111.30644920802975,-42.248123118631966,0.002228852208607738,0.05023945065625189,2872.0566269213687,797.6375878710434
129,100,1,6416.748632147431,0.0005013256549262004,-0.0,17.47047244094489,-0.0,-0.0003152971371657697,0.0005206255876203809,-4.7561097288414205,49.05391406030854,0.0005296523233692729,0.09946686213932811,804.1293566283534,-3039.7112833433725,0.0004241672354355805,-1.2834089110638891e-05,21.16446308470203,-34.565320957632316,-0.00043128454616610625,5.5901152533575735e-05,-23.1026036069338,-28.400763391758485,0.00012390733390773054,-0.0005110023632276219,16.595296620129773,-4.193313365902119,0.00029369603934552535,0.003074705730256251,-233.10370474019524,62.96505383048173
130,100,16,1399.8734165598748,-0.0080212104788192,-0.0,-243.97317913385828,-0.0,-0.0019854498076048474,0.007895285699582002,-261.3250982293657,211.34484461317305,0.0075336424707611324,0.10380346326318757,-948.2002744430075,-749.6367106460535,0.005274479250409385,-0.005752238526603929,-11.306165772976815,186.466795563874,-0.004002431407807606,-0.006250047954441624,45.661004029720644,44.06924217796065,-0.006821608324810645,0.0025567105667598337,-86.68614912448241,-98.67455726369032,0.0019348513472990294,0.08668844201692313,4322.155153578369,-504.42929173837246
131,100,1,3755.79035830137,0.0005012093152246304,-0.0,88.80757874015748,-0.0,0.00047301347492536,0.0002967895185663,87.06478719427145,4.9456319767135115,0.0010189666462909989,0.1002543920088572,-2985.8439581032526,-997.1397517605317,0.00026598135679842125,0.00017305222093196736,-30.258696799104097,-6.374135839884402,0.0001203098939984087,0.0003416501449530016,-10.952632717166564,-0.15309937977047547,-2.8914006405206905e-05,0.0004077286526161284,12.946047442894512,70.38087464714324,2.8356756970392443e-05,0.010512653662698195,-201.23265650597872,-837.5827995254278
132,100,13,3004.8998102694195,0.006483819462835171,-0.0,93.12844488188975,-0.0,0.006271408306881674,0.0016954145264547315,149.2293108265815,-44.047831021652826,0.006281344512854776,0.10295041527393164,-632.0860967494847,1068.518303009404,0.004688594693076567,0.003977943515474258,98.47965957327285,-49.35741119495586,0.0034737174668698105,0.005012836470018266,65.03299788808829,-102.67369770125798,0.0021195214014562867,0.005755856032185044,-45.80819675788468,-187.3769786247663,0.002200938595156015,0.08337514120225424,3512.763233015771,2495.47918124898
133,100,2,8679.108475300938,-0.0005676971414748378,-0.0,2.469734251968513,-0.0,-0.0005642430122302538,0.00018480767465545124,-37.614421890160855,1.3623626277861212,7.235812976551523e-05,0.10005052613803847,2069.346104096164,2337.4093423424906,-0.000543138780669397,-8.578504848681135e-05,72.92419778480523,19.52518755067824,-0.0005223999443954109,7.57813421546617e-05,84.72336756692118,69.66207344039499,-0.0004969305078692175,0.00018782317869893856,38.31756331166858,35.52128411436361,-0.00025064448512784014,0.011771261690531165,-886.8673449388759,233.67371329005735
134,100,12,3975.997172127479,0.006015907859114402,-0.0,-19.889025590551174,-0.0,0.0038470676594367656,0.004736154523674806,62.00783371094368,65.82275724839917,-0.00040621694993190624,0.10579305732457282,1896.9316214121152,-1964.9076875209514,-0.005013643707881797,0.0026868986034292337,49.7351790984281,-267.00105588409923,-0.00526055247930411,-0.0019785053245800002,-226.8809029812934,-133.73261125873944,-0.0018220912913266103,-0.004965531309197299,-214.96797980833466,242.09046336855414,0.0032588221364675423,0.031469045130657146,-1256.7890818573128,-1461.9410475427142
135,100,14,3576.1784300316704,0.007018559168966803,-0.0,-239.02559055118112,-0.0,0.001865456541940341,0.006890099332200252,-49.35311102137532,-113.45378337637432,-0.0052843113651321735,0.10354471911545503,-910.9373992744545,-1310.525151553678,-0.004888157327414616,-0.004798249368268735,-151.43887666274068,86.31770741484098,0.00307739130136269,-0.005740357448653935,-281.3536031094302,-83.95162811664261,0.006133933993728087,0.0016392406709501168,-172.3667153273324,-162.15627316836867,0.0015650268740854706,0.0730493137139329,3802.3545692438693,881.5444670748603
136,100,13,4820.905615694203,0.006517233514040603,-0.0,64.21062992125985,-0.0,-0.0047292726009813425,0.004611197564936911,103.2612427583166,-13.996032488586758,0.001030512341015683,0.09363733983089813,-790.2715917012708,264.2869487194195,0.0039905324074893285,0.004726110072687244,101.16709860477087,-42.765708104021776,-0.006020790272571303,-0.0006392105300653113,89.57377153077175,-81.99678923821301,0.004726039687645582,-0.0029453896378616863,234.81924302479956,-157.18744293467336,0.0009659420725829864,0.11190219153340428,-4116.076183774641,2289.5200547632853
137,100,14,17016.779790395205,0.007018559168966805,-0.0,-20.38336614173228,-0.0,0.003928237564789906,0.0060033912191047025,-2.7470908831141907,29.00953427714536,-0.0019089613075742823,0.10655735043686784,329.12160410569527,-178.89427162227577,-0.006580071707436865,0.0015844672513115445,31.04247904518317,73.06039021752773,-0.004759033545553043,-0.0039718799485704325,47.70075684028746,129.9031373851513,0.0010037249762718371,-0.0048563915670152315,68.25137901445748,259.9753184332901,0.010421680995469203,0.2631820186011145,-1288.4055649180852,-4568.910316850592
138,100,1,3449.888938170792,0.0005013256549262007,-0.0,-51.17937992125984,-0.0,-0.0001478242137321681,0.0006135898292156781,-91.52156948342466,-22.306369938310972,0.0002224613380109245,0.09967650110418104,2956.0048995267302,990.4016678682498,0.00037661611635235004,-0.0005230548954005458,68.05380249814213,0.5608783981970155,0.0001650865517844543,0.00033001007390516735,-14.28711442953212,-16.726760586609625,-0.00044828243759141475,-5.364048296416182e-06,12.695327500709226,-0.35638066802051094,0.00031438058082360217,0.010901382434874119,242.3257076108279,841.5203035616403
139,100,5,15121.296818528537,0.0025066282746310006,-0.0,-41.32037401574804,-0.0,-0.0024618055393104167,0.0005615753390044514,-21.861554471292006,-18.454662372475845,0.0029605271255784124,0.09920645282760017,860.5703584984927,-1523.0526378860206,-0.002126358621969028,0.0009808728058429991,157.919684776251,-90.04777406232205,0.001854025041486227,-0.001394911619373092,225.88358978991326,27.034307915262332,-0.0015314542908292288,0.0018978066418801718,312.3356371147538,131.1155946024207,0.002431509650612389,0.06410190063841974,-3388.69802789987,-1527.1328069056683
140,100,8,2260.911984675745,0.004010495315495677,-0.0,122.29404527559055,-0.0,0.003712784362649874,0.0016139299076409798,28.38153651476985,153.99373759301858,0.003500162157490266,0.10266841921882557,-1476.885513095622,-2213.020055903064,0.0016387456919405138,0.0032886925305635737,-210.15075758583734,-100.79545609624093,0.00023372896750370692,0.003671177412895279,-96.04116019478408,-207.41711041875567,-0.0011079816716803542,0.003491662998329824,17.24916746754053,-137.37249057677883,-0.0015774239215434445,0.03453495234802192,2053.7427225121273,686.1815164137355
141,100,16,3448.297484933587,0.008021210474595147,-0.0,-18.625246062992126,-0.0,0.006716074554780997,0.004503635213861424,144.53429003318084,10.057501329932201,0.0038939405959148403,0.10722680007014648,-334.0872378453177,356.3218648234019,-0.0011103397586486982,0.007577611302823312,225.19263915202535,-41.509966351773656,-0.004902696048479569,0.005846105225129948,-65.84759734205346,-141.63565009305552,-0.006882462483292318,0.0026882719274907403,348.3522767702806,4.856813718765219,-0.0038412075151578813,0.1418703662805026,-3574.394436447252,3067.131944667916
142,100,12,4050.887476362026,-0.006015907859114401,-0.0,-64.38312007874015,-0.0,0.004288430069179361,0.00434336136114414,119.03027686573606,12.496256285464948,0.00047987294025504337,0.09410214395877026,242.1431636529913,1202.1489060185984,-0.003931469199739057,0.004109531605525273,142.38761237894795,131.10973434404121,0.005597017330205712,-0.00021403607526562473,-0.04820380750883487,69.82734990287322,-0.004032707812342134,-0.003200097556068716,174.42477733849432,265.0040783849316,0.0019671674942770435,0.08897541782670806,-1575.2112228309657,-4139.606534701199
143,100,5,2760.5760086435876,-0.0025066282746310006,-0.0,-64.86761811023624,-0.0,0.001441790506211984,0.0021792039911474994,-110.5231122922242,-50.33180701170304,0.0014476832621281965,0.09764470960454,2620.6299015543436,725.0518571762526,-0.002318898404545658,0.0004513683614964676,-78.25546018612816,-31.16880029677749,0.0018165687133441632,0.0013941424237816351,-146.90537556582493,-29.125192446589352,0.00014156905792600094,-0.0021931316173377266,-159.7077620796767,-12.356069864095993,-0.0013295654277643801,0.027027651391323636,602.7532768001511,1726.983243054308
144,100,14,5704.941145723075,-0.0070185591689667995,-0.0,-160.41043307086616,-0.0,0.0022015866931549767,0.0068329568865020335,79.7199112728835,-40.74671576823827,0.006155714564116627,0.09597369686303207,-354.35214300018214,-227.33081784820752,-0.005529159690850899,-0.003836252451661495,-25.538466797628374,-93.07416147875757,-0.0018589041958435777,0.006608225715721711,-49.063589028963555,250.6369002389668,0.006293312791847325,0.0007855124992993436,-198.67933020333132,136.78846673332788,0.0016820776540100826,0.19296332531823043,2276.14102104842,-4254.501213101087
145,100,16,12654.73041515069,-0.008021210478819199,-0.0,2.1232775590551136,-0.0,-0.00020001790656225035,0.008194057156621167,18.98240022314164,35.051067184235514,0.008499082051628377,0.10051343013765543,-437.67641694731975,277.6489225432323,0.0005811191500028018,-0.007623246277274794,92.913757784558,55.97782593148786,-0.007428118778843629,-0.000339577246101223,160.32852252332611,-20.282571549223828,-0.0008818151997692532,0.008258478108401673,231.7604293326463,-189.6793178084054,0.011036969783414969,0.2279843601673191,-676.3966924003103,4708.160052537669
146,100,1,2759.0687273933186,-0.0005013256549261999,-0.0,87.73794291338584,-0.0,0.0003063421451616474,0.000533711315701863,118.85111329519214,2.911972296544498,0.0007505608797568697,0.09948394757119498,-2918.1211311049456,-591.0694752232392,-0.00044410533525856947,-2.5093894594680847e-05,-13.078246957913318,25.376569317794406,0.0004080492951910263,0.00013496071099469527,-21.27902029363678,41.10548448485277,-7.013036564050768e-05,-0.000439773031135394,13.442311873152244,39.34910715622866,4.8961689147290545e-05,0.018422950090177862,-780.7734646612706,-1095.121821230114
147,100,14,2700.8717672093535,-0.0070185591689668,-0.0,37.64493110236219,-0.0,0.00431779686999366,0.005662743536568989,-185.22132706346102,-9.652323306659266,0.002259137777607636,0.09332555946031067,-239.68675648144603,959.222614368055,-0.006138310679771634,0.002691628559755455,-246.98685684175456,-3.600016704163155,0.005807292839166987,0.0031187340946967927,4.927153341021983,151.53958303241433,-0.001169608620231801,-0.005703220619697829,-376.0196281795505,-62.67548110492398,-0.001977173705415929,0.10796008982917835,4442.042958087666,-1294.3091869579655
148,100,9,6355.161616850681,-0.004511930894335799,-0.0,11.667814960629912,-0.0,0.004475159335916966,0.0005825920600632168,54.644921920246205,58.16211874905183,-0.0037353147909466107,0.09929153911798136,504.6399435354361,111.5898893355568,0.004184803753793916,0.001103380929992976,178.68161431835918,66.28873509894926,-0.003941827615417811,-0.0011984699943131574,253.81121557281963,-19.749909811493417,0.003665632524023832,0.002492659197745361,384.6578603733805,-50.07799599981868,-0.00030558352557787214,0.1580702578275417,-4771.954508597897,474.57802710686985
149,100,16,1623.1101935889844,-0.008021210478819202,-0.0,-303.12253937007875,-0.0,-0.002034030001415412,0.00787607988974268,240.63573751396962,90.66581256480687,0.007485303650422846,0.10387555531957034,1373.9593525568084,-823.502979680774,0.005379193531787477,-0.005677354531602738,175.45763955969684,210.08922620759475,-0.0038432247732175374,-0.006394608152505405,-244.56001765458996,-193.37947379412063,-0.006889550860963297,0.0022370486373285837,-74.47338571639854,378.9249631380648,0.0013157174471613037,0.06751392707767115,2624.8842157811628,-2559.7142060672873
150,100,17,2782.606634587384,0.008277994959677152,-0.0,76.7755905511811,-0.0,0.008110159445307961,0.0016790176198340024,147.9504459653515,106.78497251013034,0.00824495762506557,0.10296413460139692,-438.03146488178015,-91.99700387847693,0.006832251892628174,0.004111162897573727,-284.97344210175464,-75.91996931541952,0.005815563418857874,0.005398793692500062,-137.96158531964122,-246.32518916306873,0.004636127268285074,0.006639678696814407,-112.89991747190346,-446.5577041140109,0.006162194158523097,0.15579086168107556,1514.375295768717,4518.008278171861
151,100,6,3467.2762199639515,0.0030079539295572006,-0.0,-3.7748523622047188,-0.0,0.00020731866692014233,0.003149760715797441,95.51203820322722,98.11584068111785,-0.002298405368449841,0.1004183222771231,-1025.6042896299045,-313.85846998710764,-0.0005961608633854727,-0.0029554099457644954,12.382544241016108,-33.50050441487411,0.0026961232833242494,-0.0006943412089834883,-15.717604096984923,91.3547948272448,0.0009175908967910147,0.0028994150114813474,183.48225620255943,305.37310457812123,-0.0007426455453836304,0.08609495426098078,-1705.6545322689092,-4085.8135081020455
152,100,13,4874.849261784813,0.006516822752233157,-0.0,-121.57652559055119,-0.0,0.006076793774694787,0.0024457959918164586,-26.70205105708964,-98.76877485168076,0.00545718806008177,0.10423487084693726,-348.97098114907897,729.5566376540617,0.0029808652125143725,0.0054143720158717915,-3.9259220676268547,39.831312180351325,0.0008376894704590437,0.006146354498518172,-135.3573453808751,59.773197719742164,-0.0012646621276416025,0.006202892585157496,-295.68014598262596,-74.7312053847355,-0.0009305499063409662,0.11629439132942372,4548.211213858769,1184.4465988430889
153,100,8,4852.551555159308,-0.004010605239409599,-0.0,-56.712844488188985,-0.0,0.003855168083742967,0.0012200832662023577,-33.54835591468321,98.75753603354151,-0.0027752242803787326,0.09806253644791615,304.81813351807136,718.8903988375329,0.002707028376207619,0.0026780011086333243,72.60374323922777,237.016602586266,-0.0018382657611482895,-0.0030662779759366783,186.16366240522743,235.48395092913648,0.0009023957939290441,0.0041012294530796,284.23954121077145,327.24454018059976,0.0025432071021844705,0.12920928620917,-2096.1867156146914,-4227.698005699167
154,100,2,2965.9599382273313,-0.0010026513098524003,-0.0,-42.14493110236219,-0.0,0.00026081981870816227,0.0011055276646597975,-101.698282535256,45.553321362695826,0.0014790776964606865,0.09947044833189823,2503.693464790009,-1305.7846327860607,-0.0006874144476220802,-0.0008834516700170713,38.92462125252345,24.53634949822267,-0.0004610537477206549,0.0007403651937522399,-60.9214038556285,6.933129675717963,0.0008697750889981983,0.0002666221450084151,-8.856193219804252,62.33992871525949,0.00047009686492816824,0.024651611447848068,761.692013513269,-1477.851225800234
155,100,12,28594.66401237454,0.006015907859114403,-0.0,125.47834645669293,-0.0,-0.004099347060786507,0.00454921849586211,-1.6034445112220712,-17.699461150928176,0.0002575943413221606,0.09415867487314267,210.10138681554724,-395.6424230216156,0.004453276299362326,0.003638657948687154,90.6046304614404,-44.55538216215253,-0.005556337940825567,0.000919113962124634,106.51501416750023,156.9485889779637,0.003175429024286564,-0.003656878880649929,252.60990975193155,137.8921065616429,0.0037171547614941952,0.15125316827989993,-3610.336488995023,-3213.480064004557
156,100,15,7132.916560449923,0.007519884823892973,-0.0,-54.22982283464566,-0.0,0.005585051857140847,0.005151095474522855,1.248495195442765,-66.60034419090532,0.0014621569206155357,0.10735727076035619,-627.6069944781035,-1154.1435624497308,-0.004174196252833647,0.005781397632817982,-287.42668135699927,113.18115814927457,-0.006824523656041976,0.0016598408467963061,99.66246803476015,98.71743826774656,-0.005890780350990268,-0.0028330047490444316,-102.57231998529826,-452.038413374109,-0.00038244672378771275,0.08681296985356272,3087.378069204088,2792.2808546470114
157,100,17,12108.062112390679,0.0085225361337454,-0.0,167.40354330708664,-0.0,-0.007743332082227842,0.0036725910865894793,-29.177902362998193,30.37488825353319,0.006205150844776911,0.09385985522039796,384.2497686650008,367.5958118398906,-0.002481055984079627,0.007843501297967877,19.167811788973864,96.81257061798208,-0.0008911842956908886,-0.007516245725013338,193.60451418968876,-137.14275707261504,0.0038988672735455142,0.007612672623056651,250.7931104121232,126.62110249717841,-0.001959658154866718,0.20637445884180514,-4778.172513490918,388.152779953955
158,100,1,6000.923566299832,-0.0005013256549241387,-0.0,44.37869094488187,-0.0,-0.00039775693878516845,0.0004363623626050241,43.82311157840083,-31.033739000525586,0.0004935996231321286,0.10042623155631267,-1956.0993476534748,2488.8865274635714,0.00017231898205184604,0.00021739651728623597,-34.7372727498331,40.842671286659254,0.00039588720552918063,0.00012795124531023004,-8.935582394152505,22.191696333604394,0.0004457311356155853,-0.00010070272758404013,-50.92014674310903,27.131904167064135,0.0004417843494232861,0.006431367245163873,369.21577994928185,400.995668543606
159,100,17,3009.2028160074124,0.008522536133745404,-0.0,136.8019192913386,-0.0,0.006075291901841494,0.006158178814227888,160.5141249998485,-19.049610840777415,0.0008397888655387784,0.10853870903101558,372.1424841493231,-300.78104187783504,-0.005566418671953148,0.006157398797413019,227.1216104604582,-91.00590162496869,-0.007920687627800755,0.0009732452367900333,269.6302158709754,-107.81191147250263,-0.0056973157369368576,-0.003534888416457594,408.1748137178181,-88.66798773540951,0.005023715744681494,0.28826423858356354,-4174.824654448003,-1991.1101764627088
160,100,8,2619.9174765339517,-0.004010605239409601,-0.0,-61.9291338582677,-0.0,0.0026409290260144686,0.0031292727025053787,-118.22166032806373,-24.097556417003943,0.0011218220322638834,0.09604082160233869,2961.299637077212,-428.84731004224636,-0.003189345818898622,0.0019296066620678272,-109.71838481767274,85.66450186122552,0.0036165579388207037,0.0008030920309674916,-39.2563511037174,199.54828729263411,-0.0016306551642739535,-0.003275941913823647,96.8273448371363,217.62174291378585,-0.0011993826630191595,0.006300529703343056,519.5589931161275,119.78927296483504
161,100,12,5599.170273376351,0.006015907859114405,-0.0,-120.94069881889763,-0.0,-0.005971576744143731,0.0006598736808018842,-88.36802275137775,-20.577399142163856,0.006471944328854196,0.09922488324949698,-476.1693587640269,369.4310048777837,-0.00563244193968731,0.0013495767334316215,-154.0920779717714,-16.290255629987612,0.005355303998410248,-0.0012694900214049293,-174.8074720810724,-105.87220065378415,-0.004988315983174036,0.0030839853648765543,-314.4205195482697,-167.9603993480129,0.00876923685674012,0.21832104704003016,4219.285425801722,2184.0678172282146
162,100,14,8317.762176978511,0.007018559168966803,-0.0,-31.688730314960644,-0.0,0.004036417344568508,0.00591203592632046,3.417320330834769,-60.91735413757876,-0.0016657582160387468,0.10661281027090752,305.1677507132947,346.06210259172786,-0.006487007065699108,0.0018907206725629524,126.21869956645683,-106.92265645313651,-0.005084011350980489,-0.003714131109592156,226.56750217159114,-90.80872209051087,0.00041149451288633127,-0.005179478487586071,389.52647491418594,-37.18785634730856,0.009202998201603854,0.2150225777726932,-4466.709582249895,1674.046356791856
163,100,1,5267.643868447319,0.0005013255954965295,-0.0,-11.589320866141719,-0.0,0.00044225032603773174,0.00036834997203345353,-34.16552422558342,-51.979987163443205,0.0009074171098852287,0.10035967071830083,1564.1175717602875,2773.237191934009,5.5211971382318736e-05,0.000249616332309096,27.43679652914407,58.333911472611014,-0.0001678296142141133,0.00032426601037042335,44.56115545154361,44.03450104784053,-0.00033726185813172285,0.0002501410725849342,38.357800709973425,61.63028644209352,-0.000247003746832522,0.009019325107008815,-655.449787328057,-308.2192628467251
164,100,17,10478.39493477769,-0.008522536133745397,-0.0,78.84055118110234,-0.0,0.005490787106821216,0.0066814326144002045,-18.505241168151805,44.4552428595385,0.0019907583721709243,0.09185950601748413,-381.96989887749913,-248.24253809048352,-0.007021304277524478,0.004279628053818673,16.117482044482625,116.9183728463413,0.0075232777477081,0.002967426686897948,12.069515375898144,47.08956143205002,-0.0027894481116119783,-0.005932788944050665,198.44985512711335,246.044452322234,0.0009350679990723463,0.2373627654467221,-1576.0030578152011,-4523.354200161038
165,100,12,8389.769281947074,0.003087953929557201,-0.0,-26.44660433070866,-0.0,0.003075148299980213,0.00039224881018898647,-37.94874803516941,44.477683934709944,0.003663447625147489,0.10046794161053069,-485.2905043193484,-925.4077518958368,0.002969058095943993,0.0005508821959694758,-167.77833901027722,-55.36493005475879,0.0028829044592912317,0.0009647340577677863,-172.6277763725151,-137.78778911633387,0.002778730889817192,0.0014887380683837109,-208.56381805332862,-254.0937067774951,0.0044957303820688434,0.09947321955089353,3114.014076301805,3331.98658160879
166,100,6,3287.477910906011,0.0030079539295572006,-0.0,61.62155511811024,-0.0,-0.0010844074941621757,0.002941160561287663,76.09605922893702,-80.83874774609198,-0.0015511154080354041,0.09798859006112386,-1517.1820930705728,1514.0926206458337,0.002589724063416215,-0.0014547463100109505,-158.94319277734368,13.661692649640463,0.00024592746328147466,0.0027749971807256627,-64.9739359856096,97.79427669536739,-0.002582268653388895,-0.0005795325266284045,51.083337195313156,-110.89008016090477,0.0024838364949659863,0.0470532523418099,1524.402857345693,2350.335142493637
167,100,11,5587.834358881545,-0.005514582204188202,-0.0,8.074803149606314,-0.0,0.005486782465736616,0.0003784568798629592,88.91125023106002,-13.315688231596685,-0.004773563610393392,0.09962329416701368,250.92077409965762,913.0315198774218,0.005263790378148185,0.0005066829097950847,98.68484570604213,15.530326748289475,-0.005076324525463219,-0.0006366170401720613,130.1471929160109,189.20403633631142,0.0048556979343410325,0.0014378761182229792,80.53654530769928,195.40335253520422,-0.002467832155977073,0.11098818421493656,-1729.7179027484901,-4348.519254700367
168,100,7,7934.980158756276,-0.0035092795844834,-0.0,46.32062007874016,-0.0,0.0006551227640669661,0.0035793369045454726,15.693055886080055,-42.22381220802853,0.0038335856813675882,0.09870969377625423,2251.9354475944433,897.0200888930528,-0.0018084275656877202,-0.003031599603306536,102.44149428841428,-54.57992443023108,-0.002383092967018908,0.002204457522270486,94.42074915325053,-118.63760547059223,0.0025427871630690733,0.00197835191689048,110.29331216246946,-187.69831363760917,0.002063174068706408,0.03918784390256465,44.48729609172564,2488.9548476925775
169,100,1,7572.054961066492,0.0005013256549262,-0.0,-8.586614173228336,-0.0,0.0001986371546931805,0.0005914381172693352,-11.159552898927465,40.456799415426524,0.00029086154623775675,0.1003069566343664,1294.4814609166965,-2886.7174844572273,-0.00045546304543857686,-0.00040271472541028277,53.122612089618634,-84.2584187812999,-3.0973458375540246e-05,-0.0005976482850062428,-20.360473801712313,-78.30723190376703,0.00039831210453747867,-0.0002947007463350394,-46.95019523896349,-24.0777595725021,0.0003428562943349164,0.0009966653529048077,-79.1633936681773,-59.741692023496086
170,100,15,3787.933008264575,0.007519884823893003,-0.0,8.87844488188977,-0.0,0.003315432095819859,0.006934219475773722,-76.22917201082868,105.33054018590524,-0.003861857722427481,0.1060061560224313,-305.95049173365595,411.54999320883496,-0.007087635097546757,-0.0012956785048889837,-103.59245159480736,-89.00475758713024,-0.0018208673011983715,-0.006277648651298461,2.584644035338426,101.28500142500334,0.005068440636166663,-0.0031465081689775686,-279.5829295950724,307.3868856856255,0.010787342881245797,0.26016861944298336,3216.6721477504284,-3395.2742125770264
171,100,12,3597.456001569669,-0.0060159078591143994,-0.0,-0.7096456692913317,-0.0,-0.003489297248570946,0.005052315318706301,134.80511766154663,-38.97247843349131,0.002525476905708599,0.10565791460393487,-243.87287132856935,381.39962455449535,0.0055295997314117815,0.0016428612790328186,49.98385892338451,-80.06102797299654,0.004451793150275266,-0.0031780540394437365,225.08197028732033,6.507175940747091,-0.00015772209967695783,-0.0046563837529984,207.60637153278145,4.7767837328427305,-0.0014115872482217428,0.14815834959035937,-4709.834096902689,938.2034282895822
172,100,4,5561.396833281136,-0.0020053026197048005,-0.0,29.45324803149607,-0.0,0.001940214113826691,0.0006099168932266587,57.766430390944066,-10.956360040077543,-0.001121562135844986,0.09905215886647471,-1989.8908076349446,2367.935299583502,0.0014511398287572444,0.001042546909198265,4.70071533239743,107.07985073276942,-0.0010800299348756686,-0.0016257140768941723,-111.26212137774992,-79.78734388246012,0.0006602835940149763,0.0016469400773386838,46.850459202799016,73.05735137893576,1.9296478255889863e-05,0.011822192921862705,608.1305511808156,698.6168321510719
173,100,5,3563.216265740153,0.0025066282746310006,-0.0,25.522883858267726,-0.0,-0.0005439422519258631,0.0025750357258932173,-24.533054388355588,-89.73038713351055,-0.0016000426946245802,0.09891309464323209,1730.5234607276773,2473.164141211938,0.0014741017856230653,-0.002118345085452197,152.7190928152391,80.37531389125002,0.0014870780073877963,0.0017108331298547382,24.13792318005836,-77.6307451236113,-0.001998589268799455,0.0010260766597200602,33.96066330395607,142.66919033420993,-0.00017475877669221357,0.016841775101062648,-1215.5932651121052,-17.74869603231398
174,100,0,4334.981244811062,-3.7990444123892075e-19,-0.0,-27.32701771653544,-0.0,4.181759791142955e-07,0.00013310911040396273,-70.13265004941559,-18.91330733739145,0.0006279959335804808,0.09994734179587504,2989.05841963807,959.9477109880282,-2.2678150205096326e-06,-0.00024061552242829194,32.97496607982559,42.99861484885092,-1.6782917023104116e-06,-0.00013354718010050965,37.10765854995791,40.33432214429965,-1.498045792204946e-06,-9.536071324452198e-05,19.335490584722756,4.803814225616511,-1.415467565928374e-06,-7.50839927789592e-05,-59.88833961137555,27.315161193118755
175,100,4,3288.7108851446615,0.0020053026197048014,-0.0,-71.49901574803151,-0.0,0.0012339635525073014,0.0017157442843541131,-104.66923902225628,6.63418871772227,0.0001622716460188985,0.10188960999202729,2156.5160233633155,-1332.3163800366347,-0.001755322567587215,0.0006078158263276094,-33.40768548645263,78.52539434690375,-0.0016593631241277045,-0.0009019364873069303,-81.32771300988374,-47.5570691160522,-0.0003345623490239823,-0.0016542195460158284,68.74359164175293,121.92049856006344,0.0018289931431702978,0.03620818214226783,466.0562998048228,-2169.182394649408
176,100,1,7326.168718698907,-0.0005013256549262002,-0.0,-5.133120078740152,-0.0,-2.7089445992054463e-06,0.0006350114160987052,-26.01211222095383,35.485077356025556,0.001120493741203845,0.09995967205213183,1743.1457810386037,-2615.18738506482,6.913998256087198e-06,-0.0007112983753225673,67.18489663547732,-37.07627967581041,-0.00046822138104388335,-0.0001256557893000638,-22.157602092211924,-28.363081475258443,-1.4891583298012652e-05,0.00039753036251393293,65.5533027936734,-18.579368709021278,0.0005800012308795013,0.008134973897873717,-549.5971059304611,-361.21498131163173
177,100,13,3623.063691224991,0.006517233514040603,-0.0,21.86441929133857,-0.0,0.0029825329450739978,0.005958868330086157,-103.53952686636336,93.30700390541627,-0.0030690303507679983,0.10531219250120312,-566.6699702530459,-65.47854355028134,-0.006202088037528789,-0.0008577527043909681,46.906544012529785,-132.4400087071313,-0.0020164016835761095,-0.005415858130272826,-74.19886539788311,62.36582474760164,0.004006735326172906,-0.003345796127187281,-325.2867409495597,-296.48748802866936,0.008819395940431534,0.1859048665058914,2271.401088865255,4160.57411965895
178,100,14,2165.13365066937,-0.005015219056330282,-0.0,83.81889763779529,-0.0,-0.004977788205518649,0.0006795666122463338,-229.48734126138274,-11.688014407635881,-0.0042404718281942805,0.10103472731209083,-591.6204802485224,-386.72660353372424,-0.00469204024776316,0.0013828139111753198,-279.7020606014861,-34.47051703053299,-0.004449510308951455,0.002045641848309403,-17.277865574059792,154.74478823678487,-0.0041492609307282125,0.0028245765549128102,-391.85855477997984,95.89577675586337,-0.0016065438516479436,0.12005084354091779,3604.848442986077,-2996.9993038563885
179,100,1,3646.827527717608,0.0005013256549262001,-0.0,71.22096456692915,-0.0,-0.000482195520167957,0.00026684130640723436,89.72115225747291,7.867330594132331,0.0010566501373901395,0.09971905462442075,-2858.7290157214293,-837.7321181692623,-0.0003468806386444931,0.00012123172537404919,-17.05600418284152,-9.124693057824455,0.00023911014485391224,-0.0004880057188798452,14.118240881447955,29.720286391407623,-0.00012502909374841577,0.0004395947874022263,25.660869001599565,21.227436243130157,0.0003710088568485396,0.018683646700421164,-510.98502935669813,-1248.3879551069952
180,100,10,3728.259227224439,0.005013256549261843,-0.0,106.62524606299213,-0.0,0.003805892100040593,0.0033920425313724136,90.63586180723938,-87.21360963741975,0.0014293856003563706,0.10487116227890089,-1184.198472086082,361.70611151967745,-0.002479151314690636,0.004004394180233993,236.42209109221727,5.324270951746623,-0.0044214458257909985,0.001570887003708469,-48.71172442596507,-176.23931298554362,-0.004165528956226541,-0.0012805094292915329,266.2007920296952,166.89505270571414,-0.00039243737663835357,0.08209192943764158,-3996.83153540344,1403.3566780749043
181,100,14,4851.157570385717,0.007018559168966803,-0.0,-52.76968503937007,-0.0,-0.006143483221465983,0.0035509365102473272,-94.5065357523149,37.883260837273944,0.00439660905842239,0.09436973553064597,259.0915341377297,-171.64502998774236,-0.0005491763723892197,0.006830745041287803,-1.5030248656985556,74.27310496962707,-0.002627609880605897,-0.00548665630548757,-126.32976613951186,151.46842982463158,0.0049838680567514705,0.005181719449688977,-148.1870132028369,134.2190182150593,-0.0009451386209009138,0.26195806585738435,1462.0451089446628,-4522.70940459094
182,100,17,13363.128633144492,-0.008522536133745397,-0.0,-37.720472440944896,-0.0,0.008086443315979313,0.0027729893547020342,12.793883057395272,35.269243015259946,-0.0062058341254792974,0.09526187514198994,17.632948004341287,-424.8028617984378,0.004937393022291273,0.0065591799831753875,58.26469261998069,-93.6839061989034,-0.002637543733541264,-0.00713883373865084,-81.24730418913613,-186.99629822931306,0.0002551590369368133,0.008615697013768088,-280.7914164040966,-259.4183895346076,0.005759981549182854,0.19338958879283666,4451.4073114059065,1605.9798496922492
183,100,5,3829.492262234428,-0.002506628274631001,-0.0,58.587598425196845,-0.0,0.0024959106504385993,0.00015563788223871885,50.713448267996476,68.85785256414066,-0.001834206042073509,0.09993137732330319,1304.0903809446556,-2641.556239081051,0.0024059648706041326,-0.00016860244505372484,-14.730454728126992,40.272808038623275,-0.002335025364962,-0.00014435082427460472,-69.69860998616228,-23.506959572885243,0.002242303640166655,8.35671840465933e-05,11.933534924647851,-146.2825734478655,-0.0017593876252550939,0.019829655988361936,-1339.157168373788,-209.29886539118928
184,100,17,4383.8355687638095,-0.008522536133745397,-0.0,-15.5113188976378,-0.0,0.004857690616269323,0.007191510716982014,-57.60052312944589,-93.82432383590984,0.0035148997197813818,0.09230936639634629,-348.3375047926819,218.38199663441927,-0.007916938758394327,0.0022392830662491623,-115.63492561804905,26.215760757963807,0.0060594355783018475,0.005710695598229555,-75.01401140411815,-78.00334175962219,0.0007414574919137543,-0.00608417908005649,-287.58690058673477,-190.54141247236464,-0.0007495231397559968,0.2990856438614426,4080.4860536809565,2211.6400553132557
185,100,8,2160.894944981093,-0.004010605239409601,-0.0,-2.3516240157480315,-0.0,-0.002032091969337898,0.0035720994171314245,144.73569085172855,60.726880494061525,0.002526128222175748,0.1034047701968792,-2627.530500563003,-1904.5575327606723,0.0038493664662448248,-0.00011105770152575889,75.18407134851537,-127.41204986165012,0.002000093860255318,-0.003272214524353184,-77.15384252943444,184.77858341127288,-0.001630382534202139,-0.0032585871719089344,-95.21384786374213,-225.932830491136,-0.0032921048672167417,0.006105580005718181,536.1815327111417,-253.911993560804
186,100,2,3092.4636642148375,-0.0010020391988456276,-0.0,114.76451771653542,-0.0,-0.0009502042811924586,0.0004475322986987845,109.35145380787236,-17.73219129029015,-0.00017532054431238246,0.1005423397631764,-2509.3405457355616,339.46040678559484,-0.0005820625981846468,0.0005743072075471198,-2.533089945806255,-30.132016867695178,-0.00031083625401220953,0.0008304303521878092,0.1848564326446044,-40.754249925846295,-2.6113358610939906e-05,0.0009902781857995101,57.00770354434406,-20.300890612599787,0.0008879810146664151,0.03552139239103053,-2213.8412546448867,236.18955026110444
187,100,3,3295.9333576679924,0.0015039769647786007,-0.0,16.70595472440947,-0.0,-0.00032616451420586695,0.0016089496118049298,-26.02090284872,-106.03300973206797,-0.0007086804179517294,0.09935016118349937,-1223.5646809358261,2112.9555344155,0.0008839453167924531,-0.0013257286916707953,-70.1568938458497,107.04647191816152,0.0008925139043430341,0.0010477538945917492,-29.186656067480087,-12.517933651727736,-0.0011970946363963639,0.0007467104442026751,-235.99959509820061,-84.19144834044171,0.0004823207377383838,0.041252030125057376,2423.9965358274017,637.1876937630893
188,100,9,5260.926558704361,0.004511930894335802,-0.0,15.013287401574802,-0.0,-0.0043050671083414895,0.001455930164105302,85.38945696693476,-40.68377814428369,0.00434090916109605,0.09761847951368803,704.2293360490996,392.4077453817008,-0.002805786340695587,0.0032299772309393377,138.00285522290602,16.37554272519444,0.0016952453121311848,-0.003682532899655743,131.2752841865996,-56.662144167200864,-0.0004969831537350847,0.00458414953927741,225.96313056754067,-193.57462227183288,0.001712870635498993,0.1202393027052394,-4031.803837123121,2380.592549081046
189,100,16,5228.253470125772,-0.004541577131798696,-0.0,67.89419291338582,-0.0,-0.004516799032493975,0.0005697104628010665,13.741767745023811,95.62238774859007,-0.003816790257635928,0.10082314691917349,-0.2677997631688595,-278.22939948703396,-0.004328392586369223,0.0010874658014121286,-127.69648873211106,48.73257783395942,-0.004165430308281283,0.0017019149121051008,-91.05879561106866,26.37870377415781,-0.003959232510900203,0.0025345600025121233,-28.227756018099686,163.6964828327595,-0.0007293413509964283,0.16184614012930806,1276.8124833632587,-4670.319464800475
190,100,1,5577.950458351065,0.0005013256549261999,-0.0,16.087598425196862,-0.0,-0.0004275585559570202,0.0003956896619722427,26.637526725545406,52.88494324024682,0.0008598967289568634,0.09952554742857074,351.14054933182,-3028.52471057723,2.2147212431338172e-05,0.0002630835895490572,16.591412642702366,-68.76410240487341,-0.0002611929095319611,-0.00048069614292953867,5.5928702280108045,-35.33962039865665,0.00040589274889162345,0.00018785836916456478,30.052325965376834,-80.63222039738491,-0.00010626371631033223,0.01695526272585523,-790.1771625677658,951.0030817809135
191,100,16,4430.0299444060765,0.00801734126716568,-0.0,-142.80831692913387,-0.0,0.007607041757330099,0.0026539738639971082,-98.340228392366,-47.084101611097886,0.00705825099670947,0.10471930895952183,-124.7465107037872,252.8348462830519,0.004644303304683037,0.006300060967924646,-41.70934105610497,55.46843265479454,0.0024898414493148974,0.007616566867292763,-107.96654018253321,94.4560351205577,0.00024525291601313026,0.008676524188681298,-251.90859923200594,153.94166543485358,0.0036747841611949657,0.3006849315195078,3462.6042200283164,-3132.1768547103816
192,100,1,3864.4586920654333,-0.0005013256549262004,-0.0,58.8902559055118,-0.0,1.2961568906221952e-05,0.0006323294937335848,78.11704775195685,-23.288193727859028,0.0011198757563354916,0.09992319573567247,-2628.7816603792094,1712.3285147267125,-3.8541340994651246e-05,-0.0007198642144415384,-52.17351406031645,70.33938069146375,-0.0004662338600436154,-8.476987370666278e-05,-25.431480761228094,-5.7533528162313425,5.479972979299127e-05,0.00035408123134050585,-7.864742685203268,-6.195590591773834,0.0004360558748366241,0.0006601424114126862,-47.495942598464126,57.217810128661164
193,100,10,5507.968758616508,-0.005013256549262,-0.0,6.7362204724409604,-0.0,0.0042641901098617735,0.002739866791858592,49.20742084664816,41.680186419349255,-0.0016352567546342141,0.0956002493270638,690.2353531676457,2368.4430896855106,-0.0003344658979801282,0.004612616625340086,241.13086003770684,179.8245728346923,0.0026963062380704955,-0.003859177698448825,-196.77480379852432,24.048472341748944,-0.0041158538160574205,0.0018816481106734453,381.8372333593588,65.79868837588106,0.0049084907509629105,0.0364870844215656,-1501.1379635459407,-1677.4363490221333
194,100,7,2793.82110746167,-0.0034356183201492917,-0.0,93.11884842519686,-0.0,-0.0033535947109989035,0.0008317912409110554,8.209305955822762,144.1739132936556,-0.002487551592093301,0.10130532468886923,1442.026765313889,-899.133769732651,-0.002740851640508958,0.0017046258765207802,-178.01819749947822,71.28302228318917,-0.0022531109882272197,0.0023130552400755216,-173.52979109879035,-29.560908940193137,-0.0016898502137443327,0.0028323975943349753,-60.073765955544935,-12.752214068754366,6.833455057846029e-06,0.06144732730243895,810.8888141463643,-3420.8398252462894
195,100,11,3662.1533794533707,-0.005514582204188198,-0.0,-6.315206692913386,-0.0,-0.003198461594258961,0.004650668829456728,138.25210784148481,-2.7662470968970965,0.002367467375161319,0.10520015846726594,-329.815455321164,-281.5018773959796,0.005068914332943994,0.0015181130378674253,128.4247373219553,-34.34433330644674,0.004081398404517808,-0.002866425778504799,18.58570375240884,-153.31448528260506,-0.00014264166360179758,-0.004145053263955565,177.00609326050434,-240.92028941052502,-0.0008381959774979244,0.15998772267667025,-927.4604785011097,4714.537408475172
196,100,16,3940.533729453102,-0.0080212104788192,-0.0,221.5482283464567,-0.0,0.0011008616317413475,0.008073285732849062,19.132257199618564,-121.73643047972452,0.00820916646138188,0.09786359600349868,-1159.3963541333353,266.7874425722435,-0.003106307875706791,-0.007175047644346509,224.88540653740003,63.39215969854007,-0.006356758880331267,0.004004475079565898,115.4246407626439,-183.53266934446245,0.0045817274287969475,0.00592151246618482,27.477384853286654,14.203709826565717,0.006303029939085045,0.08441722632100601,-4444.221675191298,360.5669072391619
197,100,5,5456.48589293431,-0.0024618916802997075,-0.0,177.44537401574803,-0.0,-0.002400058900895586,0.0006575342583801763,38.42851143050063,73.66749876375461,-0.0015931626055980899,0.10096779023601223,1068.9889645762285,955.9560963029527,-0.0019404168801459307,0.0012255616381541855,122.32279830398328,-123.37286656074014,-0.001574919438143827,0.0017259497809391168,247.84817084141565,-31.781023629791772,-0.0011536526804001115,0.0021959165848716706,213.71566619695557,6.017014264457591,0.0006367568924513481,0.073875870175568,-3590.3075558223445,1971.6942877752688
198,100,8,3045.90399408144,-0.004010605239409601,-0.0,-141.46087598425197,-0.0,-0.0017674119476552036,0.0037225611660159615,-73.99304138267532,88.510659477722,0.0030233600893619103,0.10309602374924365,2723.5784105896328,706.9181759893452,0.003778661979606939,-0.0009502488685333246,-127.66415690830969,-0.9780679401205564,0.0009735126112546588,-0.00367462844277114,101.52776390466562,92.85747887662816,-0.002691424894138489,-0.0023213779523597313,-54.70873204424714,-263.1225432170078,-0.002650935527939945,0.028402947191132007,572.9496615690958,1810.287138191598
199,100,16,7393.179951558343,-0.008021210478819199,-0.0,34.36048228346455,-0.0,0.007735494603239527,0.002213306214519994,62.988971166936494,21.23381032569579,-0.00627597905299692,0.09635725236880069,-242.38282810137065,-230.29548094427795,0.0056192805385912635,0.005401396015976761,-48.596730023223365,-40.33757140513105,-0.003996560288621136,-0.005782863727583601,-132.01394962038538,135.47845592375896,0.002240150872520383,0.008224073122234561,-75.07630006214161,361.05938352939665,0.004753536504911612,0.26809952860572217,1030.036053419588,-4583.318190379927
200,150,9,5737.665123666907,-0.00451192668739642,-0.0,-101.51574803149607,-0.0,-0.00403922246514684,0.002232310726258617,-71.52974122301517,24.33503633966365,-0.0027334549807175174,0.0043116927586139475,-104.8388590350765,-93.23192504556822,0.0020961697467669176,0.3241546026788787,364.6821721361738,1757.513534530885,0.0009818404697530092,0.0031255301077846285,-19.385130134479418,-51.029936951080074,0.002567594697268732,0.002717762834184936,-207.92460121880978,186.97244000153984,0.0034973761251618934,0.0014761739258238645,39.43002063210256,-22.738324062850833
201,150,9,4003.1395337904746,0.0045119308943358015,-0.0,22.1326279527559,-0.0,-0.004452125097281981,0.0008347156924265278,98.62276329879623,-17.36099724860283,0.004283903270373661,-0.0003817973904698194,87.5836723430695,2.726952381454478,-0.0009854552437000713,0.32150599987660555,-3501.5945284113423,1521.047431958589,0.0036169957278596094,-0.0031975273199697494,-63.158428375935735,96.82417368564339,-0.0031994540384531404,0.001902429725088568,-28.672316094914677,-2.445055207164623,0.00269461836132042,-0.003120274315205173,24.362257801488763,82.41660896567991
202,150,9,9522.94539505022,0.004511930891959771,-0.0,33.63607283464567,-0.0,0.003778254354412689,0.0026804863370862558,24.09407224155331,32.78623785185552,0.001841657522933783,0.0048210132362056955,54.78194462567584,77.33316069510094,0.0023903418727220568,0.3241446074171425,-1272.4679056768437,-3279.0134405481854,-0.00277246960522016,0.002118462010656983,-8.271716749643927,-56.55994763606487,-0.0038857544465015267,0.0005974501707272144,-55.03827427502623,-197.4582724998038,-0.0036917779163059255,-0.00141560680274979,17.17648596938895,44.416077240490004
203,150,11,1840.241938305253,0.005514582204188205,-0.0,-217.2054625984252,-0.0,-0.0014977195488065434,0.005544597984692506,-188.8379673582057,-86.52315094608575,-0.004605128709261182,-0.002030872441962493,-137.20692595544153,-102.77681852696469,0.006922774747969987,0.31632013956807437,1872.7101608425123,-1417.1911281267062,0.002290635416529614,0.0036043877658270772,99.76353477881348,-106.9453989972252,-0.004854476765820744,0.0004893318763550597,73.59465025121025,-11.748957924880653,0.00040948689628814416,-0.004861469381167102,11.422471571304674,85.54800768510667
204,150,5,5276.626288874048,0.002506628274631002,-0.0,-9.675935039370081,-0.0,0.00022000439750265882,0.0027309567722125926,-66.69571888548538,-35.83167193282626,-0.0024195971157043687,0.0012081720737451686,-1.2679793331028983,-76.56636528011467,0.002386286984160721,0.3175138988834642,1412.655418357323,3493.3980769791965,0.0021781460975579467,-0.001879082571080584,88.89345664519034,156.6079039518137,0.0009462700781041482,0.0014669865286545474,-35.012832742477464,38.949043048201425,-0.0018525275690984247,0.0007059765442764232,67.64360622085437,134.60475594954107
205,150,15,16939.494095229787,0.007519884823893001,-0.0,-41.01082677165355,-0.0,-0.004950018354913301,0.005912744921713942,2.7243203242318996,-28.84180300965246,-0.0009203348185774016,-0.00644418912649008,-4.4389499528314795,-63.000744357460995,0.008991977074256263,0.32407309663233275,179.69887567293034,840.727624737808,-0.006794305318271809,0.0009228024255951591,44.225238145641924,-16.196634397787534,0.0030521597779912656,-0.0061884369420280244,33.677451758496986,-59.95908317470982,0.0023626630881691912,0.006141559769575796,37.93111945100794,-9.795912655511238
206,150,12,5690.73493305845,0.0060159078591144,-0.0,-15.656988188976392,-0.0,0.0035212330723733525,0.0051131396778854935,24.600320468231768,-72.31306671670276,-0.0018211044774343282,0.006444963895510269,95.87653182618044,-32.4476526418863,-0.0024820692513983513,0.32170059130983064,-1716.0441494866716,-125.97540826112197,-0.004545223453166608,-0.004256501866364211,36.27290772145393,57.32396049966986,-6.300801270976035e-06,-0.005784779597427523,0.9780044130321255,114.19517651228732,0.004145399923002451,-0.003142260155992068,-130.44792758158977,83.10155062422047
207,150,4,10990.108255260036,-0.0020053026197047992,-0.0,-8.742372047244096,-0.0,-0.0013381811939622281,0.001731123723642986,34.484229581189474,-4.474086273096458,0.0002026631028276885,0.0027480571551308356,29.42957859507075,106.84884732651875,0.004566272958344359,0.3209985801173965,485.5175921746803,-3390.320553219335,0.0018169427784240943,-0.001421805716051045,51.270477490656596,-149.3285648357718,0.0009052516675465827,-0.0020701798912024054,32.31217606627318,-34.58030896715626,-0.0005135700479163821,-0.0019462351793887685,25.10867336226914,-35.07439425717279
208,150,3,4647.876460338187,-0.0015039769647785986,-0.0,-129.9089566929134,-0.0,0.0013037252886904365,0.0009887841449330284,-76.70301088138632,25.59277834926129,-0.0007551208128319543,-0.0004774855287811889,-150.75878305837145,44.17232823136397,0.003051000652617057,0.32130329216769227,3159.9851587623666,-1118.9112885526745,0.0006462317026361312,-0.0022811832045529588,44.01390349972003,13.267051527546958,-0.0011445751622171571,0.000200789342242297,12.156925873295506,-49.340733974444916,0.0012743476475117576,-0.0003711167982184941,-4.156083531283204,20.617091211717657
209,150,7,10045.130060843554,-0.003509279584483398,-0.0,-32.39247047244094,-0.0,0.0018913231849265934,0.0031903077768365125,-17.288509363728238,-33.215344574816406,0.001433531418184345,-0.002345458469397526,-25.303771195802494,-71.77287232557129,-0.0003219005114374799,0.3203484679860868,1556.2459060331364,2884.6346777214026,0.0021330321504371033,0.0014262485278003427,47.28395158179096,93.93924684376823,0.0008681338922940668,-0.0035272016453352355,30.579172873815523,103.97443293231039,-0.002872225671004097,0.0005591042426000432,69.10348960545188,123.52120275616751
210,150,3,9524.639579785515,-0.0015039769647785986,-0.0,38.7177657480315,-0.0,0.0008346026715229775,0.001493869883635528,37.82664474653022,-13.38403107070975,0.0005660715660904045,-0.000578971871342514,52.70350787323365,-79.4623388113868,0.0015987256845578395,0.3201445969766269,-1930.9516733935645,2812.3607509832464,0.0009835415735177705,-6.495972008376513e-05,-47.63147288513444,59.42406155333837,0.0002439351210839466,-0.0018482476935139372,-49.00190074824868,41.54134434210809,-0.0011854505181978516,0.0001863122229432168,-73.60721018893894,10.276699975122359
211,150,0,6204.850029355644,9.228728892196614e-19,-0.0,44.74360236220472,-0.0,7.53017747360453e-07,0.000239692204897815,66.3520147302723,-2.6698135886501597,4.812821146364405e-06,0.0007659741956845301,104.5926676789044,13.326325541469043,0.003014330797490573,0.31982096116762915,-3950.5533997140938,-495.7567692801181,-1.383612728019437e-05,-0.0011009860677015705,-94.04898111381905,-26.492481608952993,-9.444573393817237e-06,-0.0006012107639240931,-35.41325500714633,-12.243095745038879,-8.055667403803347e-06,-0.00042731581262313745,-8.859595348372025,-7.71395795468985
212,150,8,85356.90113232775,-0.004010605239409601,-0.0,-1.2723917322834677,-0.0,0.003602910774001246,0.0019904674967787662,2.7831131830802622,-4.257165629196796,-0.002467915514724668,-0.002242888146260513,-21.37256829127743,16.12957474980111,0.0039030070104271943,0.32366420823746034,603.5713083240481,-1739.9792542898222,0.0007798500242795121,-0.004613578988635224,65.66366849836034,-114.91702227901524,-0.0022061023100986275,0.002434878541024356,110.65587344300477,-61.02812149846718,0.0030527208880662825,-0.0016612605011383842,135.7135024813906,29.437276965535144
213,150,10,6615.658351875137,-0.005013256549262002,-0.0,26.109251968503944,-0.0,0.0043745593365693124,0.0026836929894151675,70.96699983586042,6.658093543247549,-0.002633607679574072,-0.0033101529693517493,-30.09780775346065,-19.664444168371844,0.0033180235687789348,0.3247600715368271,1326.7329867939766,-76.69954461198559,0.0019767312804113714,-0.005131359181592324,21.325447589244813,-45.21229515284333,-0.0036345923902747837,0.0023180581795621486,136.6843273109257,-75.37692039665791,0.004238689367837684,-0.0005416600361475937,16.954302268961918,-98.21334139702847
214,150,9,2844.553703034366,0.004511930894335801,-0.0,-40.8617125984252,-0.0,0.0021648208713082218,0.004195420895291804,-128.21752944926408,-3.989658394426594,-0.002369976846345945,0.0045487822363799125,-105.77810526356363,-45.51970633984638,-0.001311642378105666,0.3196134554705361,2578.389003750173,273.8576812775686,-0.0018019452487530593,-0.004807931322471982,-25.561553215951978,-14.983020789188508,0.0023660725674496293,-0.003729287771835266,61.06603122607363,-9.800093478273888,0.0038107669810992116,0.00026136349349217434,-43.958230971703756,-33.49067939465737
215,150,17,9144.661829941895,-0.008522536133745404,-0.0,-58.239911417322816,-0.0,0.007984136772072027,0.003186386006579395,-48.20012823414817,22.158364105985537,-0.0064453369328525585,-0.00442003357301011,-105.86793890485927,-16.354420386361337,0.007184943373337724,0.3271111026812321,594.0738514762584,286.8994183440715,-0.0014967681477757136,-0.008541178816606727,-59.56425392721759,7.0006143793812505,-0.0011944174052771277,0.007449729953590717,-115.2748181863045,-4.500997576526453,0.0035056085245152658,-0.006019253536414174,-83.39224769224778,-9.872259230627716
216,150,14,6308.829121928618,0.007018559168966798,-0.0,120.61195866141732,-0.0,-0.0018640529426207947,0.007024633504426828,59.04580942349916,49.315084909007844,-0.005907145383811271,-0.002675183086341903,41.679001511564515,-73.848242299638,0.007902663987672094,0.3153437268462137,-328.5782972536342,796.539818161044,0.003066363692632521,0.004917427889662589,80.87355403812596,114.0861189748171,-0.006133438180144301,0.0011326248139891608,-6.691849668608784,-2.191571245909982,0.00030271124930792125,-0.005858556645913847,108.86909116211723,-56.901869968144396
217,150,14,2888.638022696804,0.007018557485614789,-0.0,85.31373031496062,-0.0,0.006226678082280104,0.0034301774972525867,-127.78794244403332,10.80209526347687,0.004057813062191334,0.0063820360825180365,171.14598128680092,65.63967680653032,0.004069825390874419,0.3265422899112177,-1722.3617914387564,-2311.799885404937,-0.002032790881227003,0.005205967020896581,93.49755416846537,-30.84664723744109,-0.0044487193580347644,0.003970315764135411,-271.2558681666156,-158.2993583131223,-0.005693133225192556,0.0016153670356227026,132.62884282244568,86.93051948683352
218,150,2,22225.127331246138,-0.0010014410176390042,-0.0,-9.171013779527556,-0.0,-0.0009548373589850184,0.0005255773261815333,-8.024026534561427,-16.75747988309036,-0.0008189240391328763,0.0013070284442259204,17.226292453448153,101.10251139606463,0.0023922268019390767,0.320560048389514,-974.5277748696234,-3859.090027325322,-0.0003888176281250758,-0.00023951930253946472,-12.145220472044537,-164.14805439732143,-0.00012055974244004939,0.00029875674547524676,-38.9791670350486,-43.121046398224344,0.00013237373118920426,0.00043033018223719434,-37.352772617373965,-21.00226201350089
219,150,10,4429.576939116006,-0.005013256549262001,-0.0,-118.03666338582677,-0.0,0.004784775435240043,0.001662684285528624,-86.73466474656682,34.313770438572455,-0.004119991033405166,-0.0019240738337833242,-56.53208192081254,11.893359013868455,0.006131096563231733,0.3234950066583232,3470.072918236316,1977.1898631740198,-0.0018951283190331762,-0.005372376091072907,9.343706811638064,-28.18223068619623,0.0005529019882421116,0.0038530289150929126,-40.74331463646868,24.61695852895196,0.0006869011355936353,-0.004638141537985796,-5.904178360887914,62.50179531118416
220,150,2,8231.298292702148,0.0010026513098524022,-0.0,-25.53641732283467,-0.0,-0.0009734048203997811,0.0004606803567270261,37.23686655443094,-32.6830303600779,0.000896106280956478,0.00035330636012043495,58.8571036788634,-104.09286773463789,0.002253225646536268,0.32042219697901053,-2117.297597497413,3272.0760467867944,0.0005816378946077953,-0.001804626751413732,-63.07946124721647,77.09774510888197,-0.0004164392675949565,0.00022136425496461004,-16.090725481818758,60.760562668165335,0.0002050992024385696,-0.0012205122552441528,-23.692764987815266,-14.284545768250666
221,150,15,13062.16891205011,-0.0075198848238930025,-0.0,-49.46456692913386,-0.0,0.006713699008851434,0.0036144257579615244,23.811018604196573,28.955876399197745,-0.004485471705438268,-0.004974948846705663,15.95478873689457,-43.314490549878386,0.004414654470211489,0.32710950524118765,-729.2783492880496,627.5424571475174,0.0018168228845007797,-0.007567356502426395,24.92411233862521,59.44999625764653,-0.004453092237372371,0.004874893360287784,-60.4897487407576,10.53395457216761,0.005932571106620609,-0.0022223318651157092,-82.22191142006591,151.9357457063764
222,150,15,5230.331144481012,-0.007519884823893002,-0.0,92.35039370078742,-0.0,0.001862750132395964,0.00754363060405708,85.96193394991566,34.67158897893475,0.006479189958844929,-0.0026837161463248186,38.02900220319991,8.845824124358073,-0.001930027239072662,0.31472922463609126,-521.4860791594999,-761.9235164470753,-0.0037635465054746174,0.005071466264460603,110.36613092690656,-0.04134636890607908,0.0063966931532244515,0.0018535835880141166,60.228572958568854,10.143285933818166,0.0004049082872188363,-0.006263486393063594,152.70697767771776,-33.90792379767216
223,150,13,8642.961768192341,0.0065172335140406,-0.0,-115.60260826771653,-0.0,-0.004197418175551514,0.0052363486321055,-55.91693189310231,2.804292220072344,-0.0010358193029772447,-0.005448076533265944,-74.96109258143548,56.870292096724164,0.008385606828559638,0.3232078059125118,556.4393149345284,-745.5098197486705,-0.005759825741405418,0.0010915573109981245,-47.660943792509194,-96.17339417351418,0.0021431471495801154,-0.005669592741760132,-16.204971426047816,-25.31592351238462,0.0026163181951071946,0.005001964956946939,-172.7295282905989,-36.82635106512449
224,150,10,4306.021449132295,0.005013256549261999,-0.0,-40.94192913385827,-0.0,0.0020117840449807387,0.004842303032296428,-107.75064477942227,-2.7998799663611234,-0.003320736688412608,0.004470112699646728,-11.701082169954894,-92.16393704846539,-0.0015465836946747247,0.31839035524892756,130.18034946037062,1453.441637146784,-0.0004219061731809427,-0.005582028560434288,-8.188603170434412,-27.01876249229867,0.003925905171902989,-0.0025156091399682946,-147.84352741602262,83.98443733473643,0.0033912117338821346,0.0025385625416004505,-33.08951848168366,-22.612080427346307
225,150,11,6430.293799214344,0.005514582204188202,-0.0,-72.26254921259846,-0.0,-0.0004470405790131422,0.005759484965761308,-68.58714802817362,31.32845413899992,-0.005339911685217675,-1.5475870983358472e-05,-62.03054819655165,31.235187081165474,0.004301249271334564,0.31484054678492346,-1023.9770653243695,384.3231016230684,0.00485371872355263,0.0007834330775428589,-95.01193259618884,116.93566519198264,-0.001964013699702808,0.004270150665145438,-66.83284126656409,111.69993782698127,-0.004144973291177157,-0.0021288703382755453,-130.8556820698262,102.08684442613796
226,150,15,4063.57577161218,-0.007519884822782256,-0.0,-100.99409448818898,-0.0,-0.006191134207262805,0.004480121545875896,-110.52807781610801,-16.012745919986465,-0.0027142744101954757,0.007701903073845367,-116.88412899633038,-19.510362760666503,0.004591481997354349,0.3269800162746067,1151.6966038535516,-1026.7628100448599,0.005093903200959053,0.0038528403497826826,61.20128158815685,-52.78450360208359,0.006640944045046988,0.0006824431195173603,55.40312383059477,14.423753022004512,0.00579724459529382,-0.00281145578467996,-6.04566934621105,132.63372303844355
227,150,10,8327.01512003704,-0.005013256549261999,-0.0,-85.4279035433071,-0.0,-0.0021243187590671013,0.004758866530041353,33.76788939258812,-35.204444480720134,0.0031441549580937416,0.004567273709358108,-111.99003678084962,-76.40492475192069,0.007679919680983997,0.3186335506859922,1271.1400814047274,3677.6470116502333,0.0008613114471604186,-0.005672170920969341,18.21125228308706,186.80351576855878,-0.0036386732483188597,-0.0032158063518272642,20.382934489298364,35.88293163788651,-0.0037514406303291886,0.0016644745638029175,31.802601305442778,126.86690426748015
228,150,11,5420.1692114950665,-0.005514547547479737,-0.0,82.10900590551182,-0.0,-0.005023892806260477,0.0024917504055764735,80.65498212355705,-31.932923515589884,-0.0036532312115413585,0.004844636303818483,44.79073344404725,-45.28484749333213,0.001315102951741022,0.32497260785104404,-876.9195886520951,800.6917788638281,0.0004399053757271009,0.004212499730383271,-26.502681676767256,21.253322198627846,0.0023725573156369926,0.004009161105334972,-20.90592886415839,56.31488072842391,0.003731569699857173,0.0028562108940574857,-26.71332316535229,106.56472747783613
229,150,9,14166.785596886564,-0.004075359970481486,-0.0,37.8663877952756,-0.0,-0.004019769541449932,0.0008578708738075354,-28.582459629250987,16.894766143030978,-0.003854126489834411,0.001981415257427192,-1.0408425815873834,-22.211936032423417,-0.0005848308442273884,0.32159419693735936,-1001.4925607576021,-839.9066611461607,-0.003268509081988138,0.0011771337957767055,-104.6683502499542,-79.50436088198488,-0.0028522232634457406,0.002124726876613839,-47.14736279538533,-99.68727815790963,-0.0023911176653034225,0.0027041419748427007,-21.308412659831173,-88.11962797144062
230,150,4,3072.12580207375,0.0020053026197048044,-0.0,-91.3307086614173,-0.0,0.0013674069209353022,0.001699151601349155,-121.89656864849978,46.82610021561302,-0.00011883004860545203,0.002740669978400738,-117.67517729863856,124.37219953990024,0.001529891435811055,0.3210628823082332,2444.865076241083,-2916.8230492877615,-0.0018666014517344344,-0.001314732420593438,49.70316323001037,-34.02586321064151,-0.0010637991499606381,-0.0020235380914196757,32.40967460994389,-7.077242151570228,0.0003130086892517323,-0.0020620145958172116,28.289939044769753,17.535367684761905
231,150,1,4392.666777446245,0.0005013244177863805,-0.0,-93.51796259842519,-0.0,0.00045499090406865507,0.0004470031194215614,-94.01817268625283,-1.3592164180698765,0.0003281852800455657,0.00113846877443815,-137.80348849309132,-51.68784998205766,0.003151633720975945,0.320284311325804,3727.8456845090677,1412.837817356529,-7.814619768550293e-05,-0.0006360701736346534,88.20637958189417,49.27998618559633,-0.0002497842086265343,-0.0002188827672359584,26.87198168106991,19.17322319594863,-0.0003657911377845504,-0.0001886046324728002,50.10500760011199,-13.561166180432522
232,150,11,4695.797422924233,-0.005514582204188201,-0.0,39.987450787401556,-0.0,-0.00347205071904703,0.004522970518757258,94.39788952256353,-23.48794938111268,0.0010871440689082066,0.006139028853901582,30.62894305466905,49.94986061354023,0.007705708218851784,0.32238935404426355,1392.3886516684092,828.8397426681777,0.004714684932428073,-0.0029579539870672666,204.53234751584168,146.5364532914331,0.0013708819396353023,-0.005118057109489328,92.60442599575693,-45.76562588581882,-0.0026678230337541854,-0.003966060304637337,258.217650716801,100.9773232035925
233,150,16,10942.180893615521,0.008021210478819202,-0.0,35.27559055118109,-0.0,0.0011011746250628154,0.008172914273614381,28.166951157408228,22.615439600842326,-0.007575626269546206,0.002966130287570059,-28.110020125463556,-39.92823577088585,-9.00878910322991e-05,0.31284635657402204,-1236.5675737645001,1782.1668887692283,0.006345406734634386,-0.004907802578488191,47.04533743268067,-1.8257020631210108,0.0045688073740577035,0.005099063885838414,39.531216720178634,87.94632419081957,-0.00461986250258737,0.004867003632218584,-123.69790337999474,74.67925771330702
234,150,3,4947.5272755205715,-0.0015039769647786003,-0.0,98.36269685039369,-0.0,0.0014462560697984927,0.0006383428667995187,77.39516028003274,-14.552810227863562,-0.001271523506578663,3.868166035344882e-05,151.55778190812129,-9.924978710399044,0.004029946263358809,0.32087612106741503,-3116.161011572642,1793.7910488363145,-0.0007035540583019102,-0.002280144808538196,-33.53833371632699,68.7842277743364,0.0003261796683521646,0.0007601549605628457,-23.900303640992238,9.687090581953326,9.674779499239881e-06,-0.001622820737772528,-16.182726884520886,-14.983212096362013
235,150,1,4061.2241567556716,-0.0005013256549261973,-0.0,74.47416338582677,-0.0,0.00048176185026697904,0.00037622975459996265,98.93158189946794,-13.542743733901824,-0.0004174740147733638,0.0005195236071438957,152.65802014746976,-39.54706685026357,0.0033463689237709956,0.3201810963280908,-3840.489207629557,597.2952578486645,-0.00023341964886911042,-0.0014965964869928313,-112.83684965883486,-3.118341041150158,8.879623173511181e-05,-0.00013964211249584924,-30.439249055483604,3.685852701851023,1.407881621945258e-05,-0.0008186115754284751,-12.91066130120342,6.255968091813193
236,150,17,7933.316080861015,-0.008522536133745404,-0.0,34.92814960629919,-0.0,-0.002057407730226929,0.008546628945196377,61.38844778609345,3.841103922167971,0.007392755122389163,0.0048640813890648196,63.105658097241594,0.3074445717985932,0.008508677575713485,0.31399919956733785,-634.7292072562566,-5.908470225125936,-0.00442959988984242,-0.007322025811817698,95.64241277777039,-0.1476752094856065,-0.0071769650007677405,0.002522060944927585,123.29839483848548,-26.589807142114655,0.0007360796731939255,0.007604687906336586,217.35432086808294,-88.99126505416241
237,150,8,5814.616923986254,0.004010605239409603,-0.0,-102.75590551181102,-0.0,-0.0035101982936913004,0.0021448268473725084,-68.51772759703016,10.919279447290752,0.002157645198739319,-0.002526403412241934,-151.84553669019496,23.12539776192961,0.0027000379367222538,0.32367355036765344,3119.6214502900157,-2250.2045191259504,-0.0015186697897737829,-0.004502176195944894,33.212427838639954,-165.39903736498545,0.0028269254909639155,0.0016242474485316065,-27.30149828730214,-73.41464757954677,-0.003379823054724364,-0.0009449234912801607,-80.3031943376768,-82.2424402330714
238,150,11,18367.957630117093,0.005514582204188202,-0.0,38.32997047244094,-0.0,-0.002613827805076904,0.005078636045340145,-11.987355986813357,16.636108202345255,-0.002955118721059658,-0.0037476920873718155,-87.55320879910083,-31.863396522638237,0.008295523581489932,0.31942654454731756,2606.783005431865,2089.3450040833573,-0.002082585010431683,0.003655923223003967,136.5347302093301,72.3426497879488,-0.003032897009655108,-0.004419526086593697,94.37958045684529,73.10972050150167,0.0046313994390697446,-0.0010705908812284313,25.994123407713552,3.6845169753624685
239,150,10,7173.457734968429,-0.005013256549261287,-0.0,95.89886811023622,-0.0,-0.0038447798377415597,0.0034624474981404456,65.08511528400393,14.05995933066144,-0.0009174968249561979,0.005689627234417971,77.4722280338399,-41.89046972892967,0.005336149844615498,0.324179758782522,-717.6702961600533,861.9313208713382,0.0043301927700062255,0.0008213707458432645,58.65751749687517,24.80221016465006,0.004262019244508173,-0.0016925353797868459,111.22263664519328,-35.61355920386988,0.002289562139819175,-0.0035944189496734326,123.55348872948947,49.71435256980297
240,150,11,5471.285394632076,-0.005191635113285502,-0.0,106.69881889763778,-0.0,-0.0051044738933901,0.0011076413059943953,64.12975085229793,-52.394715799669854,-0.004846510872996097,0.002463905565378248,45.8896796992547,15.933789749381864,-0.0014310915962106492,0.3222766066786654,-795.445447012743,-1348.9405871726904,-0.003925674846489769,0.0020132751638109814,41.50634334036589,-116.06579588125518,-0.003291024954053663,0.0030578833857168625,6.263057570447748,-111.97902239748997,-0.002597629610639915,0.003669088577046831,55.243354697942664,-79.31797608291227
241,150,10,2840.0816017669317,0.005013256549262003,-0.0,-40.698326771653534,-0.0,0.0005016821610368464,0.005211824801733671,-133.362472853955,37.11867525507036,-0.00482087259860216,0.001762614860662189,-89.6113885228853,-34.91243253542644,0.0015837327918683387,0.3152425187284124,2998.422456006557,-2078.7477473692297,0.004283457651749523,-0.0028974960317028186,-5.7876194606716505,-169.30421919942725,0.002152604908559446,0.0033751588785317505,96.27454724384792,51.20528824320855,-0.0035253320588922634,0.0020633380960249055,-125.06186062620205,-80.44021189443771
242,150,1,8951.557219097915,0.0005013179334544058,-0.0,-10.9800688976378,-0.0,0.00046246100426304435,0.00043112922352017946,-23.504933439667262,-39.5702879871008,0.00035525972865179805,0.0011159501804662382,-77.61270379360299,-48.38392065726768,0.0032029000187113583,0.32027051103249093,2891.7999595473193,2719.840554895738,-7.859519104365144e-06,-0.0006247972456002919,89.6941012277125,68.69477459716583,-0.0001743963440155437,-0.00017060429850653176,51.83489647795499,53.55974155102454,-0.0003040474127302413,-9.946307024953781e-05,86.90688446906387,22.58088820458216
243,150,12,12228.761575449224,-0.006015907806266572,-0.0,9.115895669291337,-0.0,-0.005154368599074775,0.003312736283209586,-31.82612530597626,-1.4696810413647028,-0.002842023556631733,0.005995350387009122,-54.52855027664743,-19.867991167796976,0.003196653040765128,0.3256791669585061,-1267.4611669048722,1885.969176266451,0.002990034091585036,0.0037494054032424316,-48.15884540914849,122.87072229083206,0.004790179964961435,0.0020161166117758397,54.01604023430674,106.37936440534821,0.005113694060373589,-0.0004908147531489005,121.67273867186668,73.13097658686168
244,150,13,5739.879476480816,-0.006517233514040603,-0.0,-63.106299212598444,-0.0,0.0026151062013549838,0.006227175977488435,-84.31574765560738,-0.3942307301561941,0.004329255174835016,-0.0038539675519527654,-107.9399166871983,-15.087659715953526,-0.0029147295891682294,0.3179748023729316,-1067.3661434241733,254.30444353507377,0.0005224714639478843,0.005187209682846653,-75.31042908907935,-45.57785666234619,0.005106968562259945,-0.0030607441524046525,-52.30327817983335,-19.17810781430283,-0.004408220456943345,-0.0032813109624550397,-100.17394240044892,5.474164009722648
245,150,15,5498.961766497606,-0.0075198848238930025,-0.0,63.518700787401585,-0.0,0.0049518823046688,0.005912070795839366,87.774759589033,6.095304307679264,0.0009314477794793648,-0.006445589783256782,105.35677761555847,23.614592775926564,-0.00295973714135566,0.3240708501104183,-568.890038961094,-635.0148603401553,0.006773677931125306,0.0009194853650839632,81.32372517973894,-31.41216209742146,-0.0030582773505298563,-0.0061932475739582835,92.62476804871605,-18.604818113942166,-0.0023559039120092597,0.006134381221721103,161.1921920244498,-3.8347474650786926
246,150,2,3114.1411372960715,-0.0010026513098522574,-0.0,-83.26304133858267,-0.0,-0.0007683623070719893,0.0008814568765980964,-127.09664501613341,11.46009026447523,-0.00017968548430837402,0.0017449154221288602,-133.64667003936202,-18.109458312033432,0.0034786070893806395,0.32068343506669467,3656.365058554683,-807.4000389040256,0.0008547973516722924,-0.0007302252217722181,69.08856284894806,-72.39492344573927,0.0008445358282128354,-0.0008393596324083799,65.51448076324253,3.081051547188652,0.0004509085363761038,-0.0010904077711659445,7.60946523206364,-37.07556067849759
247,150,4,7853.256546950794,-0.0020053026196840784,-0.0,-29.98646653543307,-0.0,-0.0016069427845341892,0.001434067163227104,29.74077356188043,-38.603072333327,-0.0005802160311159599,0.0026694606172391485,-86.82208326183036,-86.79148059041097,0.003644493804379285,0.3216777847459469,1985.0622306020045,2813.167624785701,0.001524982824676913,1.1602772801535997e-05,21.643492958247414,106.99461030005561,0.0017854427681590157,-0.0005806092612981856,123.16085932249021,111.61222521670821,0.0013378751566528071,-0.001368380055498656,38.77086091115171,37.42891339557278
248,150,13,4274.1850167855755,0.0065172335140406025,-0.0,25.012057086614174,-0.0,-0.006458675525720228,0.000891197090622425,107.42087383396367,-27.47793848984462,0.006294416647879266,-0.0003487568763624841,61.2989731447801,-20.569289281242753,-0.0029976141892863414,0.3217042548345437,-578.4570915975471,926.1704706108414,0.005632606633636837,-0.003134334629537753,43.194455654542416,50.045961764243074,-0.005201505812267159,0.0023384575812444904,89.7671324929604,-54.82812949914286,0.00468975788672349,-0.0029679302023706377,51.571113530583155,77.9007032680471
249,150,13,16303.388183106887,0.006517233514040602,-0.0,-73.74138779527559,-0.0,-0.005645201356796892,0.003469982732918669,-18.39641224792117,-20.175506608102193,0.0032989340141493743,-0.004655126645341026,-27.97566355990999,-29.787958165114137,0.0028580155055150016,0.3261918268884377,-1483.595846303161,-758.2445654948707,-0.0028690360758644794,-0.006292792876686267,-324.70209580528194,-6.958057002064139,0.004918689475451502,0.0027615542422955346,-214.04090925253422,139.83670001585236,-0.005548599560004963,-0.0003517647700029347,-63.757054713970355,85.82794878020398
250,150,0,6028.608499680373,9.228728892196614e-19,-0.0,-16.005659448818896,-0.0,7.53017747360453e-07,0.000239692204897815,-57.901997501810754,37.385273712480924,4.812821146364405e-06,0.0007659741956845301,-48.7479351972458,106.91538198238888,0.003014330797490573,0.31982096116762915,2080.112935816571,-3433.4007095823695,-1.383612728019437e-05,-0.0011009860677015705,75.79685767912243,-77.37029275426038,-9.444573393817237e-06,-0.0006012107639240931,56.06815139270616,-42.6826041725067,-8.055667403803347e-06,-0.00042731581262313745,19.959304037419223,-20.67128608531508
251,150,9,4163.348740491455,0.004511930894335802,-0.0,57.31717519685039,-0.0,-0.003761318835205673,0.002710239875471288,-40.844663287327045,-78.86132936965024,0.0017908999408319168,-0.003257200925825557,-92.89594849874815,4.747037586235429,0.003719893417798937,0.32415229681119484,1669.8261851664413,2513.2989052116227,-0.0028508776956848838,-0.0041207273272129774,42.38585538450287,-20.189482571936203,0.0039032835652639307,0.0005183965556106886,-68.34298513201196,132.0427942140419,-0.0036466338503299326,0.0009790765006823714,182.66827775097994,169.0970445616081
252,150,15,4008.843419686199,-0.007519884823893006,-0.0,67.76156496062991,-0.0,0.005945215723299576,0.004856389459761515,120.466180300777,8.564912660279234,-0.0019212927220337269,-0.0062298915063060765,69.91302650826084,-4.8323799147917,0.00027239371543842406,0.3267227684223093,-155.19302692927414,772.4526486555641,0.006041176945674751,-0.00430663722367439,133.1705972269644,-11.792040169432891,-0.006678663029798786,-0.000978023737697604,179.72735317704993,110.06560629455254,0.004565120843437791,0.004772106759150235,-16.590884691602632,98.26213857599362
253,150,17,2341.8023242353156,-0.0085225361337454,-0.0,-118.12081692913385,-0.0,0.007947186219937036,0.003221534939470094,66.79131678442235,158.20147781734684,-0.006310032817888196,-0.004715394776606882,152.61301347937854,-41.087744394652645,0.0069142915030125296,0.3270467849788578,503.6441387394462,-3726.3027996644983,-0.001107133675694778,-0.008925608359205904,-52.16395721890171,90.38437953777387,-0.0016723438589968018,0.006896525141014593,269.6010599749194,31.00409135612094,0.003962072771808802,-0.006429128308230162,74.03137298757365,-227.8350125033729
254,150,17,3813.280226327993,-0.0085225361337454,-0.0,119.37844488188976,-0.0,-0.002923352072509788,0.008239776321939406,-62.41996213891879,105.8039351054585,0.006388796985670869,0.006256450289387812,-21.991060069916085,-112.71969021486497,0.010141015098596579,0.31590333626919287,1158.092171459548,1021.3261772687878,-0.001302665708215982,-0.008760302774268485,-46.40782869193204,116.87075770487199,-0.007497307245691575,-0.0017795542389062113,99.5855419705752,-19.663445544070804,-0.003737499699953328,0.006175349988369417,144.16315225876482,212.55626767383055
255,150,2,7933.859825825708,-0.001002651309852398,-0.0,111.55437992125984,-0.0,0.0007241186451331387,0.0009310766356669382,32.308265909271434,-39.095770070982624,-4.4631878132850316e-05,-0.00021049450513142758,141.36160269743368,-2.812659215776087,0.0023864878452742894,0.32056322154501354,-3632.699746179683,1249.752752131895,0.0009155398984813722,-0.0011774625869223675,-101.90708062863885,50.40506935763221,-0.0007180433560408815,-0.0011261458550936591,-0.5094140712910543,29.099082757213875,0.00012101567642377315,0.00045481469585818493,-10.649440303397052,-0.9752207500485747
256,150,2,12868.026057847452,-0.0010026513098523983,-0.0,-38.69586614173229,-0.0,0.0009420687624416735,0.0005766791885151418,-20.410365320446115,23.895943822883492,-0.0007619074030873103,0.0001575985589024219,-81.57715371588017,91.21279908200536,0.0035204146839344073,0.320656653919594,2066.573666389374,-3233.516164187332,-0.00021152955658533152,-0.001990191166305641,83.6370650831022,-104.35007810800982,-0.00012136977131512732,0.00032299088659577,28.16404147842289,-45.16762525416596,0.0003760437235825229,-0.001140374130591256,15.936018462787452,-24.601235447475702
257,150,10,7378.277601806712,0.005013256549262,-0.0,45.17839566929133,-0.0,0.0018672479503224198,0.004884338069003131,36.9435218491962,33.99079028276143,-0.003542490123107017,0.0042148855696902115,-10.442753065475252,27.15631972255277,-0.0013814456137253702,0.3179049912583039,1028.9611993656451,2840.8660308397248,0.0001631260160610779,-0.005689642155027315,-46.23758299347901,118.29517207216176,0.004213494962406676,-0.002008679630419982,-63.13432466773688,43.59834449832811,0.0028406348163805733,0.002927213950958242,-13.002566994154662,13.759094799988784
258,150,12,10450.333055125931,-0.006015907859114403,-0.0,51.23818897637795,-0.0,0.0020296809239777466,0.005920162217078808,44.658187036322744,-10.197168275049389,0.004559119966824105,-0.0029070629499998242,40.33799379627138,31.62741994757914,-0.001959492916177353,0.31702957481542005,-700.4888674660368,803.9431582004902,-0.001060978504492176,0.004625917761434898,3.9700924010587695,-18.723884378302042,0.005313042778097293,-0.0011201311387916593,62.23083306213793,-46.23696324295341,-0.002468910178128655,-0.004437737191714615,75.65530680226102,-22.73421094961123
259,150,6,7684.027586893797,-0.002995255856148846,-0.0,-0.9825295275590542,-0.0,-0.0028870286047180597,0.001007678813711175,-40.90077550276443,-28.123600860843098,-0.0025717023673330233,0.002237838887709704,-17.75350766014996,64.88407931899275,0.0009208814491648299,0.3218767418966663,-1636.753034628561,-1667.4241236596108,-0.0015010492703665394,0.0013786031121277862,-115.8017892841108,-88.19703512732767,-0.0008262265241652853,0.0021240883964153724,-121.33558351080478,-34.61469737195912,-0.00015203934531303042,0.002377147464206305,-91.34296179695855,-59.6123941113335
260,150,10,3773.9587793220376,-0.004528177744979427,-0.0,-107.4128937007874,-0.0,-0.004466624164182536,0.0008852110056013053,-109.34042569849105,-4.963882738043795,-0.004283437300766724,0.002030557315929875,-140.95676533460696,1.5007193764792892,-0.0009860363405994317,0.3216534364565755,3852.2785593179124,-1029.965010894938,-0.00363269612745698,0.0012268118470319877,92.46551937214922,-29.701166248129397,-0.0031727226109830513,0.0021325567449510564,38.7313876628408,-33.533027736457136,-0.0026642024777288782,0.0026117974605841363,26.543806094779107,-44.73073228267675
261,150,8,6337.478306296338,-0.004010605239409599,-0.0,-18.699064960629922,-0.0,-0.0013044357496778862,0.004019642229815915,-62.931971048730354,7.773345085006902,0.0031028618070911406,0.003213778006892861,-57.70283157907502,-125.03333541202264,0.006255076545804599,0.317757341141191,383.2431452574808,3768.3716835954224,-0.0008968773589961785,-0.004698670201764944,-49.00913658904395,118.74705640908402,-0.003581917827544359,-0.0008927954246607166,2.559630053160576,32.23414878501926,-0.0014230908144400205,0.0027523373017212262,-35.85225799547642,92.83724879280349
262,150,9,19153.060404121163,-0.004511930894335715,-0.0,44.49926181102362,-0.0,-0.0033872085284570195,0.0032169424657651938,21.06834893882958,-9.363955211551295,-0.0006055759425977124,0.005214164758260751,24.75174682508337,-33.46622691168057,0.005383901940365231,0.3235447662868526,-908.0020184064656,1551.3821437066192,0.0040307481206184395,0.0001834029211166563,32.689659890041916,-21.43115802273697,0.0036471661112858814,-0.002121248745895951,21.870078160247544,-79.11104827023823,0.0015468213328155927,-0.003649451483475946,9.41851966462559,-76.1683771587499
263,150,7,5968.284624566513,-0.003509279584483401,-0.0,-6.491141732283457,-0.0,0.0025021077780625223,0.0027002847509269142,55.111745509727044,29.969928482129667,-8.154357384740896e-05,-0.002635976274348419,66.728379343184,63.48187460066176,0.0007223539113777874,0.3223646217537128,-1305.208514515694,-2090.261794816105,0.003251918680108942,-0.001159951265403991,-52.99051890667005,-89.5794512332106,-0.0023627601179929984,-0.002525394354553691,-73.5390637089405,-105.29736051492844,0.00022152217125601388,0.002782733397620629,-50.5429024360831,-62.12547398673593
264,150,14,11508.021909947178,-0.007018515060428756,-0.0,-27.579478346456707,-0.0,-0.006394219131913733,0.0031160150430643123,-42.29982164341712,0.5579665275645557,-0.004650748160278567,0.005977915171328646,-48.27100365770699,93.38164568942642,0.0008519933680117207,0.32641115046165553,-15.852807457639743,-816.7756359656712,0.0005642755634150436,0.0057111669910705825,-12.580254724147988,-79.45254809598272,0.0030233227280461374,0.005338374021655071,-138.03650365983358,8.40507620716825,0.0047534884324031195,0.003858917825661133,-151.6141618154634,208.20768496800966
265,150,16,19810.33089387768,-0.008021210478819199,-0.0,10.2093996062992,-0.0,-0.003124535494669854,0.007617117882662231,14.422128193462306,16.976811684475596,0.005471155330210047,0.006501748821404131,-0.5606048585617546,-8.246518063167889,0.010216024110610452,0.31716997817808357,829.7506697799596,1614.9744980458272,0.0002695256252978344,-0.00842514481802971,43.27693398315706,162.15030254486575,-0.006501299350566388,-0.0034523093906945277,13.565687184369555,183.2383584623338,-0.005101530154622065,0.004431821407121112,-14.389719013823832,219.60612011792693
266,150,17,5683.860096000629,-0.0085225361337454,-0.0,-84.51574803149607,-0.0,0.008269594580076605,0.0022082825480115005,-64.78661556931284,56.2823640615005,-0.0075245708902122906,-0.0027572461288486597,-65.49686768129845,-24.553330014783356,0.009390905335456364,0.3251798311483187,-618.9308554408915,582.9964264679157,-0.00491430088808794,-0.007019187500543292,-65.1685362266626,87.30817506500391,0.003245295395252913,0.006768687101142819,-67.57438659461239,72.85671413867642,-0.0015347247332253321,-0.006825782185972885,-146.76861598160247,79.72635346429408
267,150,6,8340.431180252663,0.0030079539295572006,-0.0,20.270915354330718,-0.0,0.0005248855519280793,0.0031894406985963925,-16.13319590530839,46.89509487779991,-0.0027691174504776627,0.0017871914275308463,4.6772373500688245,50.0355745293927,0.001558855967276441,0.31732863641274395,-335.51157223000337,-3965.4075780485723,0.0021223238176470666,-0.0029071588946518604,-26.806809377508944,-98.77095251823702,0.002064809221678224,0.0011242574371533051,-8.140592554252184,-114.45386384186072,-0.001270890270319161,0.0018177550772613574,19.914728043697455,-11.044227657838901
268,150,3,5807.708100032184,-0.0015039769647785988,-0.0,-121.66609251968504,-0.0,-0.0007288048816948704,0.001549665524412089,-68.28837961216931,-15.367699249199847,0.0007807870330018461,0.002028356067662088,-139.26766841478877,62.05108796567373,0.004458055361613199,0.31976551270212655,3474.537930694223,-1740.2813310710656,0.0006144143354258657,-0.00234114805383655,94.97595658617107,-55.82455896036093,-0.0007656933389546579,-0.0016970790751594173,21.36339446023519,-32.13393732077422,-0.0012843614443587093,-0.0002888698832952444,12.354941497076362,-59.8360425336191
269,150,1,7911.704516052758,0.0005013256549262004,-0.0,-48.383120078740156,-0.0,-0.0004979835503439357,0.00026259322443629294,-50.73527812737185,7.126123081980589,0.0004959650803133269,0.0007373732044635601,-74.68618657058562,-42.89332467634047,0.002535854635982398,0.3198889509486294,2768.9260812168945,2698.0270015426227,0.000448055031232105,-0.0011510084814526297,71.1602513614409,81.54129065668431,-0.0004496803691931984,-0.00048795933690328933,45.18842727902888,43.259497106232246,0.00040913150969140087,-0.0004795855411365031,59.8929250477657,46.30266913456126
270,150,3,6374.9281597511335,-0.0015039769647785977,-0.0,8.28100393700787,-0.0,0.0010727550000976397,0.0012919398395081572,15.288884688943245,-60.20923433102112,-3.222698480861635e-05,-0.0006967668101935147,-31.675801864703818,-132.68661270460683,0.002031982998926193,0.3209034632442987,783.2772444099886,3606.8983553968324,0.0013856313448261817,-0.001137534872454964,-19.609448900702482,140.10908497067564,-0.0010182653211359245,-0.0014422170227568023,-9.838967191983997,90.56644875135846,8.987471809027842e-05,0.0009240125004896498,-15.920713176481566,100.21967032000335
271,150,5,3242.0177995891477,-0.002506628274630999,-0.0,74.59498031496065,-0.0,0.0002668421355756866,0.0027333489033482756,114.72275432191638,0.5393985120424423,0.0024114876594710766,0.0002695874042108174,111.83002766473777,9.112027080788316,0.0022561024050524042,0.3175763350838508,-3183.260596228334,361.51913149495647,-0.0021378835059279373,-7.273644834258897e-05,-77.69920079044532,88.18234041841372,0.0011338249658546685,0.0014178046585236405,-9.665603603105243,-26.822224481391682,0.0017067710903935684,-0.0015729823274413346,-6.733297970606895,67.1658352955188
272,150,10,13023.171942858044,0.0050132565492490835,-0.0,-31.619094488188992,-0.0,0.003982598501639343,0.003255679184907257,4.894979164610964,-30.05122730529447,0.0013491839367128114,0.005517948810475072,99.72745783177723,23.1256917825972,0.0012695275517534247,0.32433304451908307,-2095.922648252241,-3062.3129433799263,-0.003987028976597701,0.001384420187899224,-64.32168080301882,-104.42464717045188,-0.004475187283985361,-0.0009753128537043286,-44.13752094309368,-58.719496841687736,-0.0031577239829667213,-0.003240886832344417,-13.173661457648954,15.899339034342525
273,150,5,12976.400123767386,0.002506628274631,-0.0,-10.523129921259843,-0.0,-0.002492339043207525,0.00035413441417970717,-8.448733905552816,30.061077184081768,0.002457843997612418,0.0005594460541642496,-26.81110565940555,62.0228253285355,0.0006270041431793918,0.32015354769368876,1721.5343378048642,-3452.6443819527226,0.0022851041819911427,-0.0014863905192980668,59.60295141066919,-94.93786440180058,-0.002198096576138489,-7.819641041739666e-05,60.09898665853508,-62.322043348328805,0.0020551860676043445,-0.0009342880806845166,45.95035072249273,-25.031513926437967
274,150,10,2731.3912294159663,0.005013256549262001,-0.0,-157.7736220472441,-0.0,-0.0006869370685148948,0.005191664156349628,-127.24407186025992,-63.13126365768884,-0.004733043750420238,-0.0005605672604983177,-123.62891210784981,-58.105760479733746,0.004955326495852127,0.31544086575875635,3565.029796906124,15.306937148265186,0.003960301595760423,0.0013932656825948967,97.00006598951097,-57.5506669786888,-0.0028682322304486485,0.0029165616608283896,90.6476072343009,-51.36862144571927,-0.0028916980050879915,-0.0034874091400197054,118.07946005053175,-15.266871926579245
275,150,5,8024.788591921227,-0.002506628274630998,-0.0,15.565206692913376,-0.0,0.0020647528415545084,0.0016435061810173852,-2.360828503645149,-51.44164663803414,-0.0009016757330638221,-0.0015212571608156388,-28.66793484089085,-98.69787509816437,0.002488987798122121,0.32217511272250177,1619.2153781446777,3646.9807485300694,0.0016881461547442647,-0.0026936601378150593,69.75770435663136,103.96569125314987,-0.002224905683639049,-0.00024227852713159135,30.862032079265568,54.194652108339945,0.0019251047117631748,0.0004942185235205291,48.414851012350915,46.092648845488775
276,150,12,4758.7803466216965,-0.006015907859114403,-0.0,84.10826771653542,-0.0,-0.003816790268398974,0.004901406665075334,99.06597866751015,-22.09727690954259,0.0011128446569723264,0.0066687552150978425,35.02725284507985,-11.453247398489763,0.00808101760481939,0.32276194357267424,-269.5254770861134,919.4687476148007,0.005198831807038655,-0.002932811178751925,-1.1145261221299378,-34.98537506781114,0.0016594672482987286,-0.0053865853046884205,145.71336216847965,41.765379693219266,-0.0027458179995583855,-0.00425655376850233,80.27596342624794,-7.156137177775463
277,150,7,7636.369442244063,-0.003509279584483093,-0.0,15.126476377952748,-0.0,-0.002677159364724538,0.0024854360298213465,41.24887510642343,34.713127259928164,-0.000598552210386053,0.004164168514082824,63.58654337913039,57.29757658285507,0.0046941574281333725,0.32275081745623446,-3235.6513898947483,-2295.9998670751497,0.003054588828403113,3.4787884185819387e-05,-104.64483219352837,-10.070721469991584,0.002945590368107637,-0.0016515428559273726,-88.5170979348119,-12.66008947936957,0.0014985328159916116,-0.0029909922198357907,-70.37285491554054,25.538831972772456
278,150,12,6056.368786931077,0.006015907859114405,-0.0,-29.807332677165338,-0.0,-0.003580224797657319,0.005048026292898555,-31.37193428338432,-56.1957394662165,-0.0016795459690700826,-0.0048831804188407815,-180.7265610111813,12.134032845527933,0.008440621588204241,0.32183822143774343,2347.765427665273,-2725.918888426663,-0.004706245105560248,0.001997747089231909,-1.3007188995389487,-57.40271492492351,0.00032944658931641197,-0.005920399323465777,4.762170288830697,63.99913752370166,0.003902498803413561,0.0029705364759413325,40.593636281592495,-14.981205918884607
279,150,14,13370.540626950022,0.007018559168966801,-0.0,-18.937253937007874,-0.0,0.004972696285551237,0.005187179427914667,-2.955629399226695,-35.22076508744453,9.194817197582186e-05,0.007738840039203673,-17.341181301022974,0.5776337765166418,-0.0016621671736137436,0.3248042041826734,1312.2370204478423,-117.49578966337091,-0.006546557875942892,-0.0007509522135835362,85.19584397695394,-52.975255268084574,-0.004583844821233715,-0.004631437248580543,55.45306869916152,-89.78494627870427,-0.00022592087238089547,-0.006002561055177081,44.27383479712758,-150.99469894983574
280,150,6,5217.775512058907,-0.0030079539295571997,-0.0,53.54625984251966,-0.0,-0.0001496869637857419,0.003237814684195112,68.11209051824115,-31.09101189846405,0.002944976808201462,0.001077669014723691,109.70742371805999,-107.64520629026455,0.0034487251834138827,0.3169879295156553,-2516.4830091510116,2594.304994163678,-0.0027585705009902507,-0.0016246739147691037,-1.9322017263485578,26.708164998874178,-0.0006780631705907131,0.0020580203435703673,70.36550058362965,22.22422045020202,0.0024411986595619492,0.0004116778268038831,66.44990418433461,42.015587025249644
281,150,11,10136.418561235349,-0.0055145822041882,-0.0,-29.831200787401553,-0.0,0.004296275471675353,0.0036855824829887516,-21.03218138380748,35.63664435377395,-0.001209820842294672,-0.0044580388100757175,-28.73647430559952,41.74697255137437,0.0007290988787014697,0.32468988133819876,-1852.071918873787,-868.2188899644387,0.004607437974513093,-0.0032147921486242494,-8.390286558912761,-37.08957368233707,-0.004822650150456788,-0.0014872575854745812,-156.2256214379681,137.6836780449882,0.00294729282519006,0.003515529176096686,-265.3687708212433,-78.92151038573094
282,150,9,25033.87238787419,0.004511930894335803,-0.0,43.03494094488189,-0.0,-0.0020385154734778865,0.004250935296493772,-5.77981880278617,14.346414711567435,-0.0026004191129412623,-0.0028014911609822854,72.14417275313308,30.94309651596168,0.007296374932638088,0.3191724503602118,-2263.350729178278,-2739.0062188806974,-0.0013119096155256717,0.0029395520312268343,-70.11146918258193,-123.59180987950808,-0.00286358040534649,-0.0033928437974747867,-48.85351128841272,-21.731969534061157,0.00365077703108103,-0.0015208053742247801,-92.43483754074003,-50.23934103073104
283,150,10,2233.8667329174946,0.005013256549261999,-0.0,-173.7662401574803,-0.0,-0.004901807537981821,0.0011987390367566664,-171.973829633791,13.442859340289832,0.004584255348167023,-0.0009975423759852036,-168.8177117271421,74.50201631654105,-0.0010518961238448119,0.32248131912787176,1695.6362760101822,-1236.168229336508,0.0033914623761607033,-0.004180188271570248,-36.038526342787975,32.45034188705802,-0.002643819585905655,0.0031983462392813143,-34.92593208743067,56.75544510786369,0.0018158661178778485,-0.004039543451866908,-69.78595697122262,81.68673007406493
284,150,12,15737.87848542429,-0.0060159078591143994,-0.0,-84.23794291338584,-0.0,0.0026187886388895805,0.00563939699394772,13.038149731057493,20.169691126723954,0.0036565180539935103,-0.0038540799432056376,-92.78648839209377,-91.65193196776974,-0.0026340514312293804,0.3186386544594003,2765.05882498665,1740.538690751092,0.0013121263566553607,0.0044069933665697066,130.57246998697028,-31.342164945464905,0.004140211702718229,-0.003940540505296882,16.893349166200643,61.645299468368776,-0.00467156594324125,-0.0024139891442958687,164.33798177662305,21.214598234244963
285,150,0,11050.94423074352,9.228728892196614e-19,-0.0,-9.132135826771671,-0.0,7.53017747360453e-07,0.000239692204897815,16.642420764066756,-33.704654924768704,4.812821146364405e-06,0.0007659741956845301,11.098878585082035,-74.56248471515819,0.003014330797490573,0.31982096116762915,-954.1299016465468,3907.4568073878445,-1.383612728019437e-05,-0.0011009860677015705,-28.931863643007443,105.92422349622446,-9.444573393817237e-06,-0.0006012107639240931,-31.83129037959606,77.34365595246945,-8.055667403803347e-06,-0.00042731581262313745,-40.44385995860887,39.46266634813237
286,150,7,4797.722708876023,0.003243123937825737,-0.0,104.44315944881889,-0.0,0.0031984218734710827,0.0007136380995623831,73.52888071178155,-42.31975751214454,0.0030686525733239407,0.0016938905567413921,95.4080065296874,-5.472904230866973,0.005863374692155093,0.3211643083326118,-3863.5312837224133,562.4948627697418,0.002551140983376115,0.000603417465021926,-39.343221017056436,-38.59772823628192,0.0022172760829157322,0.0013979548797450015,-62.1852288289581,-2.6652392922231884,0.0018435590262999874,0.0017935254917764074,-17.07638976310601,79.69194575097421
287,150,6,4863.485798397276,0.0030079539295572028,-0.0,-72.19119094488191,-0.0,-0.0028103682809189705,0.0012825542777498923,78.0002930249084,7.661134255884823,0.0022579625810588604,-0.0011236583034362616,0.2184347510465468,39.22181304590199,0.001590642431194344,0.3223718162656397,-966.1595468307585,-3253.892490897892,0.00044247888613175516,-0.003812235262305003,-24.973631783321757,-118.67733303328879,0.0004961661295937468,0.002119924922363819,21.688126015085082,-76.55423998778416,-0.0013246548201544814,-0.002510726402065981,-49.8937394284163,-48.49794890983196
288,150,9,5213.934560824739,-0.004511930894335798,-0.0,-103.02928149606299,-0.0,0.002262998945608614,0.004121190192121567,-76.55272468026423,-21.119599651515433,0.0021888289176253163,-0.0030894196637023877,-82.79643278113939,32.49720438601028,-0.0013204388885125118,0.31987813250312513,2499.1540624282247,-3119.1529860656,0.002148112440255148,0.0025066941760624895,47.54854081957896,-46.03011785158102,0.001935855845958242,-0.004133761375603867,-28.29898870281593,5.9068415766270705,-0.0038519250060003456,-0.00032207015363390875,-16.710568627660003,-25.204666910147534
289,150,2,4272.577008155017,0.001002650831611628,-0.0,-68.92002952755904,-0.0,0.0008957967567474033,0.0006848029824801753,-94.1838330299069,11.869096362766035,0.0006036624521004668,0.0015545881468028368,-103.76827940768982,-29.315025774943845,0.0032008876939824907,0.3207765921166596,3689.928625440391,1198.1097590816394,-0.0002572352688954205,-0.00018396123558380966,94.02972468319855,1.1065024607538247,-0.0006024755168052345,9.429995306670328e-05,34.04200993461968,13.418603871839837,-0.0007979022784925498,-6.929495423032048e-05,38.010944069155265,-8.607521725123174
290,150,5,8700.112225753066,0.0025066282746310027,-0.0,-3.733513779527566,-0.0,4.782285954208758e-05,0.0027453304039086923,-36.55609325333731,-24.347441705838303,-0.002455790156697237,0.0008807295359748468,23.46954000461149,-69.88503612562796,0.002878542733060755,0.3174515967450265,-793.600235543521,3292.4881173622407,0.0023148698127917356,-0.00122488322022083,-63.54747252581791,162.19039717536236,0.000202843583790543,0.0017074050154989484,-15.916525736375311,-10.261206577485702,-0.002128535532172582,-7.376268840073715e-05,-122.55192076748554,93.1319653179736
291,150,2,4380.3843468046725,0.0010026513098524018,-0.0,76.23474409448818,-0.0,-0.0008420568625490671,0.0007761767468406024,92.00030325527558,-16.52086160045016,0.0004242249308750167,-0.00012191544451672023,162.22288232607653,-36.06184086024592,0.003135123122034472,0.3207821202703284,-3844.277448172694,846.3089845438045,-0.0006090100128049896,-0.001812587696640603,-117.90292747962252,16.35095750494931,0.0008441025519265328,-0.00031238990577440415,-80.11387691819053,-12.881071419658667,-0.0008353843514059327,-0.00019758200457235293,-22.988142359405916,-47.25001657315164
292,150,7,18033.38468522849,-0.0035092783949864305,-0.0,-53.11294291338584,-0.0,-0.0031121241708854325,0.0018437434291696557,-20.277459924083267,-2.452204254572042,-0.0020213337500550503,0.0035923070541861663,-14.573660772810808,30.765343071522942,0.002487433615652158,0.32321098009243915,-1700.5893747441573,-2275.9929762086817,0.0009973145798349457,0.0020958334006104824,-149.30806487685624,-126.93000271857306,0.0022132261007507463,0.001747411423994376,-106.32326043449991,-118.8187149298516,0.0028399146417977137,0.0006878253034678272,-120.641340325262,-133.79146260910628
293,150,5,5573.013719209038,0.002506628274631002,-0.0,-51.303395669291355,-0.0,-0.0015656105184102228,0.0021992137633920716,-57.61217890178492,-30.33436524597529,-0.0005170326601711025,-0.0016055228772724596,-101.5129406710426,-35.48607345214986,0.005167596453157381,0.3209570146821481,2773.5048721860117,-283.78770845903443,-0.00213760560188794,-5.062271160127667e-05,-14.141641090058755,-71.19353252917828,0.0005503070200757887,-0.002653675201207338,-18.69904939336614,-21.154546747207743,0.0012726007697654342,0.001464493619641837,-45.71579438193113,-15.271909148672995
294,150,9,6359.182974426279,-0.0038320767784600965,-0.0,-47.374999999999986,-0.0,-0.003789849547841367,0.0007531303992658794,-62.76600466053201,-33.45364671977106,-0.003663288564967475,0.0017785869882155651,-111.1481654418408,6.984557742974942,-0.0004558663854225409,0.321305871311315,1411.6798847603557,-429.2225730191097,-0.0032196378179966114,0.0008203912104636185,-31.155433839734606,33.31987720132367,-0.002895879725978576,0.001718812899137256,-8.795036851610721,-18.7966915108952,-0.0025332947057050896,0.0022665343701516183,-46.79358851499205,-94.96338261034704
295,150,2,9672.704881731086,0.0010026513098524022,-0.0,-21.42741141732285,-0.0,-0.0009972715273911209,0.00026048430574305604,-12.619272287422712,-40.83471672748217,0.0009891349787406396,0.0007329581018220429,-30.023989344978006,-97.25293422525728,0.002052568933670532,0.31988199887889235,1464.8714884157032,3693.2118253138656,0.0009175072967285796,-0.0011616017970799313,106.05347848432706,110.0903777137247,-0.0009025225821606472,-0.0005026578951118889,47.17550440033648,77.64134972030774,0.0008413813004025327,-0.0005026944220488814,28.592541939374627,92.42924295806658
296,150,5,5237.462818195411,-0.0024995415743016315,-0.0,124.67445866141733,-0.0,-0.002401287337631022,0.0008930535372206436,44.606373380132986,-63.10913796382552,-0.002115493210551159,0.002011167699363054,148.96232021327089,-9.920179444355224,0.001329176836985526,0.32154265315508934,-2908.884723069741,2551.5528377496667,-0.001157048910301111,0.0009423855927248328,-115.61987991467325,143.42549281726806,-0.0005600846013862548,0.0015884360237191368,26.842854651983885,26.83246698693742,2.6159855492307618e-05,0.001733741699602692,-28.985274975349178,6.617079025873374
297,150,16,3385.3426815690714,0.008021210478819204,-0.0,171.69857283464566,-0.0,-0.006518226888663306,0.004862061097215314,-101.78118629313819,56.39962795798906,0.0026275521619375133,-0.006643846153431848,228.76923128321425,-23.71815296605451,0.005118263235575759,0.3272687707718372,-3061.6556966094236,-1882.8725856009755,-0.005829101594135906,-0.00574093032657293,128.57654982203755,-155.8552667522045,0.007155774143069521,-7.864564373447565e-05,-336.5084709602095,53.60532332077651,-0.005823427143674606,0.003269973967051673,214.8786758042071,-84.2550468228232
298,150,4,26171.847837642774,0.0020053026186487894,-0.0,-0.1747047244094456,-0.0,0.001679660008152859,0.0013300623708780612,-14.462455122124162,2.7546657534090317,0.0008212609966314592,0.0025797925318542143,-32.31342045253282,92.46489650955728,0.0027371774215521733,0.32176115297079466,1952.5306837172382,-2905.8437728352574,-0.0012395508497994724,0.0003573007784614596,21.630580451544606,-45.982118961123156,-0.0017316242374942003,-2.8704680122259602e-05,75.90007025524497,-17.94977762171197,-0.0016441468404753685,-0.000807213590413929,-56.370250822563115,-6.755873231295406
299,150,10,7306.592129654443,0.005013256549262003,-0.0,-40.116633858267726,-0.0,-0.0020673317839799373,0.0048076846868045,-46.01528093032801,-32.13008753743105,-0.003228525153545288,-0.002895474600311427,-10.554431370681707,-40.223783492739464,0.007632161656090407,0.3185334427133362,1145.466414667941,1789.7150697070826,-0.0006556461832419704,0.003649894963467781,33.68091989500975,152.88742618549648,-0.0037945734888196413,-0.002822345049701046,-63.36067732629577,110.30592286245799,0.0035754217386425612,-0.0024889984744879464,44.548503994724875,15.029389146553068
300,200,6,9003.651227466758,0.003007891996220847,-0.0,-33.08095472440946,-0.0,0.0027776244543049034,0.0012270119283872528,-4.593722472553717,53.58146429535858,0.0021301235450624334,0.0023171780540063745,-70.42893082019096,19.12813976982403,0.001187429008697526,0.003322899795222501,-1.1372469679239625,211.22266195462018,0.0026174504742628155,0.20268121858235616,1049.1810603248246,-4606.626394746242,-0.0009258602523942952,0.0016434983336169235,117.3432482108932,-215.39899535429456,-0.0017163611663843818,0.001435846926693376,-61.46970848826478,-63.54268542734297
301,200,9,3147.985442725216,0.004511930894335804,-0.0,-59.57800196850396,-0.0,-0.004305267141380465,0.0013922578797096999,91.82258499522108,-105.34715233974916,0.0037140710775983446,-0.0021445871431554826,179.2346287739364,-8.862928661212512,-0.0027984745350036933,0.004005760939283054,201.1473321984342,-0.19188654813944958,0.004205377188241764,0.19605690052160463,-4243.672439460246,-213.02188870437897,-0.0005195801374875175,0.003145699193486705,-134.7410784309317,54.04423472650346,-0.0006336382679686541,-0.004232117060600595,-183.32018677046145,39.242692385363064
302,200,1,9158.394177562463,0.0005013256549262008,-0.0,-49.512795275590555,-0.0,1.9148134319659928e-05,0.0006059595745434385,-36.92430391043479,-37.89488452685843,-0.0004894176267502604,0.0003046726817718207,-34.20275362250114,-65.3112408269551,-4.790145590185253e-05,0.0002067414225353133,-35.366703644338486,-152.76136498913658,0.0029735602678114138,0.19981173369861407,1229.6494883594285,4576.1763591255685,7.010434856873509e-05,-0.0004481179559300136,56.35096963441813,165.04398969819786,-0.0004253367697462928,-0.00038002838307497986,18.03237295200671,98.8403448427281
303,200,17,30825.28407867676,0.008370431713019015,-0.0,92.2586122047244,-0.0,0.008172803447659176,0.001776088583568031,12.991874076775076,9.401422247920623,0.007595739473661983,0.003501440175854848,127.66249186520055,110.77315500289009,0.006686512669281416,0.005286112998560501,113.15932446552002,-52.94039026427714,0.008011947352165384,0.20557558949123284,669.6051743946786,-1674.1851688058264,0.004127254005004213,0.005573005289931503,234.95074859350316,25.099980109130982,0.002690974222497572,0.006407554188161228,157.99981224767387,-164.8666142311262
304,200,8,3449.011169330801,0.004010605239409035,-0.0,-142.9517716535433,-0.0,0.0030928292718936283,0.0026430116732182388,-103.56448170132641,-57.30844650597118,0.0007886645924555636,0.004148728078128999,-72.44792850245916,-86.29728472900585,-0.0017856784221451122,0.00412849307653195,-35.47498990738267,-134.75447980490927,-0.0009250372567698794,0.2013887750384732,-1399.284522537871,3254.3510524935296,-0.003459630373048811,-0.0018297621694809546,-115.09251470063371,84.06010969158908,-0.0019463891495548821,-0.0032108601198575586,-91.62707778144555,35.43031728533331
305,200,16,7839.588132591483,0.008021210478819218,-0.0,-96.2659940944882,-0.0,0.0040655305006934836,0.007031618189541324,-66.18575617072176,0.8600397331687898,-0.003793870935779088,0.0072766381710087005,-61.28772698543768,2.4486606243674514,-0.007695126974593158,0.001088867933136181,-119.91844436555364,13.884441214663173,-0.0014883846434426491,0.1938009059766664,251.61781111086648,-616.5377635429369,0.0032496905024145396,-0.006979540206860159,-71.68929388251298,-63.35591476184659,0.006821137161701696,-0.0005017294172788314,-120.4822506005865,8.821773388257146
306,200,13,7072.995864802318,0.006517233514040612,-0.0,-106.09670275590551,-0.0,0.00016347523059524172,0.006620728922577511,-71.46079236251096,7.674880521577406,-0.006392358200484069,0.0006448563884140277,-31.829843484472278,22.688142189020304,-0.00046441186994791717,-0.005472256922890704,-41.446460601318876,56.48485176973847,0.008552985141632172,0.19939424924688476,-1089.4047762056152,-917.5970212098221,0.000719589996183321,0.005060971339898011,-186.9130905776874,23.310678459013342,-0.005496111146816588,0.0005745862125900096,-215.38283872451925,26.678396784023736
307,200,11,5681.279908732465,-0.0055145352790554655,-0.0,58.80757874015746,-0.0,-0.005038127739519561,0.00231754037283563,86.84729423074681,-21.892428737316113,-0.0037064074108163585,0.00427788802189467,114.65735470004299,-22.51291118916493,-0.001787400779763497,0.0057657037639332,128.47250974166525,-17.870513669705247,0.0028361605606483688,0.20514176860105426,-918.7877347004584,749.5916290410964,0.002229373529965466,0.0036880987139186637,-2.077345122066238,-7.5768959488235375,0.003616770839408539,0.0027574829135694145,55.16588930946062,-69.54413318724706
308,200,7,11106.135691232696,-0.003509279584483399,-0.0,-151.76082677165354,-0.0,-0.0005245126867872957,0.003560620413873958,-17.752609163076865,-40.12163949985708,0.0032935554859996035,0.0012902519734733948,-157.2112691628537,22.894892856512705,0.0014802947173091256,-0.0023493746121161065,-152.9452749582092,-141.3661711838225,-0.00017988160107554552,0.1980247321649462,4057.550596659342,2477.8965519388125,-0.0021638367543369546,0.0013964782608157313,149.35116048114494,39.78030096860512,0.0018387908636978265,0.001870420482108623,65.17649713265493,138.67679911710403
309,200,13,7838.730348151126,0.006517233513934556,-0.0,-91.9515255905512,-0.0,0.0052735151171652336,0.00392994095285156,-65.69709730688965,-8.677559762180376,0.002057054249360164,0.00641720370110897,-78.10220057874031,11.637986795488727,-0.001814711159164066,0.006809688898693735,-80.66338540646163,-2.961551606999152,-0.002305385713199913,0.20375989393263746,-863.2351617305355,-372.23708455665655,-0.005839451582134795,-0.0004532062954927886,-123.16683351866904,-63.45697947897604,-0.004616013374851813,-0.003235226074083781,-115.7580340342955,-67.45540084614252
310,200,9,3021.2617682541086,-0.004511930894335795,-0.0,-151.94537401574803,-0.0,0.0028636406277380583,0.0035797021982380156,-117.40421999568323,-70.22466075455108,0.0008323919853890691,-0.004063118829903031,-59.04561972063749,-177.64999165287307,-0.0037921091623454727,0.0028100217000524346,109.34491637367908,-257.0039622231805,0.0064198867442961955,0.20147980841667043,-1558.398313829044,2809.236005478775,-0.001260626536834637,-0.004660522144568567,18.46819102602316,203.0324483347087,-0.0020676511098933936,0.0028612626994082863,-44.60647615035871,207.28923050827584
311,200,7,5589.596360591556,-0.003509279584483392,-0.0,-56.101624015748015,-0.0,0.00059026585976273,0.003573341094060508,-88.52021142821872,-7.5254636377082855,0.0032529181177881118,-0.0008337392923170819,-93.18054795598879,49.08221573890067,-0.001635762158483884,-0.0021874280194738955,-105.54449544390037,49.11058275763379,-3.126259724922368e-05,0.20203429737690853,1306.1364987088994,-1024.213026541388,0.00234387912256141,0.0013234917154662125,-31.03229344366193,-2.9188346103421674,0.001565069477833111,-0.0028418955823178286,-10.18777811617502,18.961396503753903
312,200,17,6361.817518388622,-0.00852253613374539,-0.0,-87.23105314960631,-0.0,-0.0024689288828293712,0.00825934658965793,-81.1643807870569,-4.989026652534862,0.00695626345611301,0.005000790880359403,-74.86743825578385,3.6233138828464084,0.0063495874474484215,-0.004384400654710809,-42.204594731071495,-1.7317200912666708,-0.0005007930247450654,0.19269350397071486,-1033.3268777028895,-365.5904244053227,-0.007603740398505962,3.706792728175875e-05,-81.61027742636918,9.98702824328073,-0.001454326298300177,0.006916187942539849,-72.46365260573572,80.52595494200868
313,200,16,3980.4247230294745,-0.008021210478819199,-0.0,-127.57554133858267,-0.0,0.00564707426463007,0.005760228893040325,11.090301819609392,-106.24880747653202,1.7621166940775431e-06,-0.007599523780071518,11.035419301659246,53.92028868965173,-0.005442960836067206,0.0061549755019070515,-259.48275200775385,-103.72234127568302,0.009983270774630591,0.19991002952290826,2551.0585248537755,3127.9385219014875,-0.005089160789864016,-0.005926763821519971,204.71048650398444,279.0899733988385,-8.027615745302849e-06,0.00641016526926253,-95.63412336066831,113.34864603163061
314,200,7,4365.36658975423,-0.0035092795844833963,-0.0,99.12475393700785,-0.0,0.0005034972613829976,0.003572765279201289,39.595860605666935,-85.98615422511845,0.0033062782169030833,-0.0006981832334879736,-52.22610589472776,-21.8364777863337,-0.0014097275996178837,-0.00234828886359141,-60.28205118896209,141.6519754143073,-0.00022512601484463932,0.20170463694918192,481.2427426820201,-3784.844827509948,0.0020636562497429773,0.0015164168943775462,48.44361962177849,-180.05390218226805,0.0019274439560886898,-0.00269066867737182,-5.009425923433632,-109.8038764087095
315,200,9,7854.142359189541,0.004511930894335809,-0.0,37.725147637795295,-0.0,-0.0026853396853771666,0.0037315611726269223,61.935459853675056,14.40881756091485,-0.0012613567743096747,-0.003932515047463006,70.97058454584553,6.066620093778737,0.004076711279214827,0.0022549233316740682,119.72438334356723,-28.786862026264714,-0.0010064007609065881,0.20228422726937048,-1420.847551469778,634.597851978106,0.00024181284778713975,-0.004775903828487138,10.063780457260632,24.311400568612928,0.0029263647078455997,0.0022008813287161325,66.94494159019725,3.9979405518681443
316,200,11,7497.030117773848,-0.005514582204188188,-0.0,-91.37130905511812,-0.0,-0.003930149988965849,0.003974593455818561,-66.5506671463661,18.087529168842853,-0.00013401958466633656,0.005753519787560447,-51.70534138938309,-3.377954497689081,0.003610222032242906,0.004679654768070723,-85.0794714005125,-30.53828297184948,0.0076436724405445685,0.2002934268635317,780.5641688334752,-552.0917294811211,0.003691114246538885,-0.003946105158355858,-97.01255316605355,26.60778171746139,0.0003501874007943002,-0.004889524427475413,-43.507856027687204,52.129072658252035
317,200,7,6086.712296971365,-0.0035092795844833932,-0.0,65.57135826771656,-0.0,-0.001366952952404347,0.003342460579873121,78.99984703592945,17.29377109507168,0.002393301212348072,0.002792114890363278,83.73135362733393,12.501561658168365,0.0031574102368614565,-0.0004521793796648187,143.94486729116127,36.798115559133095,0.002636249306444275,0.19670593103599304,-1705.794774616586,-674.7469928237985,-0.002853653027494004,-0.002104593131420226,26.283812174183943,37.24030767347204,-0.002236867280042309,0.0016764620281793433,43.14594989771863,76.58616375562504
318,200,1,12959.32780164911,-0.000501325654926199,-0.0,-66.85039370078738,-0.0,-8.083079024169367e-05,0.000601344920999223,-28.090319783260952,-23.129991636323314,0.0004681468708194577,0.0004290617685725565,-57.06478368330578,-50.19286716987205,0.0002332391891252727,0.0002656868989737892,-88.03880006808092,-150.67950590437692,0.0021412724430674946,0.19960550102716906,1951.2701310639857,4195.640904059751,-0.00034084963898613034,-0.000571632257758153,66.97489876364276,163.93541889137467,0.0002292050704345922,-0.0001076729945755087,24.053625514694183,102.76867789270912
319,200,10,110888.10224376734,0.00501321389005044,-0.0,-3.852854330708642,-0.0,0.004593266442890058,0.0020790069510719196,-2.780176871085807,3.2556413629957595,0.003418104645628131,0.003852740691352956,-28.479998530026183,32.30390635640328,0.0017237405916479664,0.005244413338887322,-64.44025365678098,18.24902704368939,0.0023369251112109377,0.2046302911930906,1464.0509593793886,-1653.5150066694823,-0.0019224858188339265,0.003281322421604294,212.00906335435087,-54.561843724043506,-0.0031932841797940466,0.00251602633217065,177.390901359364,120.30887026713678
320,200,16,16102.778409685274,0.008020825836931028,-0.0,98.94242125984253,-0.0,0.007461238456225028,0.00296882305245828,25.51412693030027,-11.137369311620471,0.005879488896640673,0.0055472410225600585,153.68077227774077,97.79363627818864,0.003548479332514395,0.00757914958899247,180.04996907991043,-90.54708986003807,0.003355555650964165,0.2073740603867045,-2435.8574380547666,-917.2442501382449,-0.0017980470763067405,0.006156561928734405,162.4996932439116,7.131917727673764,-0.003955323776562191,0.005227088067726488,-148.97566182581684,-162.79330928988682
321,200,7,5135.306773187545,-0.003509279584483397,-0.0,99.15182086614175,-0.0,0.0031890495638807782,0.0015401140341179955,66.69786951534662,-52.183904237463096,-0.002294319155387296,-0.0022934356719646184,48.50495429301904,-25.980725805598865,0.0010283812947816217,0.003915082813323839,190.3007610929509,-26.179804095456284,0.002881091567678972,0.19665740981452326,-3485.8576532272277,2302.7749835244745,-0.001612110156809091,0.0018455352360446354,-163.19939739572956,177.51521742990886,0.002433271002551902,-0.002161981749763724,93.58356661579948,-9.663950492245247
322,200,10,4088.8950977819554,-0.005013256549261996,-0.0,-96.3193897637795,-0.0,0.0033710154462915174,0.0038089480962636415,-120.71954651744078,1.4243867538230388,0.0004346134353577086,-0.004595916144587017,-148.4170386888355,-8.94037898275227,-0.0038174265681117426,0.003679661515908949,-216.14655752770557,-54.94191612559127,0.007110385680072787,0.20079196217308198,1718.8316837712832,169.61479090763913,-0.002415940440726236,-0.004552017851542644,-35.566408820658694,-93.05403915842902,-0.0011203049980556088,0.0038137010261230504,-47.58959557942555,-119.21679008012151
323,200,15,1622.8593133308098,-0.007519884823892997,-0.0,-190.91732283464566,-0.0,0.0041694367366544895,0.006330879352783014,249.83678041099722,-98.53461474886123,0.002807357341428718,-0.006555452706056826,-186.8539647749241,269.1214800946105,-0.0070730570887482126,0.0021453351036851915,327.45888227300185,-155.94550448318944,0.007495860101739594,0.20482723800132055,-2412.7559820872248,-3350.0104608258857,0.0012475472406738336,-0.00746702099641308,120.62005363742347,-422.85067212804444,-0.005905697932444023,0.002074935830971721,-196.8822787737911,156.78814348371196
324,200,7,3421.614287340053,-0.003509279584483397,-0.0,-120.17445866141732,-0.0,-0.0005244743593616108,0.0035728203722432956,-119.54330304083231,-20.974743512004032,0.003293712074156299,0.0013151734246829477,-122.18009741195323,-31.261143235892675,0.0014806600618561937,-0.0023106114994881776,-74.4209056685115,-91.09011971330177,-0.0001791966599044947,0.19807923518239046,-1859.1527813152745,2809.672469789301,-0.002162685788406046,0.0014697450011662832,-216.199117746985,87.50199208080701,0.0018406166133628072,0.0019672680383227984,-189.3487645579382,22.690413196927285
325,200,5,3487.5689828711165,-0.001999575317413315,-0.0,-34.17987204724409,-0.0,-0.001980914084956625,0.0003404887788064761,-125.73017558365686,7.864214849049434,-0.0019253659775546692,0.0007273320813278831,-62.64582589198667,70.69107144598988,-0.0018327643138936057,0.0013583821130179348,-171.21296738214582,92.92674560909907,0.0007905361061037359,0.200749370919584,2679.8504979730033,-3342.3122538622324,-0.0015922207171442182,0.00014982034595419828,92.9135419414776,-174.51026281002945,-0.001424361855860672,0.0007075899781118916,-11.337958113958168,-39.171323349074285
326,200,17,8030.3344140687395,0.008522536133745418,-0.0,55.480561023622066,-0.0,-0.008484107237903432,0.0002105611208749307,64.62947436882442,-2.8856454317150027,0.008374130232327559,0.0002645846381101612,102.6948617907873,-32.18388277765318,-0.008179180201773393,0.0009986808924521457,24.942905075103845,-22.39044993490452,0.01045015670581338,0.19990595083064927,-41.245809446839345,684.6415960148498,-0.0076323740637959155,-0.000348731228605672,15.44275623686375,-33.954420655880455,0.007256599903543449,-0.0003523662910839802,132.58254522400003,56.08401732458323
327,200,2,4236.650276806786,-0.0010003457255805008,-0.0,-71.58366141732283,-0.0,-0.0009593390088125269,0.0003790536230391936,-100.71629485465705,17.478399973533453,-0.0008406107715945207,0.0007853638735089942,-97.27338148356773,-28.308502212363244,-0.0006549550254444354,0.0014006599046672368,-188.23937216483102,-42.381943422984044,0.0020749267912061192,0.20073001248073097,4008.685294134871,1256.3096101479937,-0.00020692362117504459,1.9346655665621715e-05,143.62822256843592,58.88106810528299,3.7018910283966596e-05,0.00042047750483744273,48.5770860620547,18.565602908048145
328,200,6,6820.005458728403,-0.0030079539292688765,-0.0,-119.98351377952754,-0.0,-0.0024657822893041957,0.0018223905362694847,-44.187987156485235,53.11102677271132,-0.0010513010145502442,0.0030620538789542556,-17.954968628301344,-21.02860158252441,0.0006904549970627184,0.0035456318460535038,-119.4318897520556,22.976156988319076,0.00460269000467359,0.20182116331165512,-1063.2405253124475,-2128.1358953895865,0.0026582063540648076,-0.00045280620575969134,-59.14786689939458,-69.47698664419667,0.002270222633836249,-0.0015236080368840408,-107.28056054659915,-137.76644258544192
329,200,10,13391.204994561285,-0.005013256549261994,-0.0,-34.553887795275585,-0.0,0.0004388667570631944,0.00509839277298924,-29.888891793333144,-20.551954810898497,0.004850891435024349,-0.0005547008703466314,-45.28433831953943,-36.16461644427029,-0.001249384836320083,-0.0039029574825194388,-37.01405372073927,-59.43516034763395,-0.0018702840882267404,0.2015779910550931,-737.3462731520342,1898.985307561522,0.0018980915384996936,0.0032873559629278083,-144.492667573065,86.73396839472422,0.0036850476350670566,-0.0024732583820704867,-149.82131322252488,65.09421068323358
330,200,1,5982.189858412537,0.0005013256549262018,-0.0,-93.4904035433071,-0.0,-0.00020075057583652953,0.0005655524811456914,-75.66220980444021,-21.117086012552594,-0.00033089909778648107,-9.250002533044386e-05,-102.48476606608371,-58.59554940489667,0.0004627057357478432,0.0005356519346141444,-165.6188435403544,-106.88976855889344,0.0024709875697742772,0.20035389918332652,3404.7992974729978,3111.1686523850503,-0.0004069641674473197,-0.0010956876496730503,110.95751679458908,134.9961662701164,0.0003304921952501655,-0.0007233469481242161,60.75116328297938,72.63006367291392
331,200,14,5127.976093455372,-0.007018559168966788,-0.0,81.70767716535434,-0.0,0.003891620428335189,0.005955338634771468,101.30306823098915,-6.662975730046371,0.002620817594715188,-0.006020160063743967,75.92381226514361,-29.353937334316974,-0.006599910315469847,0.0021730951813964355,59.00786018269358,-3.6601481393859068,0.007165807939673616,0.2046734344690762,-261.3586491019698,-683.8133651466362,0.0011671608754133906,-0.006792034190526988,115.07607124394976,21.147427082552824,-0.005506690887858269,0.002217420929407506,146.3246781173494,-32.24152871187491
332,200,0,5379.015471750036,2.2950391587173157e-18,-0.0,59.18626968503935,-0.0,3.347058510979944e-07,0.00010653983086498001,89.76244319489133,8.684855394460426,1.6726377473946901e-06,0.00026620506232685097,85.84522287651737,36.67981253221176,6.439351607741676e-06,0.0006832161958463907,171.8080148352099,134.90751599392684,0.002511884367845228,0.19987888494151157,-3072.3425197478123,-3609.470550500173,-1.4025817961478595e-05,-0.0008928378635715132,-94.6604440597975,-169.70717642312513,-9.070901268147628e-06,-0.00048116926287099416,-20.402634401161695,-73.997624536038
333,200,13,6365.586838048716,0.006517233514040615,-0.0,-62.050688976377955,-0.0,-0.002613734259825737,0.006086339955682458,-76.41238524800848,28.34334703081168,-0.004321597743602111,-0.004371149574179524,-65.47687141000547,8.387286193420342,0.0059382807379956635,-0.0011949716906652981,-55.76715380355332,1.5645695689630066,0.0019809353962785396,0.20611051963888757,514.4264596619737,706.951399710615,-0.005121032289420397,-0.003454001673242697,-78.99748800272701,91.1116902692164,0.004407140308480068,-0.0035291727736553214,-41.996421008420704,42.89960491050568
334,200,12,5694.506128288982,-0.006015907859114393,-0.0,-99.45620078740158,-0.0,-0.00011247873487895716,0.006118453964962788,-86.34375756501333,-12.105172702951684,0.0059077552635293604,0.0005374267765087743,-68.7039412550309,-12.395477697859643,0.0003338374487103255,-0.005012331258481134,-80.59691879693186,3.8894408889983256,-0.003074110261330006,0.19956282166384468,1525.4458978152902,-593.4039444388549,-0.0005184372168866389,0.004609468082092944,-2.499572271155217,87.87459836496063,0.005088720307960327,0.00028581865405702433,-121.3336917083796,73.3674921604998
335,200,1,5232.711362557438,0.0005013256549262013,-0.0,68.11687992125985,-0.0,0.00029116640919411575,0.0005148736002604858,87.01994773294646,18.522324920382967,-0.0001563566365605063,0.0007381948898412356,115.75610264336234,19.235131113941943,-0.0004543102575508432,0.0008320289161406829,181.26111037709458,28.322603207335632,0.0021412931418391527,0.1996071480963775,-4052.687679432098,-2120.757430805821,3.2245564292476046e-07,-0.0013249535506229839,-106.5083246661998,-115.6633867956899,0.00034620711644456847,-0.0006975428869641256,-67.35630305549017,-74.97753956749811
336,200,4,4824.657621627343,0.0020053026172932573,-0.0,-35.70939960629923,-0.0,0.0016926892876582924,0.0011773246359417478,54.93983793657264,-64.848039302312,0.0008629370865528347,0.0020618525914389775,41.67047201881965,-19.917945841470043,-0.0001986220319598905,0.0026360223341754,-7.323773739828981,-98.1244067222809,0.001358532677458721,0.20139958146068998,1319.4161950367093,3146.100680737404,-0.0017013959271658002,-0.00021490486111267303,97.16001864601758,140.29031630527447,-0.0016774749371363522,-0.0007508985254619422,65.29702659653472,38.74683243614911
337,200,7,25940.234099531215,-0.0035092795844833954,-0.0,20.938976377952766,-0.0,0.0033673757292340197,0.0010556805007104896,17.98250207419623,1.7957131775734363,-0.0029544253282004864,-0.0014732910383930522,28.04143152323085,-23.630401182685418,0.002330473876506137,0.00317950898659123,112.89671372814162,-1.523649066979007,0.0009742953819330398,0.19706948043166314,-1930.1825485835639,-1442.0133830167083,0.000672621595206254,0.0022720528205286026,27.057960165898717,-63.26903784549024,0.0001436899915292561,-0.0033359046251314702,58.702800357185566,28.61700509012396
338,200,4,3152.3873671698943,-0.002005302619704796,-0.0,-9.619586614173208,-0.0,0.0011636573074181552,0.0017385342536811433,115.28833514270303,58.75107232015355,0.0006340512888231481,-0.0015801272083476978,132.62478367021313,-57.62888486283788,-0.0018365992327790215,0.001274207394317192,81.12689003761008,9.853305622085095,0.003995393349429987,0.20105687032920747,-3610.3428612855164,-608.4538254025776,4.324079668350546e-05,-0.002629351901925803,-38.14889878889438,-72.90744761028849,-0.0014271333682830036,0.0005460925801449965,-109.83614797648632,-32.904694109388146
339,200,0,10796.769366630731,2.2950391587173157e-18,-0.0,-54.58464566929133,-0.0,3.347058510979944e-07,0.00010653983086498001,-37.13243502848044,-25.72661356509695,1.6726377473946901e-06,0.00026620506232685097,-46.37246158021323,-44.4029355973063,6.439351607741676e-06,0.0006832161958463907,-71.52720234344858,-173.04292982667098,0.002511884367845228,0.19987888494151157,1743.6482520899112,4431.112824389693,-1.4025817961478595e-05,-0.0008928378635715132,70.8563337263618,184.09277911899804,-9.070901268147628e-06,-0.00048116926287099416,12.884354687637744,88.48860730145502
340,200,1,8792.220235527271,0.000501325654926203,-0.0,5.420767716535427,-0.0,-0.00041594994749224437,0.0003841811448770566,9.878561170320205,52.824151735278576,0.0001944531097274508,-0.00018228325693610774,-9.888467345080093,79.14368901969839,9.379214860372221e-05,0.001164271933839772,12.19568195908096,126.94301278594264,0.0021881216813654887,0.19955287748671102,426.34848700107193,-4616.701094263187,0.0004240285602186029,-0.0007810814020665266,39.40032127100932,-148.27873557003733,-0.00040791644742656355,-0.0003105339767032638,12.161946512081446,-106.20781108618696
341,200,2,3900.138354052803,0.001002651309852404,-0.0,31.45866141732284,-0.0,0.0002848619810596554,0.001069309945693485,111.20756383300906,4.560279710044707,-0.0008232127332604489,0.0008165882859595554,102.3506852867671,2.9631668521176744,-0.0007278915527774955,7.882145388777193e-05,179.45271290105885,75.38849979754744,0.0028884833080360956,0.19905081723656695,-4011.481581878867,-1287.844282900311,0.0008767435352394138,-0.0007445503862765948,-160.18343831339212,-29.65604983199517,0.00013079522718506304,0.000409312541163089,-43.170155119841446,-45.27785249586089
342,200,16,7465.690464621639,-0.008021210478819188,-0.0,-99.76771653543308,-0.0,-0.0030323493560032275,0.007527144458878785,-68.83174089386843,6.180091948727685,0.005608978940207036,0.005870983315233844,-89.59135522746224,-20.395089713841863,0.007099579866430421,-0.002227425650072844,-81.43999040515948,-0.6122998704704264,0.002419870199420003,0.1925570155039325,-74.44816719162762,1080.4408702267283,-0.006685061669383028,-0.0033356577158987683,-103.14410401796879,100.78956924067164,-0.004745904424369089,0.004706794437713359,-95.65671926453493,-19.038452771599854
343,200,9,5438.974231478168,-0.004511930894335792,-0.0,-61.90255905511812,-0.0,0.00388110144982798,0.0023935182977533388,-92.25275346056218,-6.710174956231737,-0.00218201541970353,-0.0035403420275079947,-73.48892044580138,20.171088926288608,-4.729543155859922e-05,0.0050966024360985145,-94.33249089180364,32.79142764758687,0.004675171612060613,0.1963856885408935,-1157.7198669121988,-1120.6612934309398,-0.0035500156361525878,0.0012009181732844394,-130.9434451917436,-105.48625300867683,0.003838662488776893,-0.00018818210173030252,-221.07868240169284,13.379052231278832
344,200,17,7431.4081525729325,0.008522536133745415,-0.0,-77.1419783464567,-0.0,-0.008395839447057777,0.00137629939164691,-65.79402356547116,-24.34072338140285,0.008027479736407191,-0.0020223407581523613,-75.04876060798624,-40.69269444188836,-0.007423147822258871,0.004275197850498983,-65.20782158416095,-66.73793351018735,0.009162812242258973,0.19575546319260703,131.80300690389396,651.5334854895764,-0.005730529423486681,0.00443834985368112,-64.07671151632155,-56.459658106151835,0.0046978161046149726,-0.005639033805341432,-101.31866786932835,-73.09333722788381
345,200,10,6992.56894327555,0.0050132565492620055,-0.0,19.359005905511818,-0.0,0.002321947815161422,0.004532809027529033,44.295403056987745,41.03681577338652,-0.002792012939060269,0.004338519221484201,14.609647133216935,122.96198570990504,-0.004775855863628475,0.0001351047916339355,-179.24379255513054,117.30434718463893,0.0008481163723936718,0.19555209170415547,2996.9051126431914,2505.0711577050215,0.002953648742412118,-0.004209835377626923,-139.15765877043594,101.74167188811677,0.0041434252610920395,0.0005931272093591796,-173.4061513503638,-85.10645161758016
346,200,1,8823.485362554258,0.0005013256549262025,-0.0,20.829478346456693,-0.0,-0.0004985182162300424,0.00012375882070704534,52.8945765107452,11.036849116176215,0.0004932186983307163,0.00023843026464326916,71.73533928953961,57.492642306012364,-0.0004730586879665777,0.0007334451050363475,73.9399282614899,153.63602337852663,0.002975226175387628,0.19982724993780085,-2099.830553658651,-4173.022571902604,-0.0004569977787537568,-0.000813395976519092,-89.60950503143684,-160.82938696011226,0.00041084162784691823,-0.0005489888715008643,-15.267714982143218,-107.4690233749694
347,200,1,4944.0027800434755,0.0005013256549262028,-0.0,56.4269192913386,-0.0,-0.00046371102112807347,0.00029328875679816304,92.97919014984419,-9.655778788251574,0.0003607270218288915,-6.477119249239719e-05,117.05251756851175,-22.61357950649494,-0.00019856050726855645,0.0011286393237426356,166.61017146534988,-81.9996765236473,0.0025413729500685924,0.19942634516794816,-3929.8097892682877,2272.646100442326,0.00012489643228546694,-0.00044803958381172315,-119.07661315610794,77.35847947235033,-0.00028095860324090383,-0.0007864248878490633,-58.693579416127086,75.1267583647125
348,200,5,5994.130100146846,-0.00247466910912383,-0.0,78.11048228346458,-0.0,-0.002406492206891267,0.0006476180885457909,42.64757791371465,53.26794714480498,-0.002207467176560783,0.0013110895317114642,-21.87313292902334,-7.814598271189842,-0.0018920266305126558,0.0021611892597358695,-0.4165177987389693,-119.5420105142407,0.0010110924621947119,0.20169298930283203,168.85637397206457,3501.627931471902,-0.0010623945972091672,0.0011439759342691564,37.09347778008983,176.74881511479407,-0.000585327373207855,0.0016598083614033188,-10.942972208618153,111.27806388151104
349,200,3,13485.064074818683,0.0015039769647786048,-0.0,-54.5465059055118,-0.0,-0.0014851412935580472,0.0003035538687799342,-28.5367586496194,11.38471671196877,0.0014328687726462154,-8.213095020939939e-05,-15.255319500433554,16.994981410669283,-0.0013368502170405868,0.0012448843188242122,-35.39896758188812,123.19766456807882,0.0037399498956078706,0.19924581448795403,1218.144901263156,-3602.881532441628,-0.0011020180240482796,-4.556655371302418e-05,71.84177319072461,-195.46652338256334,0.0009266830969458488,-0.0012843545711466087,54.33565196286844,-106.02119511069672
350,200,9,6287.349282411694,-0.004511930894335794,-0.0,92.99384842519686,-0.0,0.00014149143525145008,0.0046158667977279355,74.54318308421522,-19.05183999248997,0.004425660745015955,2.79394880010795e-05,78.19051077524526,-20.95141523676832,-0.0004009459542117664,-0.003570383829979484,126.85136549284357,-61.74038292416558,-0.0016563120752289828,0.200493183805751,-1640.5225923936068,1149.098824535715,0.0006194700791489241,0.00321296896762621,-47.151113882410456,52.66520657338986,0.003770999561846344,-0.0010460486742963537,67.10271624247214,23.27872046328967
351,200,14,2989.335938195657,0.0070185591689668056,-0.0,-211.17421259842516,-0.0,-0.004653360412715239,0.005329563486928741,-72.39998135846562,114.35606474637478,-0.0007763306207594343,-0.006562672656803594,-5.588530897592462,-15.353073120806846,0.005511784673346037,0.004612395332304606,-223.4158173472943,-108.39880105088842,-0.003858109452455164,0.20139318416855895,3312.0226623377275,937.0115834400145,0.0030128741520580008,-0.00633208355342626,187.33139839205722,111.06767839483416,0.001983302272822946,0.005244995748890704,82.59981446888838,-62.90924780331808
352,200,2,8828.212623582765,-0.001002651309852398,-0.0,80.04724409448819,-0.0,-0.0005761971408623517,0.0009232931891321287,52.954508342127696,9.20871284734191,0.00032952271785518416,0.0011988812346810926,92.20728884870731,80.69960747684377,0.0009332782514134686,0.0009521317823479267,180.1569308091559,69.02798066656702,0.003238975739898173,0.19930108514247188,-2949.7455011745346,-3598.7189434774546,-7.018954003368593e-05,-0.001777077330223834,-26.15046893702547,-144.3246044234704,-0.0007359640643770473,-0.0009150309053019581,-40.87245764453878,-105.32325315701824
353,200,0,10173.048900808128,2.2950391587173157e-18,-0.0,-50.92519685039368,-0.0,3.347058510979944e-07,0.00010653983086498001,-38.48103549035295,-28.669946131001385,1.6726377473946901e-06,0.00026620506232685097,-18.317360769158242,-69.15076156539607,6.439351607741676e-06,0.0006832161958463907,-24.728463459996966,-158.6296783743953,0.002511884367845228,0.19987888494151157,819.1066241635524,4694.322550672832,-1.4025817961478595e-05,-0.0008928378635715132,37.75167229389378,177.96925056012324,-9.070901268147628e-06,-0.00048116926287099416,21.475309477207787,101.27416015320294
354,200,15,2501.267525574613,-0.007519884823892996,-0.0,218.57972440944886,-0.0,-0.004090227589034537,0.006393334901948738,-150.00149103776184,111.56147867739821,0.0029783454185024014,0.0070614136372023194,100.02494448997558,-106.73004666291835,0.0071359680427414765,0.001911020525965348,27.15893357358901,242.48074751906387,0.007242885850817383,0.1947874185362596,1452.302079035555,-1989.5367159619827,-0.0016860475527894915,-0.007311393854604068,303.708226401165,-58.35586606714293,-0.0060762981925896985,-0.002406312503662926,-75.67009144156874,102.03343946224368
355,200,1,5584.903525459745,-0.0005013256549261972,-0.0,59.4630905511811,-0.0,0.00035103951812016877,0.00046465312121870634,79.02823608634468,-24.622922491561656,7.899675235438096e-06,-0.00022016072482021536,94.56646454829989,-21.329576436608935,-0.00034043116163126743,0.0010268142536212755,149.31368644571756,-69.0369293978915,0.0029788415641962994,0.19990394540485032,-3885.3570785920087,2354.417960105314,-0.000320860248521022,-0.0012019689036180457,-111.6970907294682,85.4619309798401,-2.4727609668030913e-05,-3.0543508788839085e-05,-58.114117578179986,65.1988421404236
356,200,14,5181.203243696405,0.00701855916896681,-0.0,-76.79207677165356,-0.0,-0.0019490313089448996,0.006839542518963675,-94.76027211670286,-13.846138318064702,-0.005819650893959213,-0.003381339119302254,-90.67700014858326,38.26008281982362,0.005065537163805596,-0.0037033179132215936,-66.28276966936177,-12.213635005412444,0.0052965458115091955,0.205896565762795,1661.205931815376,35.691306102935584,-0.006215500465292113,0.0002278024098182204,-75.58658605816514,-4.645268129413347,0.000744049911372304,-0.006232976939694188,-22.811923578506686,62.08344922931364
357,200,1,8574.207261322055,0.0005013256549262013,-0.0,29.886564960629936,-0.0,-0.00029807819282645176,0.000507845259707191,53.76630094350207,14.797034763780513,-0.0001386828918310008,-0.0002033318774297098,94.03625719702463,45.76598328357216,0.00045864762548086086,0.0008531646710724633,145.4977907520038,113.01990425855118,0.002120881002897305,0.20013955692332866,-2600.3874090650243,-3895.74334726657,1.4261572705144438e-05,-0.001333146056614282,-52.006562765955124,-161.52910001386638,0.0003168679158411553,-0.00019487048903799666,-21.468898631208358,-96.70569373986424
358,200,8,7340.191590050642,0.004010605239409605,-0.0,5.065944881889775,-0.0,-0.0013992799582060718,0.0038492440846794717,-62.829926890011706,8.707851108716957,-0.0029700250667816686,-0.0023141601683332037,97.0078633466784,-132.4851609250662,0.003394941931875392,-0.00114172326593481,-124.26674026179452,-112.16127735444022,0.0030267802988623626,0.2035931255490898,244.45190174181292,4550.398000328712,-0.003516411871085566,-0.001656458655207139,-137.4281033739891,154.48945150510502,0.0018589845994016563,-0.003318294989675358,140.50249638825915,184.94264944857875
359,200,6,10515.222714102856,0.003007953929557206,-0.0,29.212106299212596,-0.0,-0.0027011632025756454,0.0014158830189685391,44.533921389438405,8.939310156648016,0.0018567154481654957,-0.0019988139741976773,42.640255474918156,23.460803143731873,-0.0006588892858571549,0.003550509921400588,26.175201231443133,101.10073707361653,0.001918891305643791,0.19721821048209615,1554.4967462516227,-1764.0204070661687,0.0016374569027261532,0.0013379990418302613,118.50974144617555,5.7536776177070985,-0.0022978429190681072,-0.0014933090794489424,86.51345464876775,31.16003067624386
360,200,7,6507.478938099373,-0.003509279584483393,-0.0,54.664862204724415,-0.0,-0.000995391352706534,0.003472481399420332,69.3938971395401,21.47236084140397,0.0028892592686091683,0.0021848782062076065,116.03879612005693,22.134214429142464,0.0025777357057373243,-0.0014440925125865961,175.4398855937089,-27.606197500725692,0.0011959219323639306,0.19696387781499186,-2293.7763198325756,100.08536357919935,-0.003128132852610614,-0.00039637530545485143,-65.81953080892659,-46.73605067898339,-0.0004929144384365673,0.0026057178031824,-42.337740800102786,15.184445815201006
361,200,15,8282.344428087166,0.007519884726838164,-0.0,-167.751968503937,-0.0,0.0064917609636882204,0.00385181795074372,27.92706751638915,45.775082994824345,0.0037223746605370457,0.006680251216072833,-72.1142968327428,-58.49904253553196,5.230312620817533e-05,0.007957821357324566,-76.37307289286416,-82.88796332031916,-0.000938331526675463,0.20604332839128636,-765.3194086256505,2658.3842926245816,-0.0058050170980997835,0.002626410581977783,-92.94129003652823,-1.4209712123269664,-0.006414976149251654,-0.0002769166328232448,-163.34093400633796,246.4413278324549
362,200,12,5701.343803178944,0.00598506411954017,-0.0,-100.05634842519686,-0.0,0.005788982292144245,0.0015618177590612542,-90.62240862100438,-6.670162667704066,0.005220294672771084,0.0030615765872029476,-96.23323945580948,-15.659619817335017,0.00433669528394616,0.004601567817217861,-119.2492758518308,-16.895218324377428,0.005719898979341112,0.20462597033599772,797.6621569766102,-395.39025576954594,0.0019412708401632408,0.004344849975159971,-74.33285292461066,-61.819424862829806,0.0006732009955488774,0.004903008850465273,-109.05942918870595,-89.68788052168881
363,200,2,8160.875964290824,-0.0009439336569609971,-0.0,21.426427165354305,-0.0,-0.0009278996304246325,0.00026076411587773506,12.64415771435315,56.500835715000825,-0.0008804334700193155,0.000567399202544997,0.6073745877291791,64.45276886812022,-0.0008019348946287004,0.0011174289219663303,-2.8246258085919007,148.00869463394127,0.0018004074710660455,0.20042653442903122,175.33497917690332,-4631.218728113864,-0.0006111155527558845,-0.00025547782666638676,-14.646759211021822,-181.68562600561484,-0.0004807283070975509,0.000219827745593559,5.94574174660376,-115.97042973911176
364,200,0,11970.813892633822,2.2950391587173157e-18,-0.0,11.992372047244093,-0.0,3.347058510979944e-07,0.00010653983086498001,39.10795100275602,-11.43615526051098,1.6726377473946901e-06,0.00026620506232685097,55.96199535669464,-70.64926031266407,6.439351607741676e-06,0.0006832161958463907,62.71133108037695,-178.8799066043923,0.002511884367845228,0.19987888494151157,-1389.8953365909456,4551.304689636789,-1.4025817961478595e-05,-0.0008928378635715132,-51.71068257238224,184.16053137578854,-9.070901268147628e-06,-0.00048116926287099416,-7.190737505148667,106.35025973689133
365,200,15,6954.111619805412,0.007519884817895703,-0.0,-92.06742125984253,-0.0,0.0063216001275317275,0.004166805946910922,-74.5091822374163,2.854942399090617,0.0031477309645280248,0.007050206525168004,-86.95497112638135,12.01058920084656,-0.0008976615892110256,0.00800641803040149,-90.06075304472193,-1.8851847116533993,-0.0019499322374925362,0.20549346658440384,296.7257004015568,-650.5098600534238,-0.006409668276077167,0.001479592877498276,-56.7167489523772,30.341156355126557,-0.006209173966770223,-0.0016878348010750295,-133.55017458940313,10.681951121444937
366,200,7,6234.302851388792,0.003509279584483404,-0.0,13.808562992125964,-0.0,-0.0023912625701155515,0.0026611004382072275,52.08783411183482,42.42348612606368,-0.00021469747193130376,-0.003158663305119413,90.05294912468322,71.52276237002278,0.002604667351093296,0.002857065190984178,193.54342030452383,122.16803355090506,-0.0007304677012493786,0.20032313262860393,-2845.7089332860464,-2758.4803374562634,0.0018326362452298444,-0.003387048602133146,-68.39870642516287,-170.093424361561,0.0005524978461562631,0.002518064303828312,-42.62825121927544,-120.12472617357746
367,200,7,9702.264805052344,0.003509279584483406,-0.0,-55.180856299212635,-0.0,-0.0023590533645517727,0.0026963486999718347,3.7158094689237977,-42.89324064556697,-0.00030102456329514094,-0.0031411138519297104,20.451297412107795,-20.335353311544978,0.0026839885982123082,0.0027747643641012694,-9.994626934048037,-45.233194362052544,-0.0007054859172424048,0.20050965392400405,-236.11739949577895,3142.1370402694697,0.001669970493199026,-0.003465535661359082,2.223192028217858,97.15992427858265,0.0007730062349407151,0.002510340315391885,33.62024798535468,153.58218378408765
368,200,14,9135.5311556274,-0.007018559168966791,-0.0,50.549212598425186,-0.0,-0.0002190389985892026,0.007124802279329547,56.25063810999229,-1.5593321560885802,0.006883480096692004,0.0007691157950484144,54.11421925759903,-13.068314082170035,0.0006420889637691071,-0.005921567843860481,88.10740680662464,-13.449778222843204,-0.003971766014696221,0.19921259417690723,329.4349523077528,-1077.6296549397944,-0.0009933549071153096,0.005516516375151614,191.00059540208312,12.592010674164037,0.005871600477148746,0.0009115690729274735,134.3478018866622,82.25676708987524
369,200,1,4533.98303693304,0.000501325654926203,-0.0,67.97662401574803,-0.0,-0.0001449196735173132,0.0005849771424782886,105.6252161182157,2.922077758648764,-0.000407382222951594,-6.138088515624131e-06,135.76519525534746,-18.46960335592348,0.0003795315845970444,0.00038150035668967346,209.10810797252418,-53.05134575057571,0.0026892700386426734,0.20031503043117863,-4377.477147314472,1683.9823499850465,-0.00046058712462376973,-0.0008449811195592365,-156.2608075804225,90.49419307698042,7.639554370713996e-05,-0.0008923620976741379,-91.81043414540581,67.13787541570406
370,200,9,5149.312028476112,-0.004511930894335795,-0.0,-37.978346456692904,-0.0,0.003823011279582478,0.002485801233078304,-84.39679134328591,-44.14461948432204,-0.001985518915384755,-0.0036544470898089063,-97.22112445374268,-0.573344912747156,-0.0003738024269412999,0.005065806955664328,-99.64661883039385,-33.6284841256118,0.005025675681481959,0.19660064137393884,1883.6423063033528,106.89509388391048,-0.003766341194641894,0.0007149369999202329,-7.605872844887616,58.60408704455187,0.0037798457937798565,0.00035227449560275927,65.32165622342923,-1.0114335613889334
371,200,8,3346.2929918043264,0.004010605239409608,-0.0,-45.84990157480314,-0.0,0.0008713929533143256,0.0040187634411860945,98.18829474365712,92.75455243850878,-0.0035631326211368534,0.0019755370182435355,137.16080882904996,-55.714860200269996,-0.00235490495923182,-0.002312198621642371,95.77748538328663,-41.36483814996848,0.004893853203584437,0.19707011101873292,-2366.8141868566504,968.6713807594015,0.003185377289894838,0.000829986850703632,-44.611501805148016,-71.94932305923992,-0.0008567647448229168,0.002952898654124847,-102.29093425337349,23.928955492415056
372,200,15,7378.531272503652,-0.007519884823892993,-0.0,-101.98991141732284,-0.0,-0.00014069946875718318,0.007615902297578062,-66.00559258719744,13.828011241912986,0.007384204939079646,0.0005939353933795944,-80.9258690609039,-39.557241409051656,0.00041552136350721665,-0.006453789313226775,-178.42237857783277,-25.44533997268128,-0.0044709194001986,0.19945909980630075,1594.4062210576585,229.41062659930344,-0.0006450617956800181,0.00595183299664686,63.217190041751614,-103.11585272678037,0.006362340503963268,0.00043366495533479597,-166.13722462156036,-55.14656172675866
373,200,3,7602.76930978364,-0.0015039769647785986,-0.0,58.397391732283474,-0.0,0.0011718264859274915,0.0010417623549815944,61.23750365921338,-7.074414282614529,-0.0003296512910586415,-0.0011681071429569276,56.58581382442786,24.132455571272477,-0.0006169530928035523,0.0019954669358968,68.17979280643759,135.89849599032226,0.0037719340638353205,0.19927869653918326,-2240.4151147581065,-4017.864837973154,-0.0013272782981388054,-0.00117013795901791,-113.6979900962974,-152.24716022270889,0.0007958779650876023,0.0005381750227630319,-33.7324111635914,-63.60598651493654
374,200,17,5422.49651553474,-0.008522536133745389,-0.0,-113.64468503937006,-0.0,0.005408826507433003,0.006674934531759812,-85.85759363978596,-39.79788482855403,0.001570911567856778,-0.007895111939085743,-3.9368948860111423,22.52255233756646,-0.007168357851176955,0.004725860593671795,-207.722458748291,-7.314975459989375,0.009894114480625138,0.20293848809402945,123.07883090064017,1131.922479537836,-0.0023679635100747553,-0.007961669662405114,-60.09177045220036,219.04576300728903,-0.0038963064248306147,0.005895636734685458,-209.1769555205278,-20.105848753018975
375,200,8,5148.514295392,0.004010605239409603,-0.0,-68.17642716535434,-0.0,0.001563030039085136,0.0037827482344284452,-71.81211246829518,56.65254611923196,-0.0027312867779930973,0.0031080457669139024,-194.14775830221146,-65.56530665670046,-0.0035938993946927978,-0.0006842375439793933,-48.036551780405915,-95.20465373883519,0.0023711981600489764,0.19615442668838212,4448.314245880699,1214.0583027392902,0.0032336908331387104,-0.002409742185261145,95.93583794912252,-124.04162804132837,0.002540834234206449,0.0018101566168005412,222.77791219973366,79.23956738597873
376,200,9,7885.088171664254,0.0045119308943358085,-0.0,-34.32258858267717,-0.0,-0.001034499293799792,0.004496941872380928,-52.40540483152955,-32.70383124068188,-0.003960016438292494,-0.001681809751139876,-105.03576264626885,-42.25768597786494,0.0027912709624968624,-0.002578296857392937,-120.45898602433915,40.865702214981226,0.00502562487540608,0.20333366438152045,-592.9649461512258,-2012.4593002700904,-0.003717885081951459,0.0008266918942053279,-94.25596818082116,-35.88785285790837,-0.0006791885383018528,-0.004113808157294416,-48.075177969870694,-31.065704007877738
377,200,1,6363.428992570852,-0.0005013256549261974,-0.0,57.56003937007877,-0.0,0.0003726392641437581,0.0004396864069573988,71.52836611663169,-24.625802783507982,-5.389945376176597e-05,-0.00022164038313633779,77.89829042119236,-59.84331360438381,-0.0002717449021764227,0.0010787748879299826,105.45657768884374,-132.7650774669675,0.0029669686032312396,0.1997774587214065,-2089.266483904126,4225.992374774599,-0.00040710329519720974,-0.001104544068836304,-42.031451893475385,145.89766552088716,0.00013323645251400395,-7.242354103146054e-05,-4.837356399550776,84.31961932076092
378,200,8,6940.656689295935,0.004010605239409607,-0.0,-192.57431102362204,-0.0,0.0006002116814590779,0.0040704164853044645,20.116879333432568,63.33573599670422,-0.003760269257451648,0.0014699555656983467,-122.94723816582466,-65.53966186705142,-0.001677476978042824,-0.0027306337413787983,-137.03107629757517,74.98565073792729,0.00558910660510489,0.19783292317629617,2444.0629936490323,-393.18792170654916,0.002444444019693692,0.0018217491612531106,10.75896600669428,55.33308781518797,-0.002118465210030064,0.0023362014551071334,64.62143566485143,-50.83033892319015
379,200,17,5464.24095206041,0.00852253613374541,-0.0,80.75295275590551,-0.0,-0.0061112438190122536,0.006016528180431177,84.70798984150332,34.15370317333773,0.0003175469445033674,-0.00805026554739719,69.62519659545596,44.66005782049656,0.005460873051577334,0.006869270209445881,48.433494548220565,1.604405662879778,-0.0054021198476581185,0.1993904011019647,-1559.3773049974968,-269.33189285393803,0.005864909781064264,-0.005607266858223772,83.61738727899109,-82.1484382680008,-0.0008251076611801262,0.0069301640802720745,178.26075833991717,53.66502452176911
380,200,1,6039.9927904765045,0.0005013256549262011,-0.0,-114.90182086614173,-0.0,-0.0004867477166016606,0.00021591875021780417,-79.60217595995218,-7.727800153647209,0.0004473046987767132,5.753655118423612e-05,-99.46980480200102,-65.27099245585507,-0.00037414898509542394,0.0009800398299572397,-155.45914618526575,-98.75743420945244,0.002809549558932538,0.19952134965789475,3515.320693845724,3158.491677266509,-0.000217657106615939,-0.0004900766369541297,98.2652138028614,110.92354754239224,9.725698226835248e-05,-0.0008910050283096641,58.269252106140605,75.53726173454909
381,200,1,18802.68467662143,-0.0005013256549261989,-0.0,-19.837352362204722,-0.0,0.0004911787111836016,0.00019778475303339001,16.845954131737454,19.440800266736304,-0.0004584722708783303,9.23160602540662e-05,23.769148512754377,36.591187257005146,0.00041795344312645197,0.0009361586268046447,67.2281270787719,154.22878197249264,0.002163621867765115,0.19957149283834352,-1042.1075072961564,-4614.718280003656,0.0002610252585055546,-0.0005335112124012578,-13.416516907969122,-201.31891559943097,-0.00020530581860571666,-0.0008542396228754157,2.740963787607188,-77.02903648294745
382,200,14,2938.250607070945,0.007018559168894285,-0.0,-124.49212598425194,-0.0,0.005653339753515221,0.004224456046494513,-64.50586631792712,-122.12084223913459,0.0021324751337070146,0.0068457604028623895,58.993751169079516,-143.96956099380074,-0.002077108094710686,0.007131000990588705,170.60345291366994,-129.53839618874926,-0.002776151411008213,0.20376952225117212,-3156.5613516728963,1398.1656583725694,-0.006293980631299844,-0.0008280249778707022,-61.90305589229317,42.66666849333378,-0.0048465860622940865,-0.003911330347819295,-47.03381933869709,10.991546273368847
383,200,14,3537.3971623112125,-0.007018559168966796,-0.0,-184.35482283464566,-0.0,-0.005032780082163164,0.004957635268205745,-42.38395963542459,-119.16316937145669,-0.0002581459679735405,0.007164906113930463,-9.277083285669931,69.25902272910383,0.004497848169799432,0.005726923394604924,-323.59556359843356,-49.87755197820057,0.009030669486484214,0.20039017178543866,3563.4939972674756,2512.406435120801,0.004825945448412517,-0.004871119153110069,239.40897439544858,204.6506690656705,0.0006666108709304972,-0.006390925138913398,-80.83817553942518,141.5582009233502
384,200,3,13300.420304130343,-0.0015039769647785981,-0.0,-13.712598425196843,-0.0,-0.0009685021371392768,0.0012506679788080314,-24.113524828816995,25.8724175845904,0.00024200038851953154,0.0017291628484392054,-6.871806988994013,76.68763538363378,0.0012456799154308923,0.0014345917848863018,-5.401348375263795,152.14862456026822,0.0038387317543954248,0.1994405334386018,1005.4270449381147,-4503.631009543812,0.00048167855311367555,-0.0021291490476275,60.71759422291425,-158.10985885440112,-0.0006120188701434895,-0.0015920900425494407,53.751417917709155,-95.57634928974116
385,200,0,6716.870619357506,2.2950391587173157e-18,-0.0,69.7945374015748,-0.0,3.347058510979944e-07,0.00010653983086498001,68.67715033017099,-22.642629931337265,1.6726377473946901e-06,0.00026620506232685097,98.47723249152038,-66.2871501125175,6.439351607741676e-06,0.0006832161958463907,161.02447803727262,-115.21299187385925,0.002511884367845228,0.19987888494151157,-2555.5010852855203,4000.3177808420073,-1.4025817961478595e-05,-0.0008928378635715132,-31.798974340175644,168.26419827141416,-9.070901268147628e-06,-0.00048116926287099416,-7.834885485125289,99.18857096389867
386,200,5,2361.6390158917916,-0.0025066282746309967,-0.0,-186.93996062992127,-0.0,0.0024357820919819304,0.0006596349559211998,-149.46079672439734,-92.05676975131134,-0.0022263435546725713,-0.0007644713712055433,-62.97509194721102,-120.52341920462283,0.0019097172725501344,0.0021870353989175777,-44.03081540163724,28.66297060128455,0.0010241887840908583,0.19811890923284273,3792.532504323653,-791.8082659574449,0.0010051898934065754,0.001158205486451814,42.956353655364246,76.63986278466842,-0.0005390300273633633,-0.0024811261178126274,-58.32725361658327,-33.28072635724651
387,200,8,3175.534350457351,-0.004010605239409596,-0.0,-42.235728346456696,-0.0,-0.0011136013665902463,0.003949947974052364,20.184601287814463,128.7395998850932,0.003328428871623824,0.0023959771320576123,172.6613080661479,140.1832111153448,0.0028972319438920965,-0.0018361537717401268,308.68448048301343,56.090961287270666,0.0009218987103053151,0.1965396332732589,-3261.2405159713544,-1818.560227073196,-0.0035581050557540093,-0.0002766258635083318,-124.35731416477844,-233.4353640448504,-0.000436095162948554,0.002982244951704387,-189.41624472742848,-100.33659255869058
388,200,0,7477.695754737238,2.2950391587173157e-18,-0.0,30.025098425196855,-0.0,3.347058510979944e-07,0.00010653983086498001,58.223397600486194,-29.285743487377157,1.6726377473946901e-06,0.00026620506232685097,49.63284742972281,-52.02597446689581,6.439351607741676e-06,0.0006832161958463907,91.85693561184718,-171.93447514443054,0.002511884367845228,0.19987888494151157,-1567.0854584464835,4491.47148242534,-1.4025817961478595e-05,-0.0008928378635715132,-40.497280838522464,184.5207938137498,-9.070901268147628e-06,-0.00048116926287099416,-3.0587718661013796,84.59639392684059
389,200,1,5664.793501530285,0.0005013256549262028,-0.0,-84.84670275590551,-0.0,-0.00044717709101165534,0.00032923158903988293,-79.51198336457388,26.192632430626286,0.00030109909656665407,-0.00012134196219123355,-126.86365756786522,32.50851306736315,-8.673874151284877e-05,0.0011612208661750801,-154.15033136685383,40.30931733414276,0.002390183735354303,0.19943574876528158,4270.834183382466,-1846.2196890449632,0.00028282701192240456,-0.0005460419431376997,106.69137594049741,-68.52521157211257,-0.00040405393171241954,-0.0006298604165164541,83.03294458686254,-59.03416233932524
390,200,13,1873.1053914900358,-0.006517233514040597,-0.0,-164.51919291338584,-0.0,0.006341214004692378,0.0014882166852681156,-9.441836940727228,236.34087583060347,-0.005825180118857967,-0.002374363658427851,302.356441613773,230.7242914675322,0.0050259263536319805,0.004446598100083323,460.4599391412397,20.808997784389543,-0.0014733691477505342,0.19532769220392782,-3722.8042113473894,-2007.1642778559485,0.00279629705800739,0.00425470704104255,-292.29001578770846,-284.01756403601996,-0.001591224660506344,-0.005756609735458159,-325.96449519580403,-29.99280471491132
391,200,4,7032.5826865742465,0.0020053026197048044,-0.0,-75.80142716535433,-0.0,-2.4748548784282205e-05,0.0021040049650199164,-63.211240378921374,-24.80239276844885,-0.0019676821487096805,0.0002191637237528241,-76.02357058008064,-60.388582500693374,7.909420445005508e-05,-0.0012383088207528598,-170.79563306476862,-111.42317410505278,0.00437734181451331,0.1999781191124537,3423.7041326935423,3191.7682406176345,-0.00012659357367388467,0.0009054308432822527,99.17386852862721,133.8634162055269,-0.0017130331659464626,-0.0006003243133061826,48.290268208245166,50.182547279474136
392,200,4,16742.440612309972,0.002005302619701578,-0.0,-49.52706692913387,-0.0,0.0015854725063905,0.0013210261023991765,-21.586596728408587,-19.02706130204593,0.00051553875190671,0.0021696427438303205,8.705222969223927,22.580757410331344,-0.0007252674720043766,0.0024681439065308915,52.60687646213322,132.5844382960708,0.0008983376436855481,0.20082312015387327,-428.18465141422723,-4696.907315420462,-0.0017943629665265097,-0.001112925561751173,-4.268474880144766,-144.65313426550117,-0.0012249637620437652,-0.0016756112910117616,-29.094958222991526,-68.18844363942401
393,200,2,18386.855527218187,0.0010026513098524035,-0.0,-9.67667322834646,-0.0,-0.00098133371992056,0.000292046148424989,24.380570716922403,2.096777934876667,0.0009220424698261673,-7.541104454162995e-05,27.779069560465228,-13.481283456075019,-0.0008164021443809014,0.001198685343852222,106.52395937056052,-119.88652689853753,0.003208759365417042,0.19927757675597213,-2142.2953723448577,3854.2598705944456,-0.0005635398399528262,-0.00015606915839707253,-50.00083272879868,169.3344501054642,0.0003843318714226067,-0.0012033641585411706,3.3922039691271584,61.29820261671567
394,200,17,3645.3957381877167,-0.0085225361337454,-0.0,-54.88631889763779,-0.0,-5.296915757161278e-05,0.00859342019924636,-127.66346675595182,-2.613253758632996,0.008373508611760457,0.00037606948204437423,-18.96378157714589,48.80574271455632,0.00016084980102432604,-0.007496680485669404,-238.45637077636243,30.737332710506543,-0.005423412992124481,0.19968958583008078,3702.881263807606,-2651.992882522534,-0.0002533773874501606,0.006743981672914853,194.78765653494472,-234.56665998025574,0.007249352078637154,-0.00018932392044202696,-90.35155785812397,-4.430419318073833
395,200,2,4386.101317052488,0.001002651309852404,-0.0,13.081200787401572,-0.0,-0.0005023738324606141,0.0009728030710580344,102.9702569610157,11.198822053951528,-0.00048361202400717387,-0.0005829806361842291,113.93701371328676,-25.183577296386993,0.0009698435788274796,0.0007076749444056482,175.5079291738647,28.05358377535938,0.0020316807469545886,0.2006970762063496,-4459.106270844074,35.442539773568996,-0.00044592785631369214,-0.0016557832043624706,-146.88826090888136,20.8405149224078,0.0008457402049887266,-0.00042883211115368747,-94.49847735287977,-6.971398088262254
396,200,9,5044.539807402239,0.004511930894335802,-0.0,-38.57135826771654,-0.0,0.0029920347074022004,0.0034626896588658045,-62.931666898493496,-60.95445236552941,-0.0004984916725758174,0.004681461660603908,-140.68959276595422,-87.82780770653451,-0.0035323408493507552,0.0032043249262391537,-276.8175647650223,-50.420033814587235,-0.0015831963362838621,0.19896065855224743,3589.2590929066614,2373.635231014412,-0.0019587233085000856,-0.004398553508466529,154.81831366890773,186.45287751876987,0.0012715147141230388,-0.004064097462072109,119.38191965702025,28.75246408810006
397,200,15,8302.495715793282,-0.007519884823892997,-0.0,-112.68922244094487,-0.0,0.007215356277171145,0.0021192973822573317,12.204998771295948,52.12032746648107,-0.006333094021533007,-0.0035044198630125524,-44.59935093060338,-92.37855361086217,0.004985881006432174,0.005965325030531495,-169.33874591236508,155.53899868005985,-0.0007841346484989116,0.19376440027483124,-251.6936574696921,-2783.6065762378994,0.0014553694395504962,0.005762262925376956,-130.65085710261798,-320.09961848195525,0.0003151139176687734,-0.006766080095228421,-163.93340253071102,77.37856009591034
398,200,0,13577.704737229986,2.2950391587173157e-18,-0.0,-1.1729822834645798,-0.0,3.347058510979944e-07,0.00010653983086498001,20.02571115529222,-29.867588114857536,1.6726377473946901e-06,0.00026620506232685097,2.4543047196160455,-58.24208800047467,6.439351607741676e-06,0.0006832161958463907,46.56540380366672,-172.55219526057593,0.002511884367845228,0.19987888494151157,-996.3745471646837,4658.306934093827,-1.4025817961478595e-05,-0.0008928378635715132,-32.02479010321362,190.63615835515554,-9.070901268147628e-06,-0.00048116926287099416,-28.608210769171574,76.3099291740673
399,200,9,5660.229827666673,-0.0045119308943357955,-0.0,-113.67175196850393,-0.0,-0.0013877120701767942,0.0043906910985947005,-51.57059336742632,52.91820343311372,0.0035877815311423722,0.0028962007547869836,-44.590974913717844,-36.08824492420719,0.003514000493570883,-0.0018265764775657202,-244.07833438533754,20.624587505123007,0.0012139380439455574,0.1959360361245176,2706.8216644780205,-1673.8753621357578,-0.004050655841359486,-0.0008203762522358029,201.4341301613745,-91.96222134060189,-0.001195511608069948,0.0032716603972006457,-107.21918303978782,-148.76081289069478
