,freq,amp,THD_out,coefA_in_0,coefB_in_0,coefA_out_0,coefB_out_0,coefA_in_1,coefB_in_1,coefA_out_1,coefB_out_1,coefA_in_2,coefB_in_2,coefA_out_2,coefB_out_2,coefA_in_3,coefB_in_3,coefA_out_3,coefB_out_3,coefA_in_4,coefB_in_4,coefA_out_4,coefB_out_4,coefA_in_5,coefB_in_5,coefA_out_5,coefB_out_5,coefA_in_6,coefB_in_6,coefA_out_6,coefB_out_6
0,50,10,26.654355606645346,4.683753385137379e-20,-0.0,33.20300196850396,-0.0,0.000628002144107743,0.19989863337137376,324.36615237621226,-2770.7034011815285,-1.6783082991831893e-06,-0.00026710754679691476,0.9541889696856944,-34.27674821075221,-1.415481563000608e-06,-0.00015018281151218713,-524.8381846771086,316.15654220910534,-1.3419293899189092e-06,-0.00010678172672268614,-1.744656260526366,-1.485951745980382,-1.3104122921247592e-06,-8.34165760964054e-05,-116.2330062789489,288.8696268834552,-1.2939045959716703e-06,-6.863564074478531e-05,15.325276235902482,18.607472560485753
1,50,9,19.832457127791677,1.2819606487468604e-18,-0.0,56.760580708661436,-0.0,0.0005652019296969705,0.17990877003423636,-2049.939291666488,-1679.9383470669566,-1.5104774692652927e-06,-0.00024039679211722376,8.391718702069925,5.610400347215945,-1.273933406700535e-06,-0.0001351645303609666,389.235861375198,-122.52254926264735,-1.2077364509316606e-06,-9.610355405041817e-05,25.780383824248556,-31.486843817255092,-1.1793710629120967e-06,-7.507491848676532e-05,-194.96154102728764,-79.7683442914078,-1.1645141363749174e-06,-6.177207667030661e-05,-6.61910505451293,-7.651075665834749
2,50,7,11.558134825601664,8.777700788442644e-19,-0.0,-21.038139763779547,-0.0,0.0004396015008754209,0.13992904335996167,1916.8035544127717,-995.7148652406102,-1.1748158094283721e-06,-0.00018697528275784,22.77717308253025,-21.6454702152847,-9.908370941004668e-07,-0.00010512796805853105,104.87492475387393,-8.4928298990771,-9.393505729448183e-07,-7.474720870588189e-05,17.54919920361977,-22.45969832295299,-9.172886044867604e-07,-5.839160326748366e-05,20.241039456130725,34.55457484123137,-9.057332171812613e-07,-4.8044948521348924e-05,8.139452170689601,10.604666673995451
3,50,2,40.39026153430003,9.020562075079396e-20,-0.0,-4.048720472440946,-0.0,0.00012560042882154855,0.03997972667427476,346.16429136789367,411.0970556662595,-3.3566165983671234e-07,-5.342150935938288e-05,-1.5972335732582892,13.0562858393574,-2.8309631260012586e-07,-3.0036562302437385e-05,-11.93276985588105,-5.282580701892851,-2.683858779841406e-07,-2.1356345344537286e-05,0.6962859170845677,7.72599669408496,-2.620824584248878e-07,-1.6683315219281205e-05,-3.304818558576041,-11.324737648951002,-2.587809191944976e-07,-1.372712814895699e-05,1.677133385445054,-2.513043859610783
4,50,8,13.991082719958936,3.6082248300317586e-19,-0.0,64.51870078740156,-0.0,0.0005024017152861942,0.15991890669709904,-2194.489626012332,1107.7111472083805,-1.3426466393468494e-06,-0.00021368603743753152,2.437508945982333,-13.68932064991461,-1.1323852504005035e-06,-0.00012014624920974954,-198.95320004086062,80.0786090378802,-1.0735435119365624e-06,-8.542538137814914e-05,9.9605870041725,19.356882538978276,-1.0483298336995513e-06,-6.673326087712482e-05,-55.45963798248021,-98.24486782621968,-1.0351236767779904e-06,-5.490851259582796e-05,-1.6232547591248185,5.2990345720627
5,50,0,3185.415567889112,0.0,-0.0,5.521653543307088,-0.0,0.0,-0.0,3.732026005487055,4.990254745534725,0.0,-0.0,9.074731680838173,-1.1129594065701354,0.0,-0.0,-6.836281662053248,-2.201959804471384,0.0,-0.0,-7.221017596083835,-2.061759879820658,0.0,-0.0,-0.7270218595554784,-5.167632629181561,0.0,-0.0,-6.127430242566723,4.673736046339367
6,50,8,13.35881630992373,3.6082248300317586e-19,-0.0,-9.510334645669289,-0.0,0.0005024017152861942,0.15991890669709904,2435.63381974011,-76.49164345458462,-1.3426466393468494e-06,-0.00021368603743753152,40.397446445550855,-14.423641323477831,-1.1323852504005035e-06,-0.00012014624920974954,123.61270637968168,164.47992366079228,-1.0735435119365624e-06,-8.542538137814914e-05,17.905226600550098,33.84597643019583,-1.0483298336995513e-06,-6.673326087712482e-05,-92.34268413579764,-20.643184170574422,-1.0351236767779904e-06,-5.490851259582796e-05,-17.228974681205095,1.9268872233393486
7,50,4,18.663733751365818,1.8041124150158793e-19,-0.0,0.9795767716535378,-0.0,0.0002512008576430971,0.07995945334854952,298.1863604453076,1129.1738991002273,-6.713233196734247e-07,-0.00010684301871876576,-8.498500349908936,27.02297353603023,-5.661926252002517e-07,-6.007312460487477e-05,43.096477245318454,-2.2074578566211494,-5.367717559682812e-07,-4.271269068907457e-05,12.987519269862444,8.378294534015478,-5.241649168497756e-07,-3.336663043856241e-05,-6.022596585713737,-24.70158715446218,-5.175618383889952e-07,-2.745425629791398e-05,1.031882433427536,17.327317600591964
8,50,8,12.487368518993646,3.6082248300317586e-19,-0.0,59.97317913385825,-0.0,0.0005024017152861942,0.15991890669709904,-2296.5078038168913,834.2776874734841,-1.3426466393468494e-06,-0.00021368603743753152,-1.0722068364610822,-11.042812864128152,-1.1323852504005035e-06,-0.00012014624920974954,-197.53427723950495,1.3371310550426811,-1.0735435119365624e-06,-8.542538137814914e-05,15.399646263580337,3.015591448710921,-1.0483298336995513e-06,-6.673326087712482e-05,20.343604799147208,-88.280847454497,-1.0351236767779904e-06,-5.490851259582796e-05,0.8493709286185372,-7.099445755875103
9,50,4,18.581792341774367,1.8041124150158793e-19,-0.0,7.477608267716528,-0.0,0.0002512008576430971,0.07995945334854952,-357.49449037844516,-1115.721271443303,-6.713233196734247e-07,-0.00010684301871876576,-10.22226091419826,-7.904071542329905,-5.661926252002517e-07,-6.007312460487477e-05,-39.302858755688334,26.467157240251982,-5.367717559682812e-07,-4.271269068907457e-05,5.5454626434554815,-4.715779828220879,-5.241649168497756e-07,-3.336663043856241e-05,1.587352806374333,0.34438514071681403,-5.175618383889952e-07,-2.745425629791398e-05,9.311642824919621,1.6343313140529936
10,50,3,26.835627512597895,-2.3288662664988637e-19,-0.0,-1.7482775590551163,-0.0,0.0001884006432323233,0.059969590011412124,750.9910633899767,-394.340949335658,-5.034924897548938e-07,-8.013226403907447e-05,6.406735617182207,-9.687166011165413,-4.2464446890015984e-07,-4.5054843453655964e-05,27.418887327511868,-4.42974266581139,-4.0257881697660976e-07,-3.2034518016806024e-05,0.20567077931837593,0.2508700981802449,-3.931236876372607e-07,-2.5024972828921514e-05,8.828284020359469,9.047095811064604,-3.881713787912685e-07,-2.059069222343534e-05,-6.937560861133743,1.3857663265736697
11,50,7,11.555570133204936,8.777700788442644e-19,-0.0,-10.137795275590571,-0.0,0.0004396015008754209,0.13992904335996167,1114.2565394988253,1839.8367722180133,-1.1748158094283721e-06,-0.00018697528275784,25.468171667954252,30.634415307739705,-9.908370941004668e-07,-0.00010512796805853105,-19.319442953634635,-89.97974159005813,-9.393505729448183e-07,-7.474720870588189e-05,6.3848048922398695,5.91006638200198,-9.172886044867604e-07,-5.839160326748366e-05,-28.36814656962063,34.381717888549204,-9.057332171812613e-07,-4.8044948521348924e-05,-0.7321501346916867,11.689971625060982
12,50,6,11.383279536499433,-4.657732532997727e-19,-0.0,47.81545275590551,-0.0,0.0003768012864646466,0.11993918002282425,-1690.6620975990836,694.6551321403341,-1.0069849795097875e-06,-0.00016026452807814894,-5.49669540054585,-4.162450959212615,-8.492889378003197e-07,-9.010968690731193e-05,-58.02739970409003,-24.34497714276291,-8.051576339532195e-07,-6.406903603361205e-05,7.111262512034486,5.069919421596304,-7.862473752745214e-07,-5.004994565784303e-05,17.15727058236243,-15.114317596119038,-7.76342757582537e-07,-4.118138444687068e-05,-8.129736077723859,-4.84778065424244
13,50,3,26.986725320715543,-2.3288662664988637e-19,-0.0,36.13287401574804,-0.0,0.0001884006432323233,0.059969590011412124,-279.3300060733581,-797.7662509970784,-5.034924897548938e-07,-8.013226403907447e-05,-19.08946675235584,-13.983219689889562,-4.2464446890015984e-07,-4.5054843453655964e-05,-19.231719761155723,15.152837028182722,-4.0257881697660976e-07,-3.2034518016806024e-05,7.22798767697691,9.490100497640295,-3.931236876372607e-07,-2.5024972828921514e-05,-4.739265775795652,4.420110495312905,-3.881713787912685e-07,-2.059069222343534e-05,-17.118147248129294,6.140628416753679
14,50,4,19.926948777696722,1.8041124150158793e-19,-0.0,2.7234251968503878,-0.0,0.0002512008576430971,0.07995945334854952,924.1821471933173,-705.6658300202031,-6.713233196734247e-07,-0.00010684301871876576,-2.1862637077661655,-15.225289400401897,-5.661926252002517e-07,-6.007312460487477e-05,38.94756205446115,-2.0729220897664926,-5.367717559682812e-07,-4.271269068907457e-05,-6.576012888605575,-13.493093627199853,-5.241649168497756e-07,-3.336663043856241e-05,6.447917365488918,2.3853757897458086,-5.175618383889952e-07,-2.745425629791398e-05,-15.10212362395032,-14.195961084614552
15,50,5,14.657788996883882,2.3418766925686896e-20,-0.0,4.194881889763789,-0.0,0.0003140010720538715,0.09994931668568688,857.1338171088619,1243.9064494258043,-8.391541495915947e-07,-0.00013355377339845738,9.604157287183469,25.34640995299772,-7.07740781500304e-07,-7.509140575609356e-05,5.657616530224728,-35.33683467960752,-6.709646949594546e-07,-5.339086336134307e-05,14.47108830686545,-3.4667272249629497,-6.552061460623796e-07,-4.17082880482027e-05,-13.655869862970391,8.850305843849371,-6.469522979858352e-07,-3.4317820372392655e-05,8.134590609863414,-0.37594062641065146
16,50,1,89.9434497946887,4.510281037539698e-20,-0.0,4.0538877952755925,-0.0,6.280021441077427e-05,0.01998986333713738,-105.57691905245254,219.31693053938372,-1.6783082991835617e-07,-2.671075467969144e-05,2.529230110782247,3.257612206007745,-1.4154815630006293e-07,-1.5018281151218693e-05,-11.649635265891794,13.466612152457566,-1.341929389920703e-07,-1.0678172672268643e-05,0.5533531719392577,-9.46575333795416,-1.310412292124439e-07,-8.341657609640603e-06,0.6875737745236304,0.5027753372479942,-1.293904595972488e-07,-6.863564074478495e-06,3.0726137986153246,2.003570406860426
17,50,4,18.674028215999755,1.8041124150158793e-19,-0.0,54.44906496062991,-0.0,0.0002512008576430971,0.07995945334854952,-897.5218975708826,-736.8323643043187,-6.713233196734247e-07,-0.00010684301871876576,5.610375366334623,9.154659015427274,-5.661926252002517e-07,-6.007312460487477e-05,32.10358190858976,18.88158471663858,-5.367717559682812e-07,-4.271269068907457e-05,-14.041009626317688,-8.248488055083193,-5.241649168497756e-07,-3.336663043856241e-05,1.86730881526867,-2.898521024743776,-5.175618383889952e-07,-2.745425629791398e-05,10.983173107747154,-7.985609675831283
18,50,6,13.143895729749964,-4.657732532997727e-19,-0.0,3.7795275590551136,-0.0,0.0003768012864646466,0.11993918002282425,874.7786333229379,-1594.8157126174826,-1.0069849795097875e-06,-0.00016026452807814894,7.542130659308287,-40.81825106318374,-8.492889378003197e-07,-9.010968690731193e-05,-16.937404523627386,-77.64144499366442,-8.051576339532195e-07,-6.406903603361205e-05,-15.190289970987543,-15.494145210185346,-7.862473752745214e-07,-5.004994565784303e-05,3.8349812382443744,-18.932619368933715,-7.76342757582537e-07,-4.118138444687068e-05,7.835545158259879,-8.974187289115028
19,50,0,1942.1666355925304,0.0,-0.0,5.730561023622047,-0.0,0.0,-0.0,5.125043997364606,-8.705872270717993,0.0,-0.0,-10.641452415426167,6.233461050765687,0.0,-0.0,-8.159483238755561,13.013065033276076,0.0,-0.0,3.816853533678232,-6.220087946613885,0.0,-0.0,7.360926880062909,4.128903378618217,0.0,-0.0,1.4912180577387797,-1.3129990044559698
20,50,4,19.29846664828551,1.8041124150158793e-19,-0.0,30.96062992125983,-0.0,0.0002512008576430971,0.07995945334854952,-78.16777832579274,1166.9728954320758,-6.713233196734247e-07,-0.00010684301871876576,-28.074528318103546,13.84091711999797,-5.661926252002517e-07,-6.007312460487477e-05,34.30986063241198,21.07794567496547,-5.367717559682812e-07,-4.271269068907457e-05,25.64810705932157,15.745820465886107,-5.241649168497756e-07,-3.336663043856241e-05,6.861476430116572,15.24239957826059,-5.175618383889952e-07,-2.745425629791398e-05,4.548004204283308,6.524382796037625
21,50,5,15.127838099647251,2.3418766925686896e-20,-0.0,66.33562992125985,-0.0,0.0003140010720538715,0.09994931668568688,-1433.636679408563,-390.8563517504288,-8.391541495915947e-07,-0.00013355377339845738,-1.1720960675015017,5.157868184485882,-7.07740781500304e-07,-7.509140575609356e-05,40.81023173873034,-35.544787591295275,-6.709646949594546e-07,-5.339086336134307e-05,-8.008596160578941,-1.1672382145386226,-6.552061460623796e-07,-4.17082880482027e-05,0.9537835775941814,17.127920581099108,-6.469522979858352e-07,-3.4317820372392655e-05,-3.3066137703790557,9.110816848956896
22,50,9,18.56691857785324,1.2819606487468604e-18,-0.0,12.791338582677174,-0.0,0.0005652019296969705,0.17990877003423636,421.45420503330837,-2624.0697250921526,-1.5104774692652927e-06,-0.00024039679211722376,-5.842555170038072,-31.356386776958004,-1.273933406700535e-06,-0.0001351645303609666,-373.58878342712234,79.0523150083184,-1.2077364509316606e-06,-9.610355405041817e-05,-9.008032686573191,2.512951927404046,-1.1793710629120967e-06,-7.507491848676532e-05,-160.19493978462148,123.23855124841813,-1.1645141363749174e-06,-6.177207667030661e-05,1.7662077644578011,0.8798815009863356
23,50,5,15.387864303769831,2.3418766925686896e-20,-0.0,-29.847194881889752,-0.0,0.0003140010720538715,0.09994931668568688,1367.6452862169594,621.2212562181583,-8.391541495915947e-07,-0.00013355377339845738,24.46357824041129,26.220156670022842,-7.07740781500304e-07,-7.509140575609356e-05,-44.16827360228999,27.448381506987463,-6.709646949594546e-07,-5.339086336134307e-05,-4.114119689324283,12.254595580852186,-6.552061460623796e-07,-4.17082880482027e-05,3.938552704829352,10.792977588866831,-6.469522979858352e-07,-3.4317820372392655e-05,-2.010528994375205,-3.2397809309240957
24,50,5,15.040697496811191,2.3418766925686896e-20,-0.0,25.444389763779522,-0.0,0.0003140010720538715,0.09994931668568688,-319.69242054727715,1464.4932435801663,-8.391541495915947e-07,-0.00013355377339845738,-28.314939686535347,13.254877284321891,-7.07740781500304e-07,-7.509140575609356e-05,32.46660324790179,32.50150260512183,-6.709646949594546e-07,-5.339086336134307e-05,-7.928911402582122,5.0809668486028094,-6.552061460623796e-07,-4.17082880482027e-05,15.68466150683956,13.268596303116952,-6.469522979858352e-07,-3.4317820372392655e-05,-2.9968699462635198,-2.9009252814142137
25,50,4,20.41940250897386,1.8041124150158793e-19,-0.0,50.67568897637795,-0.0,0.0002512008576430971,0.07995945334854952,-1130.6156120420508,-236.5905503591791,-6.713233196734247e-07,-0.00010684301871876576,7.067409378871469,1.7272040375596027,-5.661926252002517e-07,-6.007312460487477e-05,18.031744552890537,-26.48330852450598,-5.367717559682812e-07,-4.271269068907457e-05,-6.365054251295051,4.2767348666827,-5.241649168497756e-07,-3.336663043856241e-05,-5.014403255725345,11.383183630922971,-5.175618383889952e-07,-2.745425629791398e-05,-15.127674451374396,-0.3472695608251358
26,50,0,14860.813312621021,0.0,-0.0,-2.2379429133858255,-0.0,0.0,-0.0,1.2650151771381577,0.3583048111081439,0.0,-0.0,-0.08083953484758218,1.7009362093197764,0.0,-0.0,3.7678606209046017,1.2708777386387347,0.0,-0.0,6.234747918869274,-2.714181182651588,0.0,-0.0,0.7155868321808427,-2.812528071056034,0.0,-0.0,6.7252534913943585,6.718752061744258
27,50,1,94.33610806939426,4.510281037539698e-20,-0.0,19.00861220472441,-0.0,6.280021441077427e-05,0.01998986333713738,217.5589471597195,-84.99992239619614,-1.6783082991835617e-07,-2.671075467969144e-05,21.736474458619405,8.570868179284584,-1.4154815630006293e-07,-1.5018281151218693e-05,-2.1509968487245326,9.382290894431666,-1.341929389920703e-07,-1.0678172672268643e-05,-3.9304075613517955,2.121899589327418,-1.310412292124439e-07,-8.341657609640603e-06,4.262725225897197,8.770530596418116,-1.293904595972488e-07,-6.863564074478495e-06,6.957418260446573,-3.279933456668174
28,50,7,11.049489477522478,8.777700788442644e-19,-0.0,5.380905511811014,-0.0,0.0004396015008754209,0.13992904335996167,-88.08750118932987,2157.150459320805,-1.1748158094283721e-06,-0.00018697528275784,-25.481772084801328,30.07871386978462,-9.908370941004668e-07,-0.00010512796805853105,95.38326791470462,3.096263190417377,-9.393505729448183e-07,-7.474720870588189e-05,12.862865738095163,21.495183027846448,-9.172886044867604e-07,-5.839160326748366e-05,16.67479501572869,-24.29604295025579,-9.057332171812613e-07,-4.8044948521348924e-05,-2.418322643288515,-2.5690598945392966
29,50,5,14.24136161341706,2.3418766925686896e-20,-0.0,59.344734251968504,-0.0,0.0003140010720538715,0.09994931668568688,-1428.9974869121281,441.33282587185073,-8.391541495915947e-07,-0.00013355377339845738,4.300044472437716,-0.8936167165298965,-7.07740781500304e-07,-7.509140575609356e-05,-36.92348026912583,-21.85247216101599,-6.709646949594546e-07,-5.339086336134307e-05,1.2013050817539879,-3.06948281298042,-6.552061460623796e-07,-4.17082880482027e-05,18.68211568053332,-3.8402710325678155,-6.469522979858352e-07,-3.4317820372392655e-05,1.810663978023073,6.569462955334145
30,50,6,12.194945446742777,-4.657732532997727e-19,-0.0,35.79232283464566,-0.0,0.0003768012864646466,0.11993918002282425,-585.4720135923527,-1756.876516419443,-1.0069849795097875e-06,-0.00016026452807814894,-10.615599243731724,-19.616594410586803,-8.492889378003197e-07,-9.010968690731193e-05,-48.41851721907248,58.270940916421374,-8.051576339532195e-07,-6.406903603361205e-05,12.253272443079032,-0.325657054948193,-7.862473752745214e-07,-5.004994565784303e-05,-3.171073478338634,0.27903574713033685,-7.76342757582537e-07,-4.118138444687068e-05,4.885071836849558,-7.956620791646689
31,50,1,107.56132561001687,4.510281037539698e-20,-0.0,1.047490157480317,-0.0,6.280021441077427e-05,0.01998986333713738,170.33714315199833,-134.61507765822432,-1.6783082991835617e-07,-2.671075467969144e-05,-1.9431129536123593,-2.8043938073994985,-1.4154815630006293e-07,-1.5018281151218693e-05,10.945348469546364,-1.2699605080356935,-1.341929389920703e-07,-1.0678172672268643e-05,11.83678300021861,2.320476063745201,-1.310412292124439e-07,-8.341657609640603e-06,17.8039733853889,-3.644945983842548,-1.293904595972488e-07,-6.863564074478495e-06,0.98872891764115,-11.937299977363116
32,50,5,14.51945032112666,2.3418766925686896e-20,-0.0,-2.0268208661417257,-0.0,0.0003140010720538715,0.09994931668568688,824.991006735489,1241.1287596870493,-8.391541495915947e-07,-0.00013355377339845738,-3.727813635272525,37.053858794096364,-7.07740781500304e-07,-7.509140575609356e-05,-3.2624479143798015,-41.58818472948532,-6.709646949594546e-07,-5.339086336134307e-05,3.926823903125982,-0.9283555381071692,-6.552061460623796e-07,-4.17082880482027e-05,-6.582985205882917,-10.841708771298771,-6.469522979858352e-07,-3.4317820372392655e-05,17.114163056706346,5.064519164133392
33,50,1,87.10899255248472,4.510281037539698e-20,-0.0,42.91141732283465,-0.0,6.280021441077427e-05,0.01998986333713738,-194.09040752432995,133.50417431976774,-1.6783082991835617e-07,-2.671075467969144e-05,-1.6733602555890579,-10.73611704393582,-1.4154815630006293e-07,-1.5018281151218693e-05,-21.7189836366707,0.0868820274042564,-1.341929389920703e-07,-1.0678172672268643e-05,5.710738968019029,-9.098545365969207,-1.310412292124439e-07,-8.341657609640603e-06,-1.1624679106822462,-12.352163094475857,-1.293904595972488e-07,-6.863564074478495e-06,1.292344087904983,-8.465174965504524
34,50,2,44.88354682836495,9.020562075079396e-20,-0.0,20.271161417322844,-0.0,0.00012560042882154855,0.03997972667427476,-321.53552319258216,-410.7112043202184,-3.3566165983671234e-07,-5.342150935938288e-05,-16.53943895662786,1.595817905716394,-2.8309631260012586e-07,-3.0036562302437385e-05,-6.578240513171842,25.62783266853608,-2.683858779841406e-07,-2.1356345344537286e-05,-4.395381886546803,0.05620531869808019,-2.620824584248878e-07,-1.6683315219281205e-05,5.373721816901514,5.102031528811114,-2.587809191944976e-07,-1.372712814895699e-05,-2.528283966263102,-0.6484685067321106
35,50,9,19.84976445324514,1.2819606487468604e-18,-0.0,-6.706446850393694,-0.0,0.0005652019296969705,0.17990877003423636,1320.9068141153455,-2293.744516685266,-1.5104774692652927e-06,-0.00024039679211722376,-8.219215442058198,-32.378724119414414,-1.273933406700535e-06,-0.0001351645303609666,-258.3384799471578,-301.52143276843765,-1.2077364509316606e-06,-9.610355405041817e-05,-19.413737964952983,-8.677818534861002,-1.1793710629120967e-06,-7.507491848676532e-05,-90.58104555727986,-189.4528972263927,-1.1645141363749174e-06,-6.177207667030661e-05,-10.84084533917655,8.739670031394871
36,50,0,1726.4185537703802,0.0,-0.0,2.0265748031496065,-0.0,0.0,-0.0,9.033200179600959,-5.326734237773116,0.0,-0.0,-10.24804568219091,4.506870878122126,0.0,-0.0,-4.563571416639114,1.0635724281381962,0.0,-0.0,-2.1047677048213087,-2.0293741919245387,0.0,-0.0,13.654325965523327,-12.252816212988822,0.0,-0.0,-7.317933975553559,0.03972557436110082
37,50,5,15.40623891587609,2.3418766925686896e-20,-0.0,21.528051181102363,-0.0,0.0003140010720538715,0.09994931668568688,-509.7340962386071,1421.5721592541406,-8.391541495915947e-07,-0.00013355377339845738,-29.43218330170811,11.000114508362454,-7.07740781500304e-07,-7.509140575609356e-05,30.519725401383916,63.426872308690115,-6.709646949594546e-07,-5.339086336134307e-05,-4.649921575559852,16.625123074794377,-6.552061460623796e-07,-4.17082880482027e-05,-0.6248718754224979,5.1055087856616215,-6.469522979858352e-07,-3.4317820372392655e-05,11.269124910303212,-3.990517806547096
38,50,0,5222.076299921818,0.0,-0.0,6.637795275590554,-0.0,0.0,-0.0,2.5925527147070135,3.145136211152483,0.0,-0.0,10.711048612136118,8.79843130493796,0.0,-0.0,4.901699719601125,-8.912206765769136,0.0,-0.0,-1.44860835742686,-17.041943321319064,0.0,-0.0,-0.6935685856968862,4.641948921880051,0.0,-0.0,9.58663291349074,1.2974969877001417
39,50,8,13.557349967755286,3.6082248300317586e-19,-0.0,-3.634842519685044,-0.0,0.0005024017152861942,0.15991890669709904,1294.259423363542,-2079.5914750415,-1.3426466393468494e-06,-0.00021368603743753152,-10.73829352238338,-32.21454959106292,-1.1323852504005035e-06,-0.00012014624920974954,-70.25599382235157,-197.55803415052384,-1.0735435119365624e-06,-8.542538137814914e-05,-20.566847826211543,-25.988352586111166,-1.0483298336995513e-06,-6.673326087712482e-05,17.890425910072285,-100.22669665541129,-1.0351236767779904e-06,-5.490851259582796e-05,-5.758533397691832,-18.323820385131302
40,50,9,20.01861092291493,1.2819606487468604e-18,-0.0,-34.53001968503938,-0.0,0.0005652019296969705,0.17990877003423636,2558.293141232182,575.3981476883446,-1.5104774692652927e-06,-0.00024039679211722376,50.93721995395791,-4.328196833397431,-1.273933406700535e-06,-0.0001351645303609666,32.475200272751714,405.94928605140245,-1.2077364509316606e-06,-9.610355405041817e-05,-23.35327150567659,36.99957710224303,-1.1793710629120967e-06,-7.507491848676532e-05,-75.29130004161581,-191.99455496667144,-1.1645141363749174e-06,-6.177207667030661e-05,-19.84415967698677,-16.714999212208145
41,50,0,4197.058013025934,0.0,-0.0,13.001968503937011,-0.0,0.0,-0.0,2.5632432447748252,-4.187698693789184,0.0,-0.0,1.549857867994252,-6.51759606916437,0.0,-0.0,2.397204865600855,-1.340929470914969,0.0,-0.0,7.763785132676128,-3.6457449939357267,0.0,-0.0,1.246862709232613,-7.824426811797395,0.0,-0.0,3.68784798122296,-5.157172404175616
42,50,2,41.5487129554373,9.020562075079396e-20,-0.0,42.08046259842521,-0.0,0.00012560042882154855,0.03997972667427476,-524.1936623872772,-36.20392854300553,-3.3566165983671234e-07,-5.342150935938288e-05,-1.4736747737015938,13.320365085347007,-2.8309631260012586e-07,-3.0036562302437385e-05,-3.6094582058731466,-9.69717540725874,-2.683858779841406e-07,-2.1356345344537286e-05,10.475252302340982,-13.4366103122593,-2.620824584248878e-07,-1.6683315219281205e-05,-2.255251004507925,10.666183888964435,-2.587809191944976e-07,-1.372712814895699e-05,7.311035884108529,6.180172409362698
43,50,3,24.87293821499367,-2.3288662664988637e-19,-0.0,29.42667322834646,-0.0,0.0001884006432323233,0.059969590011412124,109.36303132920405,-841.8078990616311,-5.034924897548938e-07,-8.013226403907447e-05,-19.381962987226053,-8.899536825481494,-4.2464446890015984e-07,-4.5054843453655964e-05,-22.40083190955546,-18.519054613733545,-4.0257881697660976e-07,-3.2034518016806024e-05,5.413278464844938,-0.8623314646651539,-3.931236876372607e-07,-2.5024972828921514e-05,-6.85141394115265,-2.043648606800033,-3.881713787912685e-07,-2.059069222343534e-05,-4.1272980044612835,0.9601012135909761
44,50,9,19.932811696918876,1.2819606487468604e-18,-0.0,-28.17002952755907,-0.0,0.0005652019296969705,0.17990877003423636,2586.4142111770093,516.1042824408416,-1.5104774692652927e-06,-0.00024039679211722376,45.75861245145171,-14.602393061093496,-1.273933406700535e-06,-0.0001351645303609666,73.84291578335184,396.7911840911015,-1.2077364509316606e-06,-9.610355405041817e-05,4.591883749383822,47.160584776710806,-1.1793710629120967e-06,-7.507491848676532e-05,-115.98395819598997,-173.31254619648732,-1.1645141363749174e-06,-6.177207667030661e-05,-24.627868739755414,-20.146113545379862
45,50,0,1339.9030509005079,0.0,-0.0,12.230314960629922,-0.0,0.0,-0.0,5.106139010878639,-13.87729612445278,0.0,-0.0,3.7875466207529063,11.744868724121535,0.0,-0.0,1.410150410366445,3.4853101368327937,0.0,-0.0,2.7961204353004536,4.478158498309682,0.0,-0.0,2.760174527309004,6.259272164948589,0.0,-0.0,0.4116685678641859,-4.828219732852581
46,50,9,19.661669697373124,1.2819606487468604e-18,-0.0,69.55142716535435,-0.0,0.0005652019296969705,0.17990877003423636,-2428.7364514829974,-1012.540710716528,-1.5104774692652927e-06,-0.00024039679211722376,23.042308842396515,8.288386661785424,-1.273933406700535e-06,-0.0001351645303609666,172.64793036817514,-364.26295385634575,-1.2077364509316606e-06,-9.610355405041817e-05,-18.47630758338425,-17.24605788449083,-1.1793710629120967e-06,-7.507491848676532e-05,-95.42561244409693,182.05605595216272,-1.1645141363749174e-06,-6.177207667030661e-05,-4.049680721104849,-11.945637781427362
47,50,8,13.833742894832914,3.6082248300317586e-19,-0.0,-10.416584645669296,-0.0,0.0005024017152861942,0.15991890669709904,1434.2622147627544,-1991.5615984888132,-1.3426466393468494e-06,-0.00021368603743753152,-16.532259288861304,-32.947905953585206,-1.1323852504005035e-06,-0.00012014624920974954,-23.748424981294868,-203.1170248058513,-1.0735435119365624e-06,-8.542538137814914e-05,-9.836375668825294,-25.2995619566902,-1.0483298336995513e-06,-6.673326087712482e-05,48.91514628496581,-108.44376641145833,-1.0351236767779904e-06,-5.490851259582796e-05,1.164213486635579,-26.437592161501435
48,50,2,41.197869425909104,9.020562075079396e-20,-0.0,18.107283464566937,-0.0,0.00012560042882154855,0.03997972667427476,447.85548955444176,282.87281163698196,-3.3566165983671234e-07,-5.342150935938288e-05,4.920605669032615,13.934449751848359,-2.8309631260012586e-07,-3.0036562302437385e-05,-27.83199163452611,-2.1206064582593354,-2.683858779841406e-07,-2.1356345344537286e-05,6.592758888748683,13.257330448403879,-2.620824584248878e-07,-1.6683315219281205e-05,5.387500974428656,6.098104000772539,-2.587809191944976e-07,-1.372712814895699e-05,7.902150841381471,6.315776314264565
49,50,7,11.830725953758996,8.777700788442644e-19,-0.0,30.40428149606297,-0.0,0.0004396015008754209,0.13992904335996167,-1151.7432984539294,1832.9060761177773,-1.1748158094283721e-06,-0.00018697528275784,-14.76447323729582,3.7019500770805505,-9.908370941004668e-07,-0.00010512796805853105,7.140768486071348,116.91357699112712,-9.393505729448183e-07,-7.474720870588189e-05,-19.883548660202962,-2.1471082539031667,-9.172886044867604e-07,-5.839160326748366e-05,-12.131542715337842,36.856969980494995,-9.057332171812613e-07,-4.8044948521348924e-05,-1.4846430979778116,-7.09720597324897
50,50,3,24.544734020627164,-2.3288662664988637e-19,-0.0,17.681102362204726,-0.0,0.0001884006432323233,0.059969590011412124,-726.7428836221974,-408.0674005990914,-5.034924897548938e-07,-8.013226403907447e-05,3.1408749631508863,3.7943210572428936,-4.2464446890015984e-07,-4.5054843453655964e-05,36.357000280295615,-9.123903420670977,-4.0257881697660976e-07,-3.2034518016806024e-05,-0.06261855996642317,1.8267005305460349,-3.931236876372607e-07,-2.5024972828921514e-05,-0.5121574627878985,-7.840523238026288,-3.881713787912685e-07,-2.059069222343534e-05,-6.99518015272032,8.249870439735384
51,50,0,7635.135615706671,0.0,-0.0,13.067913385826774,-0.0,0.0,-0.0,2.111444115853122,1.2309760276414763,0.0,-0.0,4.260708610044829,-2.7428878161057297,0.0,-0.0,9.837184087873084,-1.271758859382333,0.0,-0.0,-6.809941654315877,10.320155257555665,0.0,-0.0,1.8795530882199236,15.645297679714318,0.0,-0.0,-0.03487927195673297,-9.494226838462586
52,50,4,20.021216159097246,1.8041124150158793e-19,-0.0,-5.660187007874025,-0.0,0.0002512008576430971,0.07995945334854952,1154.1835845571206,139.7134059226267,-6.713233196734247e-07,-0.00010684301871876576,38.055859640724215,6.43446683103426,-5.661926252002517e-07,-6.007312460487477e-05,-19.016147908963397,35.89129609648688,-5.367717559682812e-07,-4.271269068907457e-05,-4.933538255988313,-1.9169060712339678,-5.241649168497756e-07,-3.336663043856241e-05,-7.728857660243913,-20.661156089889946,-5.175618383889952e-07,-2.745425629791398e-05,2.8443790754368554,7.945317936463751
53,50,4,19.139213621811518,1.8041124150158793e-19,-0.0,10.34424212598424,-0.0,0.0002512008576430971,0.07995945334854952,76.70780193202795,1174.9722293238137,-6.713233196734247e-07,-0.00010684301871876576,-26.968076439004903,27.119993206267434,-5.661926252002517e-07,-6.007312460487477e-05,40.33823322917498,6.711416258814689,-5.367717559682812e-07,-4.271269068907457e-05,10.101226830345448,22.02621849398089,-5.241649168497756e-07,-3.336663043856241e-05,4.6944677548685965,-6.062488396969422,-5.175618383889952e-07,-2.745425629791398e-05,3.3558409143864445,8.818020116708567
54,50,9,20.06778680275552,1.2819606487468604e-18,-0.0,71.43873031496068,-0.0,0.0005652019296969705,0.17990877003423636,-2619.5945891334945,-293.6675025115914,-1.5104774692652927e-06,-0.00024039679211722376,-0.5750665838167056,-2.727727308455437,-1.273933406700535e-06,-0.0001351645303609666,-170.03921828211801,-375.74859622114025,-1.2077364509316606e-06,-9.610355405041817e-05,-22.300994920530677,2.426782766676361,-1.1793710629120967e-06,-7.507491848676532e-05,175.6053250896057,125.490349113259,-1.1645141363749174e-06,-6.177207667030661e-05,-5.122255709934539,-4.898759572874604
55,50,1,110.41400581302166,4.510281037539698e-20,-0.0,19.5681594488189,-0.0,6.280021441077427e-05,0.01998986333713738,38.99936825223606,-212.9868136182856,-1.6783082991835617e-07,-2.671075467969144e-05,13.74960144375228,-17.631146619659162,-1.4154815630006293e-07,-1.5018281151218693e-05,-9.399247474799438,-21.73262733704722,-1.341929389920703e-07,-1.0678172672268643e-05,-6.47595779772293,-1.6922302501915942,-1.310412292124439e-07,-8.341657609640603e-06,8.918119584234962,-11.054620192745833,-1.293904595972488e-07,-6.863564074478495e-06,-0.08069871641196982,-16.97455112701237
56,50,2,44.275095202345945,9.020562075079396e-20,-0.0,3.4264271653543332,-0.0,0.00012560042882154855,0.03997972667427476,465.2804195748649,248.3218360399126,-3.3566165983671234e-07,-5.342150935938288e-05,4.15510427557442,3.2144785743636373,-2.8309631260012586e-07,-3.0036562302437385e-05,-8.239342293144786,-1.694051139181957,-2.683858779841406e-07,-2.1356345344537286e-05,-16.899720648026616,2.609902325077098,-2.620824584248878e-07,-1.6683315219281205e-05,12.424380849872398,18.89821365699905,-2.587809191944976e-07,-1.372712814895699e-05,0.40417675263905856,-2.8282076632921522
57,50,8,13.765653179315267,3.6082248300317586e-19,-0.0,24.95152559055117,-0.0,0.0005024017152861942,0.15991890669709904,-731.1298898192925,2344.0306879755726,-1.3426466393468494e-06,-0.00021368603743753152,-56.242739228174784,19.91774524798419,-1.1323852504005035e-06,-0.00012014624920974954,177.4080617025392,97.21039008047042,-1.0735435119365624e-06,-8.542538137814914e-05,-24.17691913119882,29.987945194951845,-1.0483298336995513e-06,-6.673326087712482e-05,96.16239764464594,40.77483029408514,-1.0351236767779904e-06,-5.490851259582796e-05,1.2040399302713394,2.552361023622832
58,50,5,15.133369648021638,2.3418766925686896e-20,-0.0,52.84621062992126,-0.0,0.0003140010720538715,0.09994931668568688,-1436.876827780155,-408.2149910812829,-8.391541495915947e-07,-0.00013355377339845738,-6.727758339530596,0.28780054021054363,-7.07740781500304e-07,-7.509140575609356e-05,40.11097742870689,-38.84416473506976,-6.709646949594546e-07,-5.339086336134307e-05,-6.5755888821871755,15.301787635255536,-6.552061460623796e-07,-4.17082880482027e-05,-15.724180232994561,7.50917515244225,-6.469522979858352e-07,-3.4317820372392655e-05,-6.108032682133912,-5.863731287229884
59,50,4,20.238190144023495,1.8041124150158793e-19,-0.0,17.89000984251968,-0.0,0.0002512008576430971,0.07995945334854952,213.42203794123296,-1146.2519960377285,-6.713233196734247e-07,-0.00010684301871876576,-18.873986109218066,-17.87973733957925,-5.661926252002517e-07,-6.007312460487477e-05,-23.024549219604044,-35.00782456591437,-5.367717559682812e-07,-4.271269068907457e-05,-4.999996907010734,4.378308071768721,-5.241649168497756e-07,-3.336663043856241e-05,1.524703612533406,-18.11429336726296,-5.175618383889952e-07,-2.745425629791398e-05,4.713182104688794,-17.84202139724109
60,50,4,18.77240205068746,1.8041124150158793e-19,-0.0,-8.737942913385833,-0.0,0.0002512008576430971,0.07995945334854952,1083.4504805464665,434.0254867376798,-6.713233196734247e-07,-0.00010684301871876576,33.990005797533,3.62147761685488,-5.661926252002517e-07,-6.007312460487477e-05,-36.43398112820483,-1.3384683096123586,-5.367717559682812e-07,-4.271269068907457e-05,-3.5004283717735216,6.886698519117448,-5.241649168497756e-07,-3.336663043856241e-05,8.810516986240394,4.584674240588511,-5.175618383889952e-07,-2.745425629791398e-05,0.678637244683634,-0.5342499989525127
61,50,0,3706.769530232457,0.0,-0.0,21.595718503937007,-0.0,0.0,-0.0,4.568819230744956,-2.6378666206968684,0.0,-0.0,-2.7322544106768483,3.7317181376457715,0.0,-0.0,-10.202240267545678,-21.744675556894368,0.0,-0.0,1.932244469221014,-4.5184441509976585,0.0,-0.0,-8.52751710004608,1.4158775684456668,0.0,-0.0,-5.57755296751953,5.2786222090003125
62,50,0,1867.6214172007528,0.0,-0.0,10.483759842519689,-0.0,0.0,-0.0,-7.287272372448013,-6.881461594424056,0.0,-0.0,-5.139073741947081,-1.0249856438652964,0.0,-0.0,-0.7443485117979421,1.1394107066960037,0.0,-0.0,-3.0622161460920276,3.6731387880938273,0.0,-0.0,1.564090577104795,1.7618642899389618,0.0,-0.0,-5.483662211833652,-4.250870946524491
63,50,5,15.083479174711366,2.3418766925686896e-20,-0.0,23.06471456692913,-0.0,0.0003140010720538715,0.09994931668568688,-101.61951869149199,-1489.7687105682398,-8.391541495915947e-07,-0.00013355377339845738,-15.591225607850065,-11.692840859546322,-7.07740781500304e-07,-7.509140575609356e-05,-51.726023751353715,5.225200851821799,-6.709646949594546e-07,-5.339086336134307e-05,-1.8054062458526496,0.7475557005487691,-6.552061460623796e-07,-4.17082880482027e-05,-5.859987946644386,1.550025275749537,-6.469522979858352e-07,-3.4317820372392655e-05,2.3044597189747553,-18.527639208899437
64,50,2,42.31229134087546,9.020562075079396e-20,-0.0,5.663877952755906,-0.0,0.00012560042882154855,0.03997972667427476,499.4187235324243,-155.57507491260748,-3.3566165983671234e-07,-5.342150935938288e-05,7.895160560584941,-5.37448793723913,-2.8309631260012586e-07,-3.0036562302437385e-05,17.18616474852651,-13.119650590740097,-2.683858779841406e-07,-2.1356345344537286e-05,4.3481646885526155,0.8233775148469917,-2.620824584248878e-07,-1.6683315219281205e-05,0.9869902940165958,3.2801497762185075,-2.587809191944976e-07,-1.372712814895699e-05,1.631728904956678,1.3190076774036552
65,50,7,11.140583933539567,8.777700788442644e-19,-0.0,9.85802165354328,-0.0,0.0004396015008754209,0.13992904335996167,847.7321201082833,2004.3610284402034,-1.1748158094283721e-06,-0.00018697528275784,-0.07878870090160899,41.197832333417,-9.908370941004668e-07,-0.00010512796805853105,18.64336411167703,-71.762783537501,-9.393505729448183e-07,-7.474720870588189e-05,4.974051711930246,1.5566011788473484,-9.172886044867604e-07,-5.839160326748366e-05,-33.84077813951624,-6.056712076449402,-9.057332171812613e-07,-4.8044948521348924e-05,1.6831246867238743,-2.05626047749905
66,50,4,18.96589948960244,1.8041124150158793e-19,-0.0,39.41978346456692,-0.0,0.0002512008576430971,0.07995945334854952,-1088.8678709888068,348.6327127224874,-6.713233196734247e-07,-0.00010684301871876576,17.597070885145115,-4.211189146786376,-5.661926252002517e-07,-6.007312460487477e-05,-12.73768907888946,-32.05320398332721,-5.367717559682812e-07,-4.271269068907457e-05,11.758236698744163,2.34991371732683,-5.241649168497756e-07,-3.336663043856241e-05,6.118222368973151,11.079558642823647,-5.175618383889952e-07,-2.745425629791398e-05,4.779080839153749,-6.7035421413562695
67,50,3,26.36079060147754,-2.3288662664988637e-19,-0.0,11.807824803149604,-0.0,0.0001884006432323233,0.059969590011412124,-391.48036168293515,-728.9076007469012,-5.034924897548938e-07,-8.013226403907447e-05,-4.565307634342575,10.873250553270378,-4.2464446890015984e-07,-4.5054843453655964e-05,-12.694481517149852,20.9863728120825,-4.0257881697660976e-07,-3.2034518016806024e-05,3.2938856019812204,-8.165479902951844,-3.931236876372607e-07,-2.5024972828921514e-05,-9.275342173423276,-10.302059291334643,-3.881713787912685e-07,-2.059069222343534e-05,0.6735164967593964,3.5772100288980773
68,50,6,12.373258191240224,-4.657732532997727e-19,-0.0,12.660925196850394,-0.0,0.0003768012864646466,0.11993918002282425,1058.0655238832958,-1496.4515663747788,-1.0069849795097875e-06,-0.00016026452807814894,3.499555083026035,-36.48644189040053,-8.492889378003197e-07,-9.010968690731193e-05,31.745994318765245,-69.54999880923647,-8.051576339532195e-07,-6.406903603361205e-05,-17.66013865497956,-7.146052972684459,-7.862473752745214e-07,-5.004994565784303e-05,15.244543680189985,-22.627901998507777,-7.76342757582537e-07,-4.118138444687068e-05,3.9720860199316084,-8.286038871489309
69,50,3,25.384901728325044,-2.3288662664988637e-19,-0.0,10.204724409448827,-0.0,0.0001884006432323233,0.059969590011412124,756.1071955009338,345.8074197446264,-5.034924897548938e-07,-8.013226403907447e-05,12.824797580705322,14.288668388911173,-4.2464446890015984e-07,-4.5054843453655964e-05,-30.944119049093402,-9.854816146172558,-4.0257881697660976e-07,-3.2034518016806024e-05,-4.050039179543394,-4.175660132027212,-3.931236876372607e-07,-2.5024972828921514e-05,4.722812939408605,8.70565751571014,-3.881713787912685e-07,-2.059069222343534e-05,2.283775210837722,-1.075218965620274
70,50,0,1083.2425311877007,0.0,-0.0,11.740649606299213,-0.0,0.0,-0.0,18.180306254024902,4.380225901305592,0.0,-0.0,5.143164364647233,6.516100757433191,0.0,-0.0,-1.1872294652205457,-4.001105360922847,0.0,-0.0,6.529412911558024,-11.707957072012126,0.0,-0.0,-14.319974978428267,-3.980535885350683,0.0,-0.0,2.6992221336863467,-8.53279860072825
71,50,7,11.837424074681522,8.777700788442644e-19,-0.0,56.0570866141732,-0.0,0.0004396015008754209,0.13992904335996167,-2109.9099140563403,-398.746498106182,-1.1748158094283721e-06,-0.00018697528275784,7.931749914799479,-1.407272293140054,-9.908370941004668e-07,-0.00010512796805853105,27.66112533490471,-112.48985627210682,-9.393505729448183e-07,-7.474720870588189e-05,-18.011037646135833,17.03675707589258,-9.172886044867604e-07,-5.839160326748366e-05,-8.723008631218123,23.831429746258394,-9.057332171812613e-07,-4.8044948521348924e-05,-2.8849441018505995,13.455660417937352
72,50,3,25.969805527947425,-2.3288662664988637e-19,-0.0,8.108021653543306,-0.0,0.0001884006432323233,0.059969590011412124,-27.539656342560676,-839.530415042778,-5.034924897548938e-07,-8.013226403907447e-05,-11.65964709167882,-3.7470716119926584,-4.2464446890015984e-07,-4.5054843453655964e-05,-36.23722671467815,-12.6217479252321,-4.0257881697660976e-07,-3.2034518016806024e-05,-1.7397622935960257,-14.780106373389419,-3.931236876372607e-07,-2.5024972828921514e-05,-7.92409771008021,-5.905844086042225,-3.881713787912685e-07,-2.059069222343534e-05,-1.212124588650754,-3.5435661576817346
73,50,6,12.25951535040293,-4.657732532997727e-19,-0.0,-9.428641732283461,-0.0,0.0003768012864646466,0.11993918002282425,1651.8440534072513,-762.723001404426,-1.0069849795097875e-06,-0.00016026452807814894,34.00717587686043,-18.40497579077629,-8.492889378003197e-07,-9.010968690731193e-05,54.77367973774701,11.209951567167902,-8.051576339532195e-07,-6.406903603361205e-05,4.7103872771273405,-11.450757829964838,-7.862473752745214e-07,-5.004994565784303e-05,-4.322467539700203,10.369881218800167,-7.76342757582537e-07,-4.118138444687068e-05,-1.0292208990429048,-4.003752042358772
74,50,6,12.021537469334682,-4.657732532997727e-19,-0.0,-5.796013779527567,-0.0,0.0003768012864646466,0.11993918002282425,1015.0894089349304,1540.6491992704068,-1.0069849795097875e-06,-0.00016026452807814894,6.323238572705697,36.550269610501786,-8.492889378003197e-07,-9.010968690731193e-05,-10.726586572252112,-50.515211173080495,-8.051576339532195e-07,-6.406903603361205e-05,4.162097389532244,5.3700937792242724,-7.862473752745214e-07,-5.004994565784303e-05,-26.322539092681016,-1.97818263544196,-7.76342757582537e-07,-4.118138444687068e-05,1.3160190517481227,7.504570557491407
75,50,4,18.453190921994175,1.8041124150158793e-19,-0.0,55.07726377952755,-0.0,0.0002512008576430971,0.07995945334854952,-678.4062397037018,973.1352175503165,-6.713233196734247e-07,-0.00010684301871876576,-8.834254500658732,-0.446526107252942,-5.661926252002517e-07,-6.007312460487477e-05,-19.37284389421103,39.27479046898716,-5.367717559682812e-07,-4.271269068907457e-05,-8.823428454477405,9.085773884982796,-5.241649168497756e-07,-3.336663043856241e-05,-10.234539453467399,-4.056315245154558,-5.175618383889952e-07,-2.745425629791398e-05,5.8722891154414345,5.26201393929135
76,50,6,11.68727728757618,-4.657732532997727e-19,-0.0,40.05757874015746,-0.0,0.0003768012864646466,0.11993918002282425,-1340.8772963025867,-1248.6023138889057,-1.0069849795097875e-06,-0.00016026452807814894,-3.179067488076322,-2.727115898371811,-8.492889378003197e-07,-9.010968690731193e-05,61.962381370046266,32.466791082319475,-8.051576339532195e-07,-6.406903603361205e-05,-3.3939870830255487,-16.160753884277494,-7.862473752745214e-07,-5.004994565784303e-05,-0.5166537473146564,-5.73465324279547,-7.76342757582537e-07,-4.118138444687068e-05,11.138857592081312,-1.546747431249354
77,50,7,11.7122055440294,8.777700788442644e-19,-0.0,-12.235236220472451,-0.0,0.0004396015008754209,0.13992904335996167,1265.080867766943,-1740.3140733765563,-1.1748158094283721e-06,-0.00018697528275784,2.7820145282487596,-29.175993261647008,-9.908370941004668e-07,-0.00010512796805853105,15.883512916641221,-123.14866536301061,-9.393505729448183e-07,-7.474720870588189e-05,-11.348579393833901,-19.319579484925722,-9.172886044867604e-07,-5.839160326748366e-05,29.206349198259844,-35.16558698243763,-9.057332171812613e-07,-4.8044948521348924e-05,-4.056214261803911,-21.031130609427212
78,50,8,14.322596523268876,3.6082248300317586e-19,-0.0,-26.91018700787401,-0.0,0.0005024017152861942,0.15991890669709904,2141.0101955943164,1150.8316309266302,-1.3426466393468494e-06,-0.00021368603743753152,34.97086448121077,33.27923744320501,-1.1323852504005035e-06,-0.00012014624920974954,-159.3032358312469,127.321934413952,-1.0735435119365624e-06,-8.542538137814914e-05,-25.696877399296035,0.23200614531063343,-1.0483298336995513e-06,-6.673326087712482e-05,108.05318416243782,-16.178838971083575,-1.0351236767779904e-06,-5.490851259582796e-05,3.100804800026613,3.938891287553552
79,50,8,13.680819004580227,3.6082248300317586e-19,-0.0,44.10629921259841,-0.0,0.0005024017152861942,0.15991890669709904,-1022.8868062909238,2217.0693009243964,-1.3426466393468494e-06,-0.00021368603743753152,-27.312373388171558,14.264922724788434,-1.1323852504005035e-06,-0.00012014624920974954,132.03978125631048,153.1117602754865,-1.0735435119365624e-06,-8.542538137814914e-05,-20.341255816350877,13.852450470619853,-1.0483298336995513e-06,-6.673326087712482e-05,60.23422335772573,102.62933254931785,-1.0351236767779904e-06,-5.490851259582796e-05,-4.380661158368843,-0.18240720808370725
80,50,7,12.21783078765409,8.777700788442644e-19,-0.0,42.21555118110235,-0.0,0.0004396015008754209,0.13992904335996167,-2015.4750049625598,-778.0680272567932,-1.1748158094283721e-06,-0.00018697528275784,3.097021450026411,-2.8525606911111776,-9.908370941004668e-07,-0.00010512796805853105,79.12121334476274,-61.61368865773659,-9.393505729448183e-07,-7.474720870588189e-05,-8.539912516781008,-8.828422953731955,-9.172886044867604e-07,-5.839160326748366e-05,-25.361599118888364,21.693124914994822,-9.057332171812613e-07,-4.8044948521348924e-05,1.481705180539566,4.92054542537671
81,50,9,19.055179071094017,1.2819606487468604e-18,-0.0,18.029281496063,-0.0,0.0005652019296969705,0.17990877003423636,618.538972019034,-2577.381616784759,-1.5104774692652927e-06,-0.00024039679211722376,-1.4759766338280524,-33.16939185186792,-1.273933406700535e-06,-0.0001351645303609666,-376.7525662987674,8.246681480553798,-1.2077364509316606e-06,-9.610355405041817e-05,-12.394908932661723,9.858053034168217,-1.1793710629120967e-06,-7.507491848676532e-05,-206.82332660060123,48.16113152384848,-1.1645141363749174e-06,-6.177207667030661e-05,15.276094647995768,0.21932306065182275
82,50,4,18.945901394711523,1.8041124150158793e-19,-0.0,-16.918307086614185,-0.0,0.0002512008576430971,0.07995945334854952,1139.0757862586486,210.09244522246794,-6.713233196734247e-07,-0.00010684301871876576,22.02325566731402,12.371850544876638,-5.661926252002517e-07,-6.007312460487477e-05,-28.815430226610665,26.705752350075173,-5.367717559682812e-07,-4.271269068907457e-05,-1.5453447519374028,1.2622748736724125,-5.241649168497756e-07,-3.336663043856241e-05,7.559985245526528,-17.295637231935196,-5.175618383889952e-07,-2.745425629791398e-05,-7.023168069856398,-5.9525028895419965
83,50,2,41.12279581445913,9.020562075079396e-20,-0.0,24.326279527559056,-0.0,0.00012560042882154855,0.03997972667427476,33.52872567232865,529.8890786376858,-3.3566165983671234e-07,-5.342150935938288e-05,-6.265824187019574,20.852390303003872,-2.8309631260012586e-07,-3.0036562302437385e-05,9.417220849088551,11.31822930869117,-2.683858779841406e-07,-2.1356345344537286e-05,-6.875765164852973,-1.7632645925647106,-2.620824584248878e-07,-1.6683315219281205e-05,9.809590618395545,13.951397279860927,-2.587809191944976e-07,-1.372712814895699e-05,4.783254481281846,-3.792286738860332
84,50,8,13.370806833650626,3.6082248300317586e-19,-0.0,65.3560531496063,-0.0,0.0005024017152861942,0.15991890669709904,-2417.5075485760544,257.192222723711,-1.3426466393468494e-06,-0.00021368603743753152,21.782814064446423,-4.621967351173112,-1.1323852504005035e-06,-0.00012014624920974954,-147.12607752858858,-118.82437498736783,-1.0735435119365624e-06,-8.542538137814914e-05,-3.314781281751844,28.00398918247192,-1.0483298336995513e-06,-6.673326087712482e-05,98.29762912215043,-17.805924748850558,-1.0351236767779904e-06,-5.490851259582796e-05,-5.506151509388514,-8.63346665864695
85,50,1,90.79792427675989,4.510281037539698e-20,-0.0,27.74557086614173,-0.0,6.280021441077427e-05,0.01998986333713738,-92.2246029667379,-226.01825600159268,-1.6783082991835617e-07,-2.671075467969144e-05,2.8364953304889906,-2.336610106354652,-1.4154815630006293e-07,-1.5018281151218693e-05,-7.4522488162496705,-4.902925855690064,-1.341929389920703e-07,-1.0678172672268643e-05,-10.513215075564029,-1.7072474365123698,-1.310412292124439e-07,-8.341657609640603e-06,-7.083377437280289,2.4453214392024036,-1.293904595972488e-07,-6.863564074478495e-06,2.583854041160814,17.305847522010282
86,50,4,18.727593673456898,1.8041124150158793e-19,-0.0,-20.411171259842526,-0.0,0.0002512008576430971,0.07995945334854952,1127.3676644422603,-302.8020458107253,-6.713233196734247e-07,-0.00010684301871876576,29.708330103744323,-3.948347478893025,-5.661926252002517e-07,-6.007312460487477e-05,8.058749471452758,29.367496145803482,-5.367717559682812e-07,-4.271269068907457e-05,-5.7065052124966575,11.176953119696686,-5.241649168497756e-07,-3.336663043856241e-05,-8.10024675652554,-23.831517127002176,-5.175618383889952e-07,-2.745425629791398e-05,1.7977060268727656,4.060709365335907
87,50,0,1649.5632306660402,0.0,-0.0,6.640009842519688,-0.0,0.0,-0.0,10.224207865186319,-7.567993500253141,0.0,-0.0,8.984892607169154,-4.11205347063663,0.0,-0.0,-7.31795822322451,4.754950424358453,0.0,-0.0,2.3428536463842216,5.715998400501976,0.0,-0.0,1.0802354155444276,16.96559128515056,0.0,-0.0,3.9662425967058472,1.5884831162225914
88,50,5,14.973577153468101,2.3418766925686896e-20,-0.0,36.83464566929134,-0.0,0.0003140010720538715,0.09994931668568688,-1173.4839592909686,926.5959336052634,-8.391541495915947e-07,-0.00013355377339845738,1.0452637471887352,-9.18982621305286,-7.07740781500304e-07,-7.509140575609356e-05,-60.95863152581044,23.74361545111754,-6.709646949594546e-07,-5.339086336134307e-05,5.545910941363159,0.23684222342591238,-6.552061460623796e-07,-4.17082880482027e-05,-11.352242144333909,-6.416875804960235,-6.469522979858352e-07,-3.4317820372392655e-05,-16.06739113644842,6.222788585588297
89,50,3,24.250446983619838,-2.3288662664988637e-19,-0.0,17.963336614173226,-0.0,0.0001884006432323233,0.059969590011412124,-523.452201886773,-661.874099571757,-5.034924897548938e-07,-8.013226403907447e-05,-13.622349874632466,16.745529838006323,-4.2464446890015984e-07,-4.5054843453655964e-05,-3.9047193257432213,19.245358843732223,-4.0257881697660976e-07,-3.2034518016806024e-05,4.316622617381061,3.0878658723505032,-3.931236876372607e-07,-2.5024972828921514e-05,3.58585051278791,-8.830501894395347,-3.881713787912685e-07,-2.059069222343534e-05,5.246352715470641,-1.3915018045492176
90,50,7,11.602305068445885,8.777700788442644e-19,-0.0,-33.62647637795278,-0.0,0.0004396015008754209,0.13992904335996167,1476.3927455838545,-1576.6250248457059,-1.1748158094283721e-06,-0.00018697528275784,0.17496830603308808,-46.58253296455818,-9.908370941004668e-07,-0.00010512796805853105,52.753006183175586,-99.2660228208389,-9.393505729448183e-07,-7.474720870588189e-05,-14.498268020470688,-17.077484043730323,-9.172886044867604e-07,-5.839160326748366e-05,33.713812812264116,-17.61115073438141,-9.057332171812613e-07,-4.8044948521348924e-05,-3.6550132436230687,-2.2344130556246715
91,50,6,12.680040043414808,-4.657732532997727e-19,-0.0,-17.327755905511797,-0.0,0.0003768012864646466,0.11993918002282425,1285.8047756988765,1312.245142280804,-1.0069849795097875e-06,-0.00016026452807814894,2.4221499896189,37.045796050172456,-8.492889378003197e-07,-9.010968690731193e-05,-45.575197274226305,-38.24998172064417,-8.051576339532195e-07,-6.406903603361205e-05,9.383090782353097,-10.26275786778891,-7.862473752745214e-07,-5.004994565784303e-05,-4.481816515592203,25.15404812632594,-7.76342757582537e-07,-4.118138444687068e-05,0.0675141315241499,-0.3174443353653701
92,50,2,40.13845510905783,9.020562075079396e-20,-0.0,28.448572834645667,-0.0,0.00012560042882154855,0.03997972667427476,-219.5412553207415,475.80884734598754,-3.3566165983671234e-07,-5.342150935938288e-05,0.8004454813381726,-0.32866858192889686,-2.8309631260012586e-07,-3.0036562302437385e-05,1.8650284453176926,20.312906703729684,-2.683858779841406e-07,-2.1356345344537286e-05,-1.9424138657158723,16.05101377678024,-2.620824584248878e-07,-1.6683315219281205e-05,1.0617542662481092,-0.39434330994761513,-2.587809191944976e-07,-1.372712814895699e-05,1.0752815997377005,4.518153772009374
93,50,4,19.093140158142656,1.8041124150158793e-19,-0.0,39.14197834645669,-0.0,0.0002512008576430971,0.07995945334854952,-1138.385012337047,-243.2476580586339,-6.713233196734247e-07,-0.00010684301871876576,8.788122121353437,9.595092675209667,-5.661926252002517e-07,-6.007312460487477e-05,34.18698321991939,-33.627118268582045,-5.367717559682812e-07,-4.271269068907457e-05,4.621159340644513,12.723101139230629,-5.241649168497756e-07,-3.336663043856241e-05,-11.706915242686291,4.212732006148285,-5.175618383889952e-07,-2.745425629791398e-05,-12.834045868926195,1.4905619545785964
94,50,7,11.866685681251802,8.777700788442644e-19,-0.0,30.54404527559053,-0.0,0.0004396015008754209,0.13992904335996167,126.09169236154683,-2161.8297288589197,-1.1748158094283721e-06,-0.00018697528275784,0.9300712162451,-39.71046468987671,-9.908370941004668e-07,-0.00010512796805853105,-108.6349891525896,-10.133238993779681,-9.393505729448183e-07,-7.474720870588189e-05,10.773102515372988,-3.0732350396137753,-9.172886044867604e-07,-5.839160326748366e-05,-29.257373044179513,15.021754043312615,-9.057332171812613e-07,-4.8044948521348924e-05,4.668650835152515,-14.441663610926367
95,50,9,19.397811455578022,1.2819606487468604e-18,-0.0,-18.383120078740163,-0.0,0.0005652019296969705,0.17990877003423636,2593.030644126112,-404.58108900160295,-1.5104774692652927e-06,-0.00024039679211722376,27.6629336056208,-31.224388160608306,-1.273933406700535e-06,-0.0001351645303609666,375.62590058309013,137.83560271533995,-1.2077364509316606e-06,-9.610355405041817e-05,45.73051819994307,5.874559029409277,-1.1793710629120967e-06,-7.507491848676532e-05,-151.31949375850473,130.87261689129545,-1.1645141363749174e-06,-6.177207667030661e-05,-8.655724485931383,24.26774638970602
96,50,9,18.649929733898592,1.2819606487468604e-18,-0.0,37.60629921259842,-0.0,0.0005652019296969705,0.17990877003423636,699.3871774696908,2554.4787732367254,-1.5104774692652927e-06,-0.00024039679211722376,-4.751065093774159,71.23805642440085,-1.273933406700535e-06,-0.0001351645303609666,15.391213138680323,-369.15118330666957,-1.2077364509316606e-06,-9.610355405041817e-05,32.55618433920802,19.707443770588903,-1.1793710629120967e-06,-7.507491848676532e-05,-191.7092920302993,-67.67763952206123,-1.1645141363749174e-06,-6.177207667030661e-05,-0.7735374338207689,-28.524574630340986
97,50,7,11.861165891972336,8.777700788442644e-19,-0.0,56.68725393700783,-0.0,0.0004396015008754209,0.13992904335996167,-2112.6237723674512,431.5732030483773,-1.1748158094283721e-06,-0.00018697528275784,7.348530201252063,-4.2031682471757055,-9.908370941004668e-07,-0.00010512796805853105,-79.43878348619887,-65.54042852061745,-9.393505729448183e-07,-7.474720870588189e-05,5.924962180884896,22.711496028958955,-9.172886044867604e-07,-5.839160326748366e-05,17.116979862284154,-5.003519837737689,-9.057332171812613e-07,-4.8044948521348924e-05,0.768725473056315,-10.620225607330399
98,50,6,12.760936399371925,-4.657732532997727e-19,-0.0,21.046259842519678,-0.0,0.0003768012864646466,0.11993918002282425,-174.911819466325,-1827.8069609223967,-1.0069849795097875e-06,-0.00016026452807814894,-13.421720246378671,-12.442045930230423,-8.492889378003197e-07,-9.010968690731193e-05,-67.029292445649,7.750728925052499,-8.051576339532195e-07,-6.406903603361205e-05,-9.076436874955377,-2.536351894242526,-7.862473752745214e-07,-5.004994565784303e-05,-0.05528516988169281,12.616061568142833,-7.76342757582537e-07,-4.118138444687068e-05,6.318276445499386,-18.222186966280454
99,50,1,84.0307438594353,4.510281037539698e-20,-0.0,6.287647637795279,-0.0,6.280021441077427e-05,0.01998986333713738,190.94774504836224,-144.15048052121617,-1.6783082991835617e-07,-2.671075467969144e-05,-0.3741697007617472,-4.481058343718508,-1.4154815630006293e-07,-1.5018281151218693e-05,13.445429112606432,6.953837416099955,-1.341929389920703e-07,-1.0678172672268643e-05,10.048022732418085,4.1608810760193675,-1.310412292124439e-07,-8.341657609640603e-06,-11.673038094327968,13.688018683402358,-1.293904595972488e-07,-6.863564074478495e-06,-4.689794553519183,0.02279902433397251
100,100,6,7022.951107485644,-7.346553920761778e-19,-0.0,-19.439468503937015,-0.0,5.018111749367513e-07,0.00015973093248475585,-40.53031835530407,36.31953872179782,0.0007535951202965767,0.11993681015505003,1863.246091121167,-3326.3526631084897,-2.721378024612088e-06,-0.0002887386269139493,34.618672848026094,-60.605464292072384,-2.0139500427716715e-06,-0.00016025661612061197,-4.106091682589391,-54.35141737516562,-1.7976549506457678e-06,-0.00011443285589342622,-6.422574334648575,-22.372545861735972,-1.698561079114549e-06,-9.010079133475062e-05,2.6240682261631956,-96.2956216265817
101,100,3,7705.0699269456345,-3.673276960380889e-19,-0.0,35.933809055118104,-0.0,2.5090558746837565e-07,7.986546624237793e-05,18.132779459278787,-15.219362714798729,0.0003767975601482883,0.05996840507752502,-780.205179773034,1631.1024610321615,-1.360689012306044e-06,-0.00014436931345697464,-18.412167900234273,26.02149147667711,-1.0069750213858358e-06,-8.012830806030599e-05,-23.427250312293918,-0.42238435730107243,-8.988274753228839e-07,-5.721642794671311e-05,-13.800740861279607,12.317248792300983,-8.492805395572745e-07,-4.505039566737531e-05,-8.754272723628791,45.95415872563953
102,100,8,8661.103975207885,-8.656270145124267e-19,-0.0,-19.407480314960612,-0.0,6.690815665830271e-07,0.00021297457664634005,-16.26229267420796,49.12636134925975,0.0010047934937287696,0.15991574687340004,754.9799653730009,-4385.535595071561,-3.6285040328159505e-06,-0.0003849848358852674,20.473950967485994,-93.2371377465514,-2.6852667236957393e-06,-0.00021367548816081584,-9.187950874346356,-38.68189463216782,-2.396873267528176e-06,-0.00015257714119123534,12.11235874588428,-21.56776745933998,-2.264748105485867e-06,-0.00012013438844633411,-7.878823092279857,-338.58470441387743
103,100,7,6780.390987488165,2.0122792321330963e-19,-0.0,-9.971210629921254,-0.0,5.854463707599675e-07,0.00018635275456554777,8.665860142504108,-63.07258185691798,0.000879194307012673,0.13992627851422507,466.6522349529445,4278.123351152834,-3.174941028715298e-06,-0.000336861731399608,14.224906062353297,100.70642921593954,-2.3496083832344464e-06,-0.00018696605214071376,-6.337751595114911,55.663882962506804,-2.0972641090874116e-06,-0.00013350499854233045,3.7801746325588197,37.569796729409006,-1.9816545923001597e-06,-0.00010511758989054277,135.2321395126932,132.93646729018266
104,100,4,10765.248021436157,-4.3281350725621337e-19,-0.0,29.282726377952752,-0.0,3.3454078329151355e-07,0.00010648728832317003,11.813316893603547,19.867304653777055,0.0005023967468643848,0.07995787343670002,-443.0671788747872,-2437.6469489233073,-1.8142520164079753e-06,-0.0001924924179426337,-2.8817234881515406,-52.53374312981175,-1.3426333618478697e-06,-0.00010683774408040792,-16.749405538182348,-18.85459846617879,-1.198436633764088e-06,-7.628857059561767e-05,1.9773876801236439,-32.52033455729903,-1.1323740527429335e-06,-6.0067194223167056e-05,-40.55574063266945,2.802445835523549
105,100,0,1599.0919965454248,0.0,-0.0,7.05757874015748,-0.0,0.0,-0.0,7.163958201207462,9.805477341207364,0.0,-0.0,1.9628662556386887,16.071425183693982,0.0,-0.0,-8.426162124283096,4.473979121138518,0.0,-0.0,-3.1719045135891175,7.2057254208016515,0.0,-0.0,2.607160419796962,7.09557422843697,0.0,-0.0,-1.233826738010724,-3.042191150250346
106,100,4,9061.971282959981,-4.3281350725621337e-19,-0.0,30.265994094488182,-0.0,3.3454078329151355e-07,0.00010648728832317003,-10.424143939701,25.432810656149115,0.0005023967468643848,0.07995787343670002,281.8002263735149,-2462.798406640513,-1.8142520164079753e-06,-0.0001924924179426337,5.285022554773938,-48.51340774496119,-1.3426333618478697e-06,-0.00010683774408040792,-19.727911043121917,-50.12976624007462,-1.198436633764088e-06,-7.628857059561767e-05,-2.48664604368283,-34.23112820601044,-1.1323740527429335e-06,-6.0067194223167056e-05,-30.20151627675794,-43.79424448104658
107,100,9,5480.1207649158305,-2.8796409701215e-19,-0.0,-82.0302657480315,-0.0,7.527167624053745e-07,0.00023959639872713417,-71.72533370134796,-36.71054065261218,0.001130392680444865,0.17990521523257505,3258.4467523030453,2892.4863206558684,-4.082067036919694e-06,-0.0004331079403709227,42.42418550900707,48.42629620798722,-3.020925064157869e-06,-0.00024038492418091868,47.35395613840724,47.1014574645679,-2.6964824259688698e-06,-0.00017164928384013906,15.957664646101833,29.61457090966459,-2.5478416186717886e-06,-0.00013515118700212564,-159.97656119687755,-187.02421229578397
108,100,6,5078.035339596367,-7.346553920761778e-19,-0.0,32.60359251968503,-0.0,5.018111749367513e-07,0.00015973093248475585,55.808967174962255,50.71558126521356,0.0007535951202965767,0.11993681015505003,-2100.485436485775,-3191.8210191656763,-2.721378024612088e-06,-0.0002887386269139493,-37.68364344484254,-75.83388408004124,-2.0139500427716715e-06,-0.00016025661612061197,-24.89100931306743,-15.071793135998588,-1.7976549506457678e-06,-0.00011443285589342622,-12.096952077943259,-28.960240057111513,-1.698561079114549e-06,-9.010079133475062e-05,13.422613093632632,48.323187654363934
109,100,3,5580.945515344458,-3.673276960380889e-19,-0.0,-11.38607283464567,-0.0,2.5090558746837565e-07,7.986546624237793e-05,-31.178547599596946,-9.514659068488335,0.0003767975601482883,0.05996840507752502,1386.457342004374,1155.6777026232005,-1.360689012306044e-06,-0.00014436931345697464,6.161207661397537,34.03690080718904,-1.0069750213858358e-06,-8.012830806030599e-05,12.201292500658314,37.00327873320055,-8.988274753228839e-07,-5.721642794671311e-05,21.978329116471752,13.068190753295475,-8.492805395572745e-07,-4.505039566737531e-05,-31.359407728888307,-23.406605037796943
110,100,2,16328.947856597277,-2.1640675362810668e-19,-0.0,26.83932086614173,-0.0,1.6727039164575677e-07,5.324364416158501e-05,7.092844539211226,-1.247173572164975,0.0002511983734321924,0.03997893671835001,-959.8866893486638,-642.0551453102536,-9.071260082039876e-07,-9.624620897131685e-05,-11.046578693727064,-14.745873784888175,-6.713166809239348e-07,-5.341887204020396e-05,-2.779645149494052,15.515714045662296,-5.99218316882044e-07,-3.8144285297808835e-05,-14.118099601961385,8.033628433154023,-5.661870263714668e-07,-3.0033597111583528e-05,23.30271033331458,10.50395691114154
111,100,5,3962.2484505733833,-3.7990444123892075e-19,-0.0,-22.50565944881892,-0.0,4.181759791142955e-07,0.00013310911040396273,-78.59881924382083,-10.888788353758622,0.0006279959335804808,0.09994734179587504,2961.293351228821,1033.3525830056346,-2.2678150205096326e-06,-0.00024061552242829194,45.1738334386983,8.777550706700524,-1.6782917023104116e-06,-0.00013354718010050965,40.02107948201992,19.227700659699934,-1.498045792204946e-06,-9.536071324452198e-05,8.68246573853804,16.156702360106372,-1.415467565928374e-06,-7.50839927789592e-05,-40.51548359130866,36.61242714989677
112,100,4,4140.236316191774,-4.3281350725621337e-19,-0.0,53.053149606299215,-0.0,3.3454078329151355e-07,0.00010648728832317003,58.600294954201935,-9.630572154050585,0.0005023967468643848,0.07995787343670002,-2444.509936655067,145.96609611831855,-1.8142520164079753e-06,-0.0001924924179426337,-47.49360215906979,1.6764683575800527,-1.3426333618478697e-06,-0.00010683774408040792,9.333082804960613,-9.041431183995687,-1.198436633764088e-06,-7.628857059561767e-05,-15.524517353974751,8.097365241154549,-1.1323740527429335e-06,-6.0067194223167056e-05,-1.1127713652881313,-34.51653818652785
113,100,7,3865.9138247270475,2.0122792321330963e-19,-0.0,-75.0442913385827,-0.0,5.854463707599675e-07,0.00018635275456554777,-105.94654793898745,31.981382881010525,0.000879194307012673,0.13992627851422507,3965.2035064928978,-1579.9736354989261,-3.174941028715298e-06,-0.000336861731399608,70.72427612666023,-33.06655654433075,-2.3496083832344464e-06,-0.00018696605214071376,15.997016316562172,-45.572353569937434,-2.0972641090874116e-06,-0.00013350499854233045,4.506202124339303,-30.001256728117873,-1.9816545923001597e-06,-0.00010511758989054277,32.53991438306452,137.21846808979424
114,100,9,5054.374500726614,-2.8796409701215e-19,-0.0,66.45497047244093,-0.0,7.527167624053745e-07,0.00023959639872713417,85.03249129604438,-19.47122726256592,0.001130392680444865,0.17990521523257505,-3864.942886645782,2000.1031193990093,-4.082067036919694e-06,-0.0004331079403709227,-49.597007100827845,46.530381025778944,-3.020925064157869e-06,-0.00024038492418091868,-30.183828148079698,13.441437444885308,-2.6964824259688698e-06,-0.00017164928384013906,-1.1888166355324061,21.91749267205978,-2.5478416186717886e-06,-0.00013515118700212564,-230.06538427387818,-92.33301079153422
115,100,0,2109.496533532295,0.0,-0.0,2.2364665354330717,-0.0,0.0,-0.0,-0.76228014805886,-8.878199338880613,0.0,-0.0,-3.433734670061748,-0.2843335617063067,0.0,-0.0,-7.004645617015294,7.214625576884304,0.0,-0.0,-6.265408346732594,4.479776702069113,0.0,-0.0,-8.084819648945848,2.7638218699854593,0.0,-0.0,3.021522770268275,-8.88276418932595
116,100,6,4491.443442589528,-7.346553920761778e-19,-0.0,79.2396653543307,-0.0,5.018111749367513e-07,0.00015973093248475585,84.20611004282988,-6.640406527581456,0.0007535951202965767,0.11993681015505003,-3740.8692877137278,588.4829723715249,-2.721378024612088e-06,-0.0002887386269139493,-76.54555277424484,16.365951724221688,-2.0139500427716715e-06,-0.00016025661612061197,-5.8546900128554045,6.309930186885112,-1.7976549506457678e-06,-0.00011443285589342622,-15.061479603220512,1.799870292151979,-1.698561079114549e-06,-9.010079133475062e-05,-28.395450874207295,-58.61609548773354
117,100,3,4708.369485610988,-3.673276960380889e-19,-0.0,-26.344734251968497,-0.0,2.5090558746837565e-07,7.986546624237793e-05,-36.03820654580185,14.011439974587711,0.0003767975601482883,0.05996840507752502,1443.5122406498497,-1081.3555279064863,-1.360689012306044e-06,-0.00014436931345697464,34.229127850075734,-24.47705307687419,-1.0069750213858358e-06,-8.012830806030599e-05,20.997064542940958,-45.35763890109359,-8.988274753228839e-07,-5.721642794671311e-05,-6.651923772937961,-4.605902961209875,-8.492805395572745e-07,-4.505039566737531e-05,48.297548320760335,-2.2012996897838533
118,100,2,6003.527730135339,-2.1640675362810668e-19,-0.0,18.38139763779526,-0.0,1.6727039164575677e-07,5.324364416158501e-05,15.866257879764502,-11.899133500003368,0.0002511983734321924,0.03997893671835001,-843.5978077424402,809.1449412209826,-9.071260082039876e-07,-9.624620897131685e-05,-10.962316793610004,7.7186159646293016,-6.713166809239348e-07,-5.341887204020396e-05,-4.582476637546728,6.903521859763219,-5.99218316882044e-07,-3.8144285297808835e-05,-3.784902136566232,-0.0383962062528517,-5.661870263714668e-07,-3.0033597111583528e-05,-29.223032319149002,5.712748114731005
119,100,7,5908.6974565839855,2.0122792321330963e-19,-0.0,-31.387795275590555,-0.0,5.854463707599675e-07,0.00018635275456554777,-62.84043458796541,36.45067416269233,0.000879194307012673,0.13992627851422507,2364.0160781906256,-3567.5010275845843,-3.174941028715298e-06,-0.000336861731399608,19.44894205686215,-80.33848149506211,-2.3496083832344464e-06,-0.00018696605214071376,-7.935747124085923,-45.94372551349125,-2.0972641090874116e-06,-0.00013350499854233045,3.174794158468236,-35.57993187090357,-1.9816545923001597e-06,-0.00010511758989054277,147.5605792591115,-89.89904646735819
120,100,1,3642.3844100234255,-1.0820337681405334e-19,-0.0,25.792322834645667,-0.0,8.363519582287839e-08,2.6621822080792506e-05,5.242885233773073,-15.297639046080908,0.0001255991867160962,0.019989468359175006,-257.77176053543855,487.51659226199257,-4.535630041019938e-07,-4.812310448565843e-05,1.0909346540209508,12.700736758265945,-3.356583404619674e-07,-2.670943602010198e-05,0.493152901883318,3.0999195926216787,-2.99609158441022e-07,-1.9072142648904417e-05,7.149028389141763,5.943815997353175,-2.830935131857334e-07,-1.5016798555791764e-05,-13.770497130808668,11.442338077979251
121,100,7,6898.198769759751,2.0122792321330963e-19,-0.0,-15.404773622047266,-0.0,5.854463707599675e-07,0.00018635275456554777,-11.795073388681864,61.46084518943931,0.000879194307012673,0.13992627851422507,1026.1749632683527,-4179.170220222854,-3.174941028715298e-06,-0.000336861731399608,37.82573201581236,-96.34501308049995,-2.3496083832344464e-06,-0.00018696605214071376,-0.006091385798712394,-44.27807383597367,-2.0972641090874116e-06,-0.00013350499854233045,8.707251702096922,-30.225098374362307,-1.9816545923001597e-06,-0.00010511758989054277,20.50823047508447,-198.8564989405806
122,100,3,5055.744792481868,-3.673276960380889e-19,-0.0,23.842765748031482,-0.0,2.5090558746837565e-07,7.986546624237793e-05,-3.6561491341088996,-35.90554157928445,0.0003767975601482883,0.05996840507752502,73.98827385284213,1807.7521260554083,-1.360689012306044e-06,-0.00014436931345697464,-11.335044409153925,33.49364854601561,-1.0069750213858358e-06,-8.012830806030599e-05,-22.56076598347898,22.29722142347541,-8.988274753228839e-07,-5.721642794671311e-05,0.19144812128810373,8.036143614508214,-8.492805395572745e-07,-4.505039566737531e-05,24.547836452781826,25.599019698379674
123,100,4,5610.381701235473,-4.3281350725621337e-19,-0.0,-5.385088582677165,-0.0,3.3454078329151355e-07,0.00010648728832317003,-11.731007253147025,42.80179829817007,0.0005023967468643848,0.07995787343670002,547.9209995306272,-2416.9646459817113,-1.8142520164079753e-06,-0.0001924924179426337,11.192414733707407,-43.35409057562155,-1.3426333618478697e-06,-0.00010683774408040792,-22.50323917079481,-42.397386866250486,-1.198436633764088e-06,-7.628857059561767e-05,1.1848003310384443,-23.824662756784985,-1.1323740527429335e-06,-6.0067194223167056e-05,-7.768146464423029,-50.00319478528811
124,100,6,7564.969969676407,-7.346553920761778e-19,-0.0,36.01058070866141,-0.0,5.018111749367513e-07,0.00015973093248475585,14.00638938154195,-48.80775358360345,0.0007535951202965767,0.11993681015505003,-487.2473526306703,3801.224098813146,-2.721378024612088e-06,-0.0002887386269139493,-2.1709413615707995,89.38855774809423,-2.0139500427716715e-06,-0.00016025661612061197,-35.884625352545704,49.95968017694945,-1.7976549506457678e-06,-0.00011443285589342622,7.108870455570193,37.541326022558,-1.698561079114549e-06,-9.010079133475062e-05,74.46238669395181,54.328219413941476
125,100,9,6697.160789357571,-2.8796409701215e-19,-0.0,6.809793307086624,-0.0,7.527167624053745e-07,0.00023959639872713417,38.19099040881297,54.26141784584564,0.001130392680444865,0.17990521523257505,-1210.1728848093887,-4219.338445581883,-4.082067036919694e-06,-0.0004331079403709227,-17.529679776675838,-101.34340356277306,-3.020925064157869e-06,-0.00024038492418091868,-5.802690040777119,-29.44766287766665,-2.6964824259688698e-06,-0.00017164928384013906,5.164624172117852,-50.7783463976832,-2.5478416186717886e-06,-0.00013515118700212564,-247.37169347226435,83.04453070240983
126,100,1,4349.062170617716,-1.0820337681405334e-19,-0.0,20.063730314960633,-0.0,8.363519582287839e-08,2.6621822080792506e-05,-4.249176751419965,-12.6614132542818,0.0001255991867160962,0.019989468359175006,219.93518193778232,499.1323702772834,-4.535630041019938e-07,-4.812310448565843e-05,1.3013700879164525,18.04976480117316,-3.356583404619674e-07,-2.670943602010198e-05,-6.888672661963383,17.880429475967492,-2.99609158441022e-07,-1.9072142648904417e-05,-5.544950697268469,8.10025746649789,-2.830935131857334e-07,-1.5016798555791764e-05,22.913863730705145,4.750239111078797
127,100,9,7985.660000234367,-2.8796409701215e-19,-0.0,1.9045275590551274,-0.0,7.527167624053745e-07,0.00023959639872713417,12.917298622406266,54.097023037682725,0.001130392680444865,0.17990521523257505,-418.94642990329163,-4364.433107135345,-4.082067036919694e-06,-0.0004331079403709227,-12.49612657711706,-108.42114376262596,-3.020925064157869e-06,-0.00024038492418091868,1.1421362729598392,-33.64182213046862,-2.6964824259688698e-06,-0.00017164928384013906,21.01993822576681,-46.07816125687913,-2.5478416186717886e-06,-0.00013515118700212564,-269.2207521560507,-48.48272615167953
128,100,7,6350.398667863544,2.0122792321330963e-19,-0.0,-3.159694881889752,-0.0,5.854463707599675e-07,0.00018635275456554777,11.280830099394032,-66.96215777684323,0.000879194307012673,0.13992627851422507,-394.2565635372661,4280.468425960025,-3.174941028715298e-06,-0.000336861731399608,-10.190563824265004,98.32791981943765,-2.3496083832344464e-06,-0.00018696605214071376,-27.09852868818632,54.53699119644465,-2.0972641090874116e-06,-0.00013350499854233045,1.4477772525194164,22.820077352879338,-1.9816545923001597e-06,-0.00010511758989054277,56.05183729284532,196.65587511602143
129,100,0,1667.0161803075725,0.0,-0.0,-1.6085137795275555,-0.0,0.0,-0.0,0.6789723074034139,-12.002369287915897,0.0,-0.0,-5.909850244398408,-9.704268206490024,0.0,-0.0,4.026097771306402,4.734082286829275,0.0,-0.0,-0.23569563893635018,3.4750318235866637,0.0,-0.0,-3.5476420425137256,-6.385321302489427,0.0,-0.0,-3.609605425397729,6.42464385612758
130,100,1,3213.3595925601553,-1.0820337681405334e-19,-0.0,0.3503937007874074,-0.0,8.363519582287839e-08,2.6621822080792506e-05,-15.367629855792588,-9.24483996197868,0.0001255991867160962,0.019989468359175006,201.16505477005174,500.70895440694585,-4.535630041019938e-07,-4.812310448565843e-05,-0.2517938242351174,11.867356442304175,-3.356583404619674e-07,-2.670943602010198e-05,5.091782136977313,1.621877855568868,-2.99609158441022e-07,-1.9072142648904417e-05,9.405908486534422,9.238431558998037,-2.830935131857334e-07,-1.5016798555791764e-05,17.83031238530396,-0.11174166751898565
131,100,6,6152.584212582379,-7.346553920761778e-19,-0.0,50.76451771653544,-0.0,5.018111749367513e-07,0.00015973093248475585,34.84352628012053,51.50985434349046,0.0007535951202965767,0.11993681015505003,-1771.1580938916002,-3383.243042941781,-2.721378024612088e-06,-0.0002887386269139493,-34.0716452417579,-48.42432225985613,-2.0139500427716715e-06,-0.00016025661612061197,-31.357543409603032,-14.81348696306828,-1.7976549506457678e-06,-0.00011443285589342622,-12.65301907917105,-23.333121928339512,-1.698561079114549e-06,-9.010079133475062e-05,-17.39219051200644,43.9948340016033
132,100,1,4002.1591036603595,-1.0820337681405334e-19,-0.0,30.54601377952756,-0.0,8.363519582287839e-08,2.6621822080792506e-05,-9.70862588480093,-10.963583190115177,0.0001255991867160962,0.019989468359175006,299.04965244903764,462.62457412328416,-4.535630041019938e-07,-4.812310448565843e-05,2.173151680320636,12.926146409132755,-3.356583404619674e-07,-2.670943602010198e-05,5.604598332741942,4.784515958281636,-2.99609158441022e-07,-1.9072142648904417e-05,2.7953992317345686,6.829460920269318,-2.830935131857334e-07,-1.5016798555791764e-05,1.9102348435043495,-12.541449274565723
133,100,1,8303.686065966202,-1.0820337681405334e-19,-0.0,18.80191929133858,-0.0,8.363519582287839e-08,2.6621822080792506e-05,6.348469765681151,-3.0442640242036076,0.0001255991867160962,0.019989468359175006,-435.42586035448596,-333.46123950347027,-4.535630041019938e-07,-4.812310448565843e-05,-5.664329533569424,-10.42197146774968,-3.356583404619674e-07,-2.670943602010198e-05,14.92133622115468,-12.76061231402003,-2.99609158441022e-07,-1.9072142648904417e-05,12.164802241198307,-9.63446694270205,-2.830935131857334e-07,-1.5016798555791764e-05,2.5017562124349335,-2.5424408180858142
134,100,4,7832.577658922818,-4.3281350725621337e-19,-0.0,14.676673228346472,-0.0,3.3454078329151355e-07,0.00010648728832317003,-11.392555550636072,-29.633888733965364,0.0005023967468643848,0.07995787343670002,491.84289897961236,2424.880500802978,-1.8142520164079753e-06,-0.0001924924179426337,-12.277642497327887,59.53334475726831,-1.3426333618478697e-06,-0.00010683774408040792,-3.948826903348325,54.372559003346005,-1.198436633764088e-06,-7.628857059561767e-05,0.6577687480457793,24.943320283444265,-1.1323740527429335e-06,-6.0067194223167056e-05,43.795656939494556,-3.732447279313243
135,100,4,5144.751300610271,-4.3281350725621337e-19,-0.0,37.1126968503937,-0.0,3.3454078329151355e-07,0.00010648728832317003,25.796370663331402,40.97249620037639,0.0005023967468643848,0.07995787343670002,-1138.7784795860052,-2202.7189611995946,-1.8142520164079753e-06,-0.0001924924179426337,-11.299564892135148,-39.27182457771076,-1.3426333618478697e-06,-0.00010683774408040792,-3.68353821568912,-3.574822102408687,-1.198436633764088e-06,-7.628857059561767e-05,2.5498964593409137,-26.786602071221154,-1.1323740527429335e-06,-6.0067194223167056e-05,-22.49342347505697,27.131270599670177
136,100,0,3489.7403939550336,0.0,-0.0,20.056594488188974,-0.0,0.0,-0.0,2.595568228147921,-4.792125143586785,0.0,-0.0,-0.049933707414877064,0.7601359178502071,0.0,-0.0,3.220396186768538,-2.7781539391720442,0.0,-0.0,1.3155097569442424,-10.07403377524726,0.0,-0.0,7.137283714981142,3.434940146416073,0.0,-0.0,1.786193523762181,8.332375141997874
137,100,2,14412.296090912256,-2.1640675362810668e-19,-0.0,20.337598425196845,-0.0,1.6727039164575677e-07,5.324364416158501e-05,4.799255687369132,6.7286624961648025,0.0002511983734321924,0.03997893671835001,-426.34017149265543,-1089.7163935831838,-9.071260082039876e-07,-9.624620897131685e-05,-12.207438862296177,-31.600497458563463,-6.713166809239348e-07,-5.341887204020396e-05,-17.080113968842664,-9.070767941205853,-5.99218316882044e-07,-3.8144285297808835e-05,-1.837558390728938,-15.090045381869777,-5.661870263714668e-07,-3.0033597111583528e-05,-23.247909197699297,-6.681799088829292
138,100,8,5651.691080986468,-8.656270145124267e-19,-0.0,-41.08021653543308,-0.0,6.690815665830271e-07,0.00021297457664634005,-65.28186381799644,-44.59711605938029,0.0010047934937287696,0.15991574687340004,1976.2382055809464,3972.820693833351,-3.6285040328159505e-06,-0.0003849848358852674,22.3340140998926,96.25042259819006,-2.6852667236957393e-06,-0.00021367548816081584,21.150170303545178,71.11194499682111,-2.396873267528176e-06,-0.00015257714119123534,-4.450195910273838,48.839786851972164,-2.264748105485867e-06,-0.00012013438844633411,274.90987989458137,-90.5345380100614
139,100,0,2354.2865785580234,0.0,-0.0,-0.769192913385826,-0.0,0.0,-0.0,7.276458716883781,4.87517191801313,0.0,-0.0,11.060041058998198,0.4453468661202423,0.0,-0.0,-1.1897156070711654,-0.4230166077651097,0.0,-0.0,-1.10274326493016,6.162031873853471,0.0,-0.0,-1.8088580450163678,13.576577811137122,0.0,-0.0,-15.168907366864879,0.39607504055684056
140,100,9,4227.454582104764,-2.8796409701215e-19,-0.0,-72.58587598425197,-0.0,7.527167624053745e-07,0.00023959639872713417,-92.20102897127954,-49.193507424342776,0.001130392680444865,0.17990521523257505,3353.4949216585223,2785.6894685739726,-4.082067036919694e-06,-0.0004331079403709227,50.0354637261812,59.081238532610705,-3.020925064157869e-06,-0.00024038492418091868,43.866142451866885,35.14150102405391,-2.6964824259688698e-06,-0.00017164928384013906,2.9329532153538755,36.20359479918063,-2.5478416186717886e-06,-0.00013515118700212564,-175.00976576727047,-177.89919142984675
141,100,6,6367.373777259,-7.346553920761778e-19,-0.0,74.30290354330711,-0.0,5.018111749367513e-07,0.00015973093248475585,53.56560534166293,27.173714186321,0.0007535951202965767,0.11993681015505003,-2664.786277195277,-2732.970774641583,-2.721378024612088e-06,-0.0002887386269139493,-49.47167397725395,-68.71553392953645,-2.0139500427716715e-06,-0.00016025661612061197,-23.39995628173858,-9.321314884330764,-1.7976549506457678e-06,-0.00011443285589342622,-5.628231825303356,-35.498997722004106,-1.698561079114549e-06,-9.010079133475062e-05,48.49636797697013,39.184673520901335
142,100,8,4296.79584194753,-8.656270145124267e-19,-0.0,-89.02509842519686,-0.0,6.690815665830271e-07,0.00021297457664634005,-99.56684248474006,-28.554751549216306,0.0010047934937287696,0.15991574687340004,3321.514000042326,2916.4668145845767,-3.6285040328159505e-06,-0.0003849848358852674,34.14099839567122,73.09240891044745,-2.6852667236957393e-06,-0.00021367548816081584,32.98190317905382,61.49531448165323,-2.396873267528176e-06,-0.00015257714119123534,13.113532345240401,36.27968801695668,-2.264748105485867e-06,-0.00012013438844633411,-4.494541937538215,-283.6527259263583
143,100,0,2315.2028711098533,0.0,-0.0,5.80216535433071,-0.0,0.0,-0.0,4.984321310722853,-6.298496030181164,0.0,-0.0,-6.824000800159489,0.24918606401797844,0.0,-0.0,4.738434030299766,5.023529216752108,0.0,-0.0,3.9860692087774074,-13.128711664220857,0.0,-0.0,5.232814157990664,-3.815383613810072,0.0,-0.0,5.659113745501446,0.022793316682409567
144,100,6,6809.622282315318,-7.346553920761778e-19,-0.0,10.1658464566929,-0.0,5.018111749367513e-07,0.00015973093248475585,0.945830969163746,-56.30360854912551,0.0007535951202965767,0.11993681015505003,477.681674431662,3796.321826829613,-2.721378024612088e-06,-0.0002887386269139493,22.048353771219336,95.80639312001968,-2.0139500427716715e-06,-0.00016025661612061197,-24.09272603739773,58.65157310440681,-1.7976549506457678e-06,-0.00011443285589342622,1.884745517019731,28.209724056073636,-1.698561079114549e-06,-9.010079133475062e-05,77.94499338855708,11.259783060336318
145,100,3,6824.236611513651,-3.673276960380889e-19,-0.0,21.676181102362207,-0.0,2.5090558746837565e-07,7.986546624237793e-05,21.811959400104843,15.654670276935233,0.0003767975601482883,0.05996840507752502,-1002.9631272969078,-1518.044636299176,-1.360689012306044e-06,-0.00014436931345697464,-14.017835897102378,-45.843521099476725,-1.0069750213858358e-06,-8.012830806030599e-05,-6.502047461399812,5.079114882074958,-8.988274753228839e-07,-5.721642794671311e-05,0.018596827871105687,-16.286302862470198,-8.492805395572745e-07,-4.505039566737531e-05,-15.123602351640924,12.350799617117833
146,100,2,4367.34423373453,-2.1640675362810668e-19,-0.0,4.5418307086614105,-0.0,1.6727039164575677e-07,5.324364416158501e-05,-21.244078154313733,-17.393718061870995,0.0002511983734321924,0.03997893671835001,703.2481622916561,943.2996081922148,-9.071260082039876e-07,-9.624620897131685e-05,8.786734505084505,37.381317135465395,-6.713166809239348e-07,-5.341887204020396e-05,3.3277497076925284,29.343683684495577,-5.99218316882044e-07,-3.8144285297808835e-05,13.091521179801093,9.433528165007107,-5.661870263714668e-07,-3.0033597111583528e-05,2.9457763773028023,-20.506513936700212
147,100,5,5955.183816550473,-3.7990444123892075e-19,-0.0,45.57849409448819,-0.0,4.181759791142955e-07,0.00013310911040396273,24.823574639848903,47.032436480099406,0.0006279959335804808,0.09994734179587504,-1440.8609748734184,-2810.180417855756,-2.2678150205096326e-06,-0.00024061552242829194,-31.262103203166784,-52.44717055605199,-1.6782917023104116e-06,-0.00013354718010050965,-24.82954463551258,-25.725366832942257,-1.498045792204946e-06,-9.536071324452198e-05,-2.0454391582181595,-10.569818029117243,-1.415467565928374e-06,-7.50839927789592e-05,-21.90183594999896,34.03937755084475
148,100,3,5000.766615043431,-3.673276960380889e-19,-0.0,-8.73129921259843,-0.0,2.5090558746837565e-07,7.986546624237793e-05,-17.883669311452227,-31.882038710200288,0.0003767975601482883,0.05996840507752502,773.6347045543387,1638.70246561321,-1.360689012306044e-06,-0.00014436931345697464,23.158025785347622,37.49068591721261,-1.0069750213858358e-06,-8.012830806030599e-05,7.234063405652874,38.28856540031217,-8.988274753228839e-07,-5.721642794671311e-05,0.19232260150220054,23.254492805489427,-8.492805395572745e-07,-4.505039566737531e-05,11.550419470390505,-12.606608110683249
149,100,9,4612.201855979807,-2.8796409701215e-19,-0.0,45.110974409448815,-0.0,7.527167624053745e-07,0.00023959639872713417,81.27391012837701,51.06402767766498,0.001130392680444865,0.17990521523257505,-2991.4728854646787,-3182.7463920470987,-4.082067036919694e-06,-0.0004331079403709227,-57.16527463243886,-74.76271252109227,-3.020925064157869e-06,-0.00024038492418091868,6.9338059348743935,-29.68460730738757,-2.6964824259688698e-06,-0.00017164928384013906,-13.453237673410156,-36.7212893449084,-2.5478416186717886e-06,-0.00013515118700212564,88.24279960769388,229.81215808951512
150,100,4,5812.008810394884,-4.3281350725621337e-19,-0.0,-27.40354330708661,-0.0,3.3454078329151355e-07,0.00010648728832317003,-41.57418440680201,-9.503332470853174,0.0005023967468643848,0.07995787343670002,1932.7551123643811,1531.6708987238849,-1.8142520164079753e-06,-0.0001924924179426337,1.6429425055129396,45.712156773546006,-1.3426333618478697e-06,-0.00010683774408040792,25.556867898054612,56.903517739980614,-1.198436633764088e-06,-7.628857059561767e-05,23.352217045357452,22.872851399159916,-1.1323740527429335e-06,-6.0067194223167056e-05,-12.60356444353802,-17.62074557038022
151,100,5,3997.2456255883085,-3.7990444123892075e-19,-0.0,82.90255905511812,-0.0,4.181759791142955e-07,0.00013310911040396273,78.12759871734698,-2.8735209740791507,0.0006279959335804808,0.09994734179587504,-3038.2533949705203,-696.2303663413492,-2.2678150205096326e-06,-0.00024061552242829194,-24.845905569784573,-15.813544596146965,-1.6782917023104116e-06,-0.00013354718010050965,5.957707973606107,-2.258100938668639,-1.498045792204946e-06,-9.536071324452198e-05,-12.724746355616533,-11.001662917425147,-1.415467565928374e-06,-7.50839927789592e-05,45.531880153826755,-35.72032721448771
152,100,9,3959.867027060083,-2.8796409701215e-19,-0.0,-101.04699803149607,-0.0,7.527167624053745e-07,0.00023959639872713417,-111.29055367679851,1.0715260204329402,0.001130392680444865,0.17990521523257505,4177.469089781488,-1215.2994356038628,-4.082067036919694e-06,-0.0004331079403709227,69.22201305343177,-43.75576611143357,-3.020925064157869e-06,-0.00024038492418091868,27.371429580326193,-58.82109193048669,-2.6964824259688698e-06,-0.00017164928384013906,17.570464366368483,-24.20851113784396,-2.5478416186717886e-06,-0.00013515118700212564,142.2933464276603,207.97965333619098
153,100,2,3706.490983557704,-2.1640675362810668e-19,-0.0,35.44020669291338,-0.0,1.6727039164575677e-07,5.324364416158501e-05,31.76288213475948,-1.3097383106134202,0.0002511983734321924,0.03997893671835001,-1136.9169391083046,209.31255702779146,-9.071260082039876e-07,-9.624620897131685e-05,-16.376660477991,9.741642831190225,-6.713166809239348e-07,-5.341887204020396e-05,-16.343121002305498,2.64437926179175,-5.99218316882044e-07,-3.8144285297808835e-05,-11.594780711381205,1.397348734096617,-5.661870263714668e-07,-3.0033597111583528e-05,-12.769564474846124,-18.896927518529974
154,100,2,3453.620637872939,-2.1640675362810668e-19,-0.0,-33.413385826771666,-0.0,1.6727039164575677e-07,5.324364416158501e-05,-34.07925190430651,-3.350366998663292,0.0002511983734321924,0.03997893671835001,1157.8826315845758,42.333324916092316,-9.071260082039876e-07,-9.624620897131685e-05,20.332513095146393,-0.21173805699216108,-6.713166809239348e-07,-5.341887204020396e-05,16.900813246370216,1.2108428580455508,-5.99218316882044e-07,-3.8144285297808835e-05,4.519825370080442,-5.084998874060408,-5.661870263714668e-07,-3.0033597111583528e-05,-8.050676186760485,19.75316615186966
155,100,0,1604.9543574804566,0.0,-0.0,9.643946850393702,-0.0,0.0,-0.0,-11.261335291095163,3.796731795889335,0.0,-0.0,5.782099978885918,-2.9245746924521483,0.0,-0.0,6.395368214980125,-6.725254028218313,0.0,-0.0,-0.8557332061381199,5.952026690914354,0.0,-0.0,-12.25718348138558,-2.765249925095524,0.0,-0.0,0.16253799713392578,-8.362405749011375
156,100,1,4306.615310404461,-1.0820337681405334e-19,-0.0,19.57234251968504,-0.0,8.363519582287839e-08,2.6621822080792506e-05,-12.5568227760581,5.408620034152,0.0001255991867160962,0.019989468359175006,480.2694505621102,-273.1920672408965,-4.535630041019938e-07,-4.812310448565843e-05,6.774848804656599,-9.677747847012254,-3.356583404619674e-07,-2.670943602010198e-05,8.941344025356042,-12.362698553102637,-2.99609158441022e-07,-1.9072142648904417e-05,2.214876401572582,-1.9308896961206712,-2.830935131857334e-07,-1.5016798555791764e-05,20.739267460719383,15.616099753277853
157,100,2,3304.7585176135076,-2.1640675362810668e-19,-0.0,30.891732283464563,-0.0,1.6727039164575677e-07,5.324364416158501e-05,34.88995891901382,6.346099956018998,0.0002511983734321924,0.03997893671835001,-1130.0147636746117,204.81010439424867,-9.071260082039876e-07,-9.624620897131685e-05,-24.95276635594097,-3.9487318278639667,-6.713166809239348e-07,-5.341887204020396e-05,9.68878950170503,10.604023274669414,-5.99218316882044e-07,-3.8144285297808835e-05,-7.780335674943555,4.844653478083676,-5.661870263714668e-07,-3.0033597111583528e-05,-2.271669396557575,-17.954971058637028
158,100,8,4496.9024078671055,-8.656270145124267e-19,-0.0,-95.58735236220473,-0.0,6.690815665830271e-07,0.00021297457664634005,-97.4427066999331,16.659064869423325,0.0010047934937287696,0.15991574687340004,4195.16102401245,-1383.9016128493865,-3.6285040328159505e-06,-0.0003849848358852674,70.03726398118383,-31.640557237915345,-2.6852667236957393e-06,-0.00021367548816081584,34.04101818628521,-50.960824362444804,-2.396873267528176e-06,-0.00015257714119123534,15.789717079009213,-28.348632302704573,-2.264748105485867e-06,-0.00012013438844633411,-10.839734871728444,286.7693797271903
159,100,8,4850.980544726001,-8.656270145124267e-19,-0.0,64.34498031496064,-0.0,6.690815665830271e-07,0.00021297457664634005,89.98443402275703,-17.404113064806012,0.0010047934937287696,0.15991574687340004,-4200.233889254611,1366.6934008436563,-3.6285040328159505e-06,-0.0003849848358852674,-62.46853396093296,34.30949176578309,-2.6852667236957393e-06,-0.00021367548816081584,-36.31050564151678,0.06552053950948449,-2.396873267528176e-06,-0.00015257714119123534,-13.941670311269947,27.41824281343622,-2.264748105485867e-06,-0.00012013438844633411,-2.9218556936436677,-288.15033570913937
160,100,1,4994.565935389378,-1.0820337681405334e-19,-0.0,13.281496062992126,-0.0,8.363519582287839e-08,2.6621822080792506e-05,-9.528575356992302,-6.589693165645169,0.0001255991867160962,0.019989468359175006,396.0272832857297,-356.4086540723924,-4.535630041019938e-07,-4.812310448565843e-05,6.4644088243852185,5.118700545177144,-3.356583404619674e-07,-2.670943602010198e-05,-4.78157643778648,-6.437739493495268,-2.99609158441022e-07,-1.9072142648904417e-05,10.190651157419646,-13.7289042878185,-2.830935131857334e-07,-1.5016798555791764e-05,21.342238267640177,-12.20319335851363
161,100,3,3055.976311966227,-3.673276960380889e-19,-0.0,27.68454724409449,-0.0,2.5090558746837565e-07,7.986546624237793e-05,56.49596875799814,-18.818913778166927,0.0003767975601482883,0.05996840507752502,-1658.6434065845906,715.6259326130709,-1.360689012306044e-06,-0.00014436931345697464,-28.201730238581067,25.926849522949457,-1.0069750213858358e-06,-8.012830806030599e-05,12.490781572152157,-16.134285538000032,-8.988274753228839e-07,-5.721642794671311e-05,-7.481845628005223,13.287642301008777,-8.492805395572745e-07,-4.505039566737531e-05,-21.499279805280743,-8.788515838439077
162,100,1,5715.232612502271,-1.0820337681405334e-19,-0.0,11.878937007874017,-0.0,8.363519582287839e-08,2.6621822080792506e-05,-10.239950372210561,-0.7174546553256851,0.0001255991867160962,0.019989468359175006,431.8932587662857,-330.8866820506301,-4.535630041019938e-07,-4.812310448565843e-05,2.884147185557272,-3.7893934083288983,-3.356583404619674e-07,-2.670943602010198e-05,-2.7980425415833605,-2.2696526406815063,-2.99609158441022e-07,-1.9072142648904417e-05,-7.072172164215916,-2.1435776978616685,-2.830935131857334e-07,-1.5016798555791764e-05,8.95127330610156,-3.7602556547962234
163,100,5,4039.606426689248,-3.7990444123892075e-19,-0.0,79.13041338582677,-0.0,4.181759791142955e-07,0.00013310911040396273,74.07812944756719,-22.745760971100395,0.0006279959335804808,0.09994734179587504,-2602.6075976132906,1724.5337257646197,-2.2678150205096326e-06,-0.00024061552242829194,-13.902256775904208,29.435359920952468,-1.6782917023104116e-06,-0.00013354718010050965,-2.1649617319229773,-6.818272593774437,-1.498045792204946e-06,-9.536071324452198e-05,-15.894121070641487,8.827337854183906,-1.415467565928374e-06,-7.50839927789592e-05,-57.4290157387333,21.1904841001716
164,100,3,3358.290695044268,-3.673276960380889e-19,-0.0,3.2172736220472453,-0.0,2.5090558746837565e-07,7.986546624237793e-05,-48.14848901481426,25.656639467806308,0.0003767975601482883,0.05996840507752502,1113.8075359404263,-1433.6388795059183,-1.360689012306044e-06,-0.00014436931345697464,14.17356365081659,-30.726483386530678,-1.0069750213858358e-06,-8.012830806030599e-05,-4.349230036717593,-27.97547911785676,-8.988274753228839e-07,-5.721642794671311e-05,4.532159349558565,-15.665430780331754,-8.492805395572745e-07,-4.505039566737531e-05,25.767803027071157,-47.31991858014664
165,100,8,4076.0897579292555,-8.656270145124267e-19,-0.0,45.7782972440945,-0.0,6.690815665830271e-07,0.00021297457664634005,92.1907610258671,-59.05313294369615,0.0010047934937287696,0.15991574687340004,-2567.842459264624,3610.5182562955724,-3.6285040328159505e-06,-0.0003849848358852674,-30.162114009208963,95.62370794958441,-2.6852667236957393e-06,-0.00021367548816081584,-24.45775675869939,37.546271547092225,-2.396873267528176e-06,-0.00015257714119123534,22.3801551423338,27.670556033597048,-2.264748105485867e-06,-0.00012013438844633411,-285.68365877702075,97.37903267536079
166,100,3,4677.847967125125,-3.673276960380889e-19,-0.0,-10.83021653543307,-0.0,2.5090558746837565e-07,7.986546624237793e-05,-31.227732875258706,22.89446687713462,0.0003767975601482883,0.05996840507752502,1151.124044501944,-1380.1695295916688,-1.360689012306044e-06,-0.00014436931345697464,9.726204406391934,-28.829109892660263,-1.0069750213858358e-06,-8.012830806030599e-05,9.005539314878082,-19.322080098541687,-8.988274753228839e-07,-5.721642794671311e-05,-21.826393331316247,4.989113803615265,-8.492805395572745e-07,-4.505039566737531e-05,18.054950989862835,-31.02865670018048
167,100,8,8316.48872367025,-8.656270145124267e-19,-0.0,-9.274606299212612,-0.0,6.690815665830271e-07,0.00021297457664634005,3.6248884752385213,-53.697251035204,0.0010047934937287696,0.15991574687340004,-864.3373667638143,4356.949245094926,-3.6285040328159505e-06,-0.0003849848358852674,-25.10396970783873,84.10950010609315,-2.6852667236957393e-06,-0.00021367548816081584,-37.936006023627456,57.781750512150104,-2.396873267528176e-06,-0.00015257714119123534,-12.175204476420648,29.996341458351456,-2.264748105485867e-06,-0.00012013438844633411,-4.571566329612965,324.06594513821005
168,100,3,4910.932044231706,-3.673276960380889e-19,-0.0,10.213828740157481,-0.0,2.5090558746837565e-07,7.986546624237793e-05,-9.342235977964537,36.037672604982454,0.0003767975601482883,0.05996840507752502,436.04761662392207,-1760.1852229872889,-1.360689012306044e-06,-0.00014436931345697464,-2.4581888088094423,-42.320547785868975,-1.0069750213858358e-06,-8.012830806030599e-05,-23.229013836976403,-26.53864378442959,-8.988274753228839e-07,-5.721642794671311e-05,4.9712899609084555,-22.086066331776237,-8.492805395572745e-07,-4.505039566737531e-05,-32.64961664187982,-47.99773590025358
169,100,1,4630.086571065046,-1.0820337681405334e-19,-0.0,23.76599409448819,-0.0,8.363519582287839e-08,2.6621822080792506e-05,-2.5206201411615736,-12.484750658824035,0.0001255991867160962,0.019989468359175006,-3.3209964464656503,547.676396607803,-4.535630041019938e-07,-4.812310448565843e-05,-1.0501447491622742,13.704917364834099,-3.356583404619674e-07,-2.670943602010198e-05,-19.739612443087832,13.450801061458872,-2.99609158441022e-07,-1.9072142648904417e-05,5.0576429280887005,8.44798103130201,-2.830935131857334e-07,-1.5016798555791764e-05,12.813432684791884,22.60861015317695
170,100,9,7375.010843539178,-2.8796409701215e-19,-0.0,-2.0819389763779617,-0.0,7.527167624053745e-07,0.00023959639872713417,9.778349717391015,59.39406445762048,0.001130392680444865,0.17990521523257505,283.57445426660155,-4373.235310837334,-4.082067036919694e-06,-0.0004331079403709227,21.953059746735082,-104.15160272419271,-3.020925064157869e-06,-0.00024038492418091868,4.86120876980443,-30.2572663663766,-2.6964824259688698e-06,-0.00017164928384013906,22.77855671398567,-37.54545365682547,-2.5478416186717886e-06,-0.00013515118700212564,-213.13952726493665,-158.9134323290522
171,100,7,8750.854579195266,2.0122792321330963e-19,-0.0,6.333415354330715,-0.0,5.854463707599675e-07,0.00018635275456554777,-16.05926840455954,-46.58501801215099,0.000879194307012673,0.13992627851422507,331.2392666094381,4286.914403848181,-3.174941028715298e-06,-0.000336861731399608,-1.9538143005530586,88.50103722182986,-2.3496083832344464e-06,-0.00018696605214071376,-6.528339515938357,54.470252808994516,-2.0972641090874116e-06,-0.00013350499854233045,-1.3341097195139222,38.284100966267246,-1.9816545923001597e-06,-0.00010511758989054277,119.02036241883583,141.16324120760157
172,100,6,6718.5245936319025,-7.346553920761778e-19,-0.0,54.34301181102362,-0.0,5.018111749367513e-07,0.00015973093248475585,41.16966668728658,39.45773718881833,0.0007535951202965767,0.11993681015505003,-2050.47390573182,-3227.953888249628,-2.721378024612088e-06,-0.0002887386269139493,-22.656944929570578,-49.91043791174966,-2.0139500427716715e-06,-0.00016025661612061197,-28.677285542975312,-7.833350444705951,-1.7976549506457678e-06,-0.00011443285589342622,-16.93115378008638,-22.332376785269282,-1.698561079114549e-06,-9.010079133475062e-05,-0.18431042662680874,55.334806952685135
173,100,6,4220.945545588531,-7.346553920761778e-19,-0.0,-48.49335629921259,-0.0,5.018111749367513e-07,0.00015973093248475585,-88.98074233070486,-13.310802940695067,0.0007535951202965767,0.11993681015505003,3746.5451317288343,574.2393420852711,-2.721378024612088e-06,-0.0002887386269139493,50.07316976923253,18.23129830111233,-2.0139500427716715e-06,-0.00016025661612061197,53.38378705681318,0.8606116854371555,-1.7976549506457678e-06,-0.00011443285589342622,4.14765531957643,16.126693126315935,-1.698561079114549e-06,-9.010079133475062e-05,-30.95939765248528,78.05452329980206
174,100,0,1046.348381350895,0.0,-0.0,16.980807086614178,-0.0,0.0,-0.0,12.294149440191758,-14.06095734683602,0.0,-0.0,1.992338557566948,0.24301081509478228,0.0,-0.0,-2.1299132215008623,-4.652743403876306,0.0,-0.0,5.466735335467601,-12.946385560063227,0.0,-0.0,8.684449366695395,4.1402152312311795,0.0,-0.0,-8.124501750015305,1.6982851880856393
175,100,1,3022.833844180178,-1.0820337681405334e-19,-0.0,19.91978346456693,-0.0,8.363519582287839e-08,2.6621822080792506e-05,-18.826378845548547,-3.872171089280612,0.0001255991867160962,0.019989468359175006,511.689149569041,-187.49309673327923,-4.535630041019938e-07,-4.812310448565843e-05,-5.25479865595452,-4.20742124494367,-3.356583404619674e-07,-2.670943602010198e-05,5.555758743309201,-2.7245154188043488,-2.99609158441022e-07,-1.9072142648904417e-05,-1.1828894158982999,1.7701283519190205,-2.830935131857334e-07,-1.5016798555791764e-05,6.768228855637353,14.286546217689509
176,100,1,9024.77610184413,-1.0820337681405334e-19,-0.0,47.10900590551181,-0.0,8.363519582287839e-08,2.6621822080792506e-05,5.3180070637833925,3.2890080040395544,0.0001255991867160962,0.019989468359175006,-522.9211078141802,-8.649291284011309,-4.535630041019938e-07,-4.812310448565843e-05,-12.98781516083889,-4.903235152931271,-3.356583404619674e-07,-2.670943602010198e-05,3.1534050397796376,6.874511005920073,-2.99609158441022e-07,-1.9072142648904417e-05,-4.088316308794348,2.535345144964151,-2.830935131857334e-07,-1.5016798555791764e-05,11.620932210042708,-10.117047275912004
177,100,4,3585.879945035879,-4.3281350725621337e-19,-0.0,-30.128444881889774,-0.0,3.3454078329151355e-07,0.00010648728832317003,-67.03230933062179,13.64034059340541,0.0005023967468643848,0.07995787343670002,2439.7455775703233,-108.96251476542328,-1.8142520164079753e-06,-0.0001924924179426337,23.903579605861733,-12.324704236974313,-1.3426333618478697e-06,-0.00010683774408040792,39.718646271966705,-16.728099663210727,-1.198436633764088e-06,-7.628857059561767e-05,0.09753763723760313,-2.5631147846541156,-1.1323740527429335e-06,-6.0067194223167056e-05,1.979501026980689,35.05903732008336
178,100,1,2411.190066661165,-1.0820337681405334e-19,-0.0,25.0246062992126,-0.0,8.363519582287839e-08,2.6621822080792506e-05,23.44651677011635,-7.816762696405387,0.0001255991867160962,0.019989468359175006,-540.2425693932769,150.02984588134396,-4.535630041019938e-07,-4.812310448565843e-05,-4.048352520380408,6.541936741398751,-3.356583404619674e-07,-2.670943602010198e-05,12.47156929291222,11.716069736154811,-2.99609158441022e-07,-1.9072142648904417e-05,-24.82657137225324,-3.933906366745336,-2.830935131857334e-07,-1.5016798555791764e-05,-0.9862138808354485,-17.83931792244396
179,100,7,3684.959545738151,2.0122792321330963e-19,-0.0,-76.76451771653542,-0.0,5.854463707599675e-07,0.00018635275456554777,-111.80766078226152,31.587889468504976,0.000879194307012673,0.13992627851422507,4112.16171142989,-1151.243038996398,-3.174941028715298e-06,-0.000336861731399608,73.28637410032557,-16.29333673635374,-2.3496083832344464e-06,-0.00018696605214071376,35.60595137509241,-37.58962779068426,-2.0972641090874116e-06,-0.00013350499854233045,18.059852565737515,-19.967866611838144,-1.9816545923001597e-06,-0.00010511758989054277,-13.354390388636315,154.41247488635116
180,100,5,4576.607656381907,-3.7990444123892075e-19,-0.0,71.92864173228347,-0.0,4.181759791142955e-07,0.00013310911040396273,63.66122449556237,-25.094948351448735,0.0006279959335804808,0.09994734179587504,-2599.9649501405024,1730.3176568969327,-2.2678150205096326e-06,-0.00024061552242829194,-34.72706882308577,42.51665349708343,-1.6782917023104116e-06,-0.00013354718010050965,-2.8317660297198266,0.8924864269876661,-1.498045792204946e-06,-9.536071324452198e-05,-3.4367306466044583,6.22734074046445,-1.415467565928374e-06,-7.50839927789592e-05,-66.07993716601382,2.8716647478185595
181,100,6,3986.462570601439,-7.346553920761778e-19,-0.0,-63.8265255905512,-0.0,5.018111749367513e-07,0.00015973093248475585,-89.3640337953693,-33.60092075302501,0.0007535951202965767,0.11993681015505003,3433.0289966169007,1625.5186374297332,-2.721378024612088e-06,-0.0002887386269139493,67.48982026455828,33.89748737155362,-2.0139500427716715e-06,-0.00016025661612061197,52.44966335572694,52.51563254750299,-1.7976549506457678e-06,-0.00011443285589342622,3.515892272750881,8.100955948176207,-1.698561079114549e-06,-9.010079133475062e-05,-64.87369741971693,28.24345552148977
182,100,1,2258.2958954603887,-1.0820337681405334e-19,-0.0,18.66166338582677,-0.0,8.363519582287839e-08,2.6621822080792506e-05,25.55167849094951,2.6649168790985995,0.0001255991867160962,0.019989468359175006,-362.587865488357,-403.47999414620864,-4.535630041019938e-07,-4.812310448565843e-05,7.262788949419149,2.068853550640762,-3.356583404619674e-07,-2.670943602010198e-05,-2.601996959591254,-4.845975871557913,-2.99609158441022e-07,-1.9072142648904417e-05,-1.8356910204335182,-2.1889917988784826,-2.830935131857334e-07,-1.5016798555791764e-05,0.2393212019849102,5.747335867570236
183,100,1,12075.168519366576,-1.0820337681405334e-19,-0.0,2.5145177165354324,-0.0,8.363519582287839e-08,2.6621822080792506e-05,-4.718276428947411,-1.3176054075198629,0.0001255991867160962,0.019989468359175006,413.903785547328,365.81838659242686,-4.535630041019938e-07,-4.812310448565843e-05,10.412665162121389,-1.5996150260659376,-3.356583404619674e-07,-2.670943602010198e-05,-0.3753121401006556,11.820901830769172,-2.99609158441022e-07,-1.9072142648904417e-05,-0.3720114857332474,13.909457457334216,-2.830935131857334e-07,-1.5016798555791764e-05,-3.7473453992553636,-5.886124529120727
184,100,4,6606.798063499835,-4.3281350725621337e-19,-0.0,2.1648622047244044,-0.0,3.3454078329151355e-07,0.00010648728832317003,-7.745291470973163,36.856488537861985,0.0005023967468643848,0.07995787343670002,654.4347307771297,-2388.680965670312,-1.8142520164079753e-06,-0.0001924924179426337,12.496532990917876,-46.07877031744621,-1.3426333618478697e-06,-0.00010683774408040792,-9.546869186248822,-35.66528510857766,-1.198436633764088e-06,-7.628857059561767e-05,1.6782891735414778,-26.652876734281985,-1.1323740527429335e-06,-6.0067194223167056e-05,-7.00983962461783,-46.54305517219704
185,100,2,4497.15311681245,-2.1640675362810668e-19,-0.0,34.38951771653542,-0.0,1.6727039164575677e-07,5.324364416158501e-05,15.680504795281843,-21.03411388218838,0.0002511983734321924,0.03997893671835001,-703.2427202010432,918.494732947398,-9.071260082039876e-07,-9.624620897131685e-05,-18.15939591314997,46.45994452624653,-6.713166809239348e-07,-5.341887204020396e-05,-7.283277350479119,-0.6121806541909396,-5.99218316882044e-07,-3.8144285297808835e-05,0.13003079980381335,-0.15060589740724675,-5.661870263714668e-07,-3.0033597111583528e-05,-21.835516464260493,24.768216152770773
186,100,4,4331.464420412516,-4.3281350725621337e-19,-0.0,-22.92790354330707,-0.0,3.3454078329151355e-07,0.00010648728832317003,-57.14163464154169,-2.0237115584389067,0.0005023967468643848,0.07995787343670002,2385.55736544286,620.0412029716879,-1.8142520164079753e-06,-0.0001924924179426337,39.15984970412653,6.010697014264988,-1.3426333618478697e-06,-0.00010683774408040792,46.561509544720536,24.983052677480202,-1.198436633764088e-06,-7.628857059561767e-05,9.155985980148447,21.432678662196285,-1.1323740527429335e-06,-6.0067194223167056e-05,-35.9842617679353,26.021416814564752
187,100,3,5840.195468290949,-3.673276960380889e-19,-0.0,30.203740157480325,-0.0,2.5090558746837565e-07,7.986546624237793e-05,22.976732172060835,21.150967648748814,0.0003767975601482883,0.05996840507752502,-1151.1389314268856,-1394.8806959668393,-1.360689012306044e-06,-0.00014436931345697464,-17.16050633515982,-21.734737730697244,-1.0069750213858358e-06,-8.012830806030599e-05,1.7193130719585588,8.140484175093578,-8.988274753228839e-07,-5.721642794671311e-05,-3.3793472044719084,-15.040466191188665,-8.492805395572745e-07,-4.505039566737531e-05,-0.13643083297721204,23.25811578415617
188,100,5,5863.509281724987,-3.7990444123892075e-19,-0.0,52.774852362204705,-0.0,4.181759791142955e-07,0.00013310911040396273,29.790456653894093,-44.64048281683274,0.0006279959335804808,0.09994734179587504,-1411.7165498779063,2801.1176685037904,-2.2678150205096326e-06,-0.00024061552242829194,-24.738932915720714,73.05101638379853,-1.6782917023104116e-06,-0.00013354718010050965,-26.195739686696097,12.812951591255205,-1.498045792204946e-06,-9.536071324452198e-05,0.20390645029772214,32.3763617148243,-1.415467565928374e-06,-7.50839927789592e-05,6.0510741652051525,75.86964896404398
189,100,8,3884.241948028228,-8.656270145124267e-19,-0.0,-111.0310039370079,-0.0,6.690815665830271e-07,0.00021297457664634005,-112.93610615515296,-18.758419650129323,0.0010047934937287696,0.15991574687340004,3745.871620460378,2342.76913832395,-3.6285040328159505e-06,-0.0003849848358852674,45.97827330971952,69.51344647116959,-2.6852667236957393e-06,-0.00021367548816081584,47.96841080766646,58.52830937650908,-2.396873267528176e-06,-0.00015257714119123534,15.275635755875102,38.94280235483558,-2.264748105485867e-06,-0.00012013438844633411,-132.3635959619402,-247.2569079135511
190,100,4,11355.396056918227,-4.3281350725621337e-19,-0.0,23.622047244094468,-0.0,3.3454078329151355e-07,0.00010648728832317003,-1.5337601272888441,21.807642221058092,0.0005023967468643848,0.07995787343670002,96.92559903493581,-2469.29234137789,-1.8142520164079753e-06,-0.0001924924179426337,-9.080087377341941,-50.29233444341952,-1.3426333618478697e-06,-0.00010683774408040792,-20.585527997689447,-12.821249777584278,-1.198436633764088e-06,-7.628857059561767e-05,2.8087947181785653,-25.267854184849398,-1.1323740527429335e-06,-6.0067194223167056e-05,-54.86255091537593,-35.94438881272545
191,100,7,3874.9369488917896,2.0122792321330963e-19,-0.0,77.13213582677164,-0.0,5.854463707599675e-07,0.00018635275456554777,104.70401799115119,-35.51912456055726,0.000879194307012673,0.13992627851422507,-3589.617280510352,2318.8573647318754,-3.174941028715298e-06,-0.000336861731399608,-49.53690015396204,56.03510732476729,-2.3496083832344464e-06,-0.00018696605214071376,-12.925832446896116,28.990166507365313,-2.0972641090874116e-06,-0.00013350499854233045,6.144774948000806,37.056393731500485,-1.9816545923001597e-06,-0.00010511758989054277,-111.5938755422587,-105.31835340149262
192,100,7,5157.710268877087,2.0122792321330963e-19,-0.0,-65.25959645669289,-0.0,5.854463707599675e-07,0.00018635275456554777,-79.43956286560133,-24.823160960446465,0.000879194307012673,0.13992627851422507,2996.1743103430363,3058.3608554922885,-3.174941028715298e-06,-0.000336861731399608,33.12378433637101,73.18950809819617,-2.3496083832344464e-06,-0.00018696605214071376,36.483396670732056,61.206468434114676,-2.0972641090874116e-06,-0.00013350499854233045,17.307557193283895,32.83096168495037,-1.9816545923001597e-06,-0.00010511758989054277,42.13549893477069,-148.2544228066537
193,100,8,7213.140012750835,-8.656270145124267e-19,-0.0,26.690452755905504,-0.0,6.690815665830271e-07,0.00021297457664634005,46.23610635751106,41.240108775575365,0.0010047934937287696,0.15991574687340004,-2003.518822649924,-3960.99668476375,-3.6285040328159505e-06,-0.0003849848358852674,-31.421853493725198,-88.95913834602655,-2.6852667236957393e-06,-0.00021367548816081584,-4.064961041867122,-29.56166122426599,-2.396873267528176e-06,-0.00015257714119123534,-7.572931566868853,-50.84664035954038,-2.264748105485867e-06,-0.00012013438844633411,-281.1662233936142,99.05302300289308
194,100,6,4082.3152851264617,-7.346553920761778e-19,-0.0,80.87573818897637,-0.0,5.018111749367513e-07,0.00015973093248475585,80.71548487356287,-46.789183137694856,0.0007535951202965767,0.11993681015505003,-2901.7607949633084,2454.50106120899,-2.721378024612088e-06,-0.0002887386269139493,-59.82875884479357,70.16641085656562,-2.0139500427716715e-06,-0.00016025661612061197,-19.990740437609833,8.186326787858409,-1.7976549506457678e-06,-0.00011443285589342622,-12.398417175317912,29.87901971920445,-1.698561079114549e-06,-9.010079133475062e-05,-75.94450135041347,54.5336234607041
195,100,3,4815.390040328501,-3.673276960380889e-19,-0.0,-30.74458661417323,-0.0,2.5090558746837565e-07,7.986546624237793e-05,-37.549111522430394,-1.890077900028376,0.0003767975601482883,0.05996840507752502,1740.1274887702027,-440.81738749217806,-1.360689012306044e-06,-0.00014436931345697464,35.967707255063125,-2.5728519898987052,-1.0069750213858358e-06,-8.012830806030599e-05,38.049449022566776,-12.175405709475578,-8.988274753228839e-07,-5.721642794671311e-05,-5.997333686259397,-10.102969604287686,-8.492805395572745e-07,-4.505039566737531e-05,12.01719894388639,31.455167166735755
196,100,3,3602.7305140517524,-3.673276960380889e-19,-0.0,46.000246062992126,-0.0,2.5090558746837565e-07,7.986546624237793e-05,50.08986449344366,7.112519130438057,0.0003767975601482883,0.05996840507752502,-1510.040575618059,-997.6917586238752,-1.360689012306044e-06,-0.00014436931345697464,-24.197140927959946,-23.477667615890315,-1.0069750213858358e-06,-8.012830806030599e-05,8.504519477468435,2.5403652586828764,-8.988274753228839e-07,-5.721642794671311e-05,-19.880028651403265,0.7909609428751047,-8.492805395572745e-07,-4.505039566737531e-05,14.871521663876697,15.727586558380464
197,100,4,7781.066893040183,-4.3281350725621337e-19,-0.0,-2.5875984251968602,-0.0,3.3454078329151355e-07,0.00010648728832317003,-1.779767492972277,-31.8690923859662,0.0005023967468643848,0.07995787343670002,488.09141673701487,2422.8211680075597,-1.8142520164079753e-06,-0.0001924924179426337,12.446315412844257,63.94839937863774,-1.3426333618478697e-06,-0.00010683774408040792,-15.310997820733206,49.85401305443907,-1.198436633764088e-06,-7.628857059561767e-05,-4.602075348265261,32.21106111256154,-1.1323740527429335e-06,-6.0067194223167056e-05,33.57238244181304,2.8972712891674366
198,100,8,3881.029704087892,-8.656270145124267e-19,-0.0,-96.25393700787403,-0.0,6.690815665830271e-07,0.00021297457664634005,-104.9462225664275,45.543800412494484,0.0010047934937287696,0.15991574687340004,3964.4240236374512,-1932.1758150459707,-3.6285040328159505e-06,-0.0003849848358852674,65.22287456794318,-38.63528668035393,-2.6852667236957393e-06,-0.00021367548816081584,15.621689952216013,-63.45708227904074,-2.396873267528176e-06,-0.00015257714119123534,1.7111255605523683,-49.21852724661596,-2.264748105485867e-06,-0.00012013438844633411,118.4475664380349,246.7584121298549
199,100,6,9338.947383040479,-7.346553920761778e-19,-0.0,52.30142716535434,-0.0,5.018111749367513e-07,0.00015973093248475585,8.566173549554565,40.168266785250744,0.0007535951202965767,0.11993681015505003,-836.4496548261328,-3735.8783298240523,-2.721378024612088e-06,-0.0002887386269139493,-16.98887095074606,-69.20738800680209,-2.0139500427716715e-06,-0.00016025661612061197,-30.797320164937847,-27.260707995480793,-1.7976549506457678e-06,-0.00011443285589342622,-19.940203639873296,-26.929424676377618,-1.698561079114549e-06,-9.010079133475062e-05,-60.796108545045506,6.598923844207535
