,freq,amp,THD_out,coefA_in_0,coefB_in_0,coefA_out_0,coefB_out_0,coefA_in_1,coefB_in_1,coefA_out_1,coefB_out_1,coefA_in_2,coefB_in_2,coefA_out_2,coefB_out_2,coefA_in_3,coefB_in_3,coefA_out_3,coefB_out_3,coefA_in_4,coefB_in_4,coefA_out_4,coefB_out_4,coefA_in_5,coefB_in_5,coefA_out_5,coefB_out_5,coefA_in_6,coefB_in_6,coefA_out_6,coefB_out_6
0,50,12,260.42359777698147,-0.006015907859114401,-0.0,60.555118110236236,-0.0,0.004966890896592813,0.06367652343641914,-848.63132565811,402.2114584253292,-0.0011614861505850713,0.0661963921724432,-1980.8486677151402,529.8786444312974,-0.0020960754493186463,0.005169243739168256,-316.38819585286,10.572739747348827,0.004766720697594911,-0.0030708712682747403,255.31944551217708,183.99936771910305,-0.005361269826695587,-0.0006003347772656431,-156.2360917018984,-351.1267483662659,0.003779818612241022,0.0033877766308991466,-87.69870882610095,355.66818822906055
1,50,4,331.6148908465667,0.0020053026197047992,-0.0,-31.530019685039374,-0.0,-0.0013417745878340236,0.06127210316319608,-561.3562881519669,831.2757730220214,0.0003445821980817718,-0.0019733089312888516,-69.25173421983763,-28.753203085031597,0.000960302875849274,0.0017168499193837763,12.685147081973625,71.8119057551534,-0.0017510086556378863,-0.0004598653421003608,-146.87447012528312,227.5010685602892,0.002454179359882142,0.04813464514192336,2052.7742932681945,-2536.6193955282924,-0.0008661243344318478,0.0011882399272613831,145.29685466292304,-237.49474819868715
2,50,18,676.1516764910535,-0.009022234600600506,-0.0,512.0460137795276,-0.0,-0.008281198171312053,0.06311297320889114,-66.18247165487438,-517.651709335184,-0.006176469661724422,0.12062373400412188,2409.230663199747,2220.94812237146,-0.004554824895032974,0.007056210844213361,5.869336851605693,-236.3996608702229,-0.0017826125112807604,0.008028061364213322,338.00754875499894,-161.0416034877449,0.001011623291534257,0.007877141585427955,321.07631731449953,416.91276405248965,0.0034478700132954837,0.006767188178076856,-388.71732630334554,254.27587816554802
3,50,0,26.23676329215307,-2.3288662664988637e-19,-0.0,-2.026328740157469,-0.0,0.0001884006432323233,0.059969590011412124,326.98590289721886,773.8347631791542,-5.034924897548938e-07,-8.013226403907447e-05,-24.516944107998608,12.629239009821813,-4.2464446890015984e-07,-4.5054843453655964e-05,20.177166023537833,-24.218276577834136,-4.0257881697660976e-07,-3.2034518016806024e-05,11.72312090744031,-5.16369916244601,-3.931236876372607e-07,-2.5024972828921514e-05,-9.064941310499327,3.2362443022249,-3.881713787912685e-07,-2.059069222343534e-05,-3.084981446884268,-13.571867334960256
4,50,17,267.34288481293504,-0.0085225361337454,-0.0,-264.6412401574803,-0.0,0.008257983249095822,0.06261954177104202,-586.2476785821544,-564.5750442330062,-0.006773409709771979,-0.004911822114027368,185.20184100801066,164.76522686880122,0.005165009367718911,0.043958730749374376,1632.2187452914277,719.6620157943307,-0.002454975626210557,-0.00771013440946501,-143.72094378179574,-325.8570376654428,-1.4969582030392309e-06,0.0075316042750239055,-350.52931313967395,73.9367872558003,0.0022431357320291685,-0.006978287468511347,114.01402503708606,397.92618796527296
5,50,7,1000.346171069107,0.003509279584483402,-0.0,-39.772637795275614,-0.0,0.00010071640601568257,0.06349833935286159,349.99527870299227,325.19958695671,-0.0034431172481693213,-0.00017080420675859482,6.747749198183789,51.971616228969246,0.000255090784997935,-0.0032448623713259525,-0.7618834160204737,72.22449056131639,0.003256480264402529,0.0006799791923500668,28.678148652626565,220.4955788385134,0.0009686563907785026,0.08983299165825849,125.63940264328045,-4663.274324504349,-0.0029661688349058987,-0.0009458775968708049,15.326182845280767,-283.83837107621275
6,50,2,95.32356027852033,0.0010026513098524003,-0.0,50.43897637795276,-0.0,-0.0005684986456470615,0.06065326676660211,-811.829469796546,-230.98840398056785,0.0003032111348105751,0.023732990280791753,-446.1877611014452,-580.4241093011813,0.000510088240700062,0.0007118947971371487,-37.25231820287582,-50.1779209117183,-0.0008925423265061427,-0.00034255374046526533,68.78802622414044,53.00202218945642,0.0008227199326705215,-0.00040502802518905314,-52.116312669925655,-29.64213480885909,-0.00037425425136549593,0.000729329486082908,51.096042721155655,23.82078725704815
7,50,13,4100.900633886418,-0.00651720339317307,-0.0,-66.47342519685043,-0.0,-0.005733117899860515,0.06272168202283956,-81.0264893660245,-85.73724942934585,-0.004263153166982341,0.0049256844192922845,45.04517596457222,174.67736666010597,-0.001893697047570762,0.0063747369630129695,-67.29131614032522,-26.584368964043627,0.0006981286244360952,0.007069016125464621,221.40744165690853,260.11801708038587,0.00676450795607472,0.24663435786595161,-1039.9724234647176,-4576.287145294615,0.004508791822252952,0.0018613916935090202,74.5969870567715,-395.7316633298407
8,50,14,187.09874616361284,-0.007018559168966802,-0.0,-87.54183070866142,-0.0,0.006311570606581262,0.06334061724590151,-230.74374859412188,819.4828940217031,-0.003694949141287134,-0.00589126540711338,-208.03726438204328,-62.458817799435785,0.00042318179260550793,0.006703818159412947,278.8001213010163,51.64105291161673,0.002783389098546356,-0.0059134910486659635,-286.69358522545906,89.29942240697531,-0.005080614245460875,0.0037427653080567445,355.70193668586563,-127.76422035841975,0.006197670370069879,0.013219408217627774,-782.4254348541016,-664.6422024574695
9,50,8,2083.259172811433,0.0040106052394096,-0.0,-241.7062007874016,-0.0,-0.0037238519604591526,0.06081294471632731,-113.07697177546221,-209.9775949621076,0.0036258556974378565,-0.0015171508760667902,32.62480834375566,-0.012077904832990044,-0.0031719241904424717,0.0023474283756756992,-179.04729325268258,-188.98929614612493,0.002596875029666234,-0.0022343728529410026,-431.40263473223314,-39.95359547573101,-0.00019039496990812355,0.11333197964935851,4777.557055791281,262.55631860550295,0.0012064131533053085,-0.0038195433637214274,371.16697803932607,-23.74851524506918
10,50,8,295.3013120326664,-0.0040106052394096,-0.0,75.40846456692913,-0.0,-0.001304719621290695,0.06368422943889689,350.5204760880213,891.0372522605711,0.0028376612623321014,0.0026780164351825663,95.08686056025786,-41.7517615387884,0.0035170132019052983,-0.0015750470804962939,-129.07935852961558,154.31303956880595,-0.00014018355969509,-0.0036844608936709615,125.33109628248931,-45.740605605770206,-0.0033744714695957815,-0.0010585737386193186,-190.7447254265768,266.39885383913145,-0.001643861298484976,0.03610426288649033,428.0837781604666,-2674.6014547738464
11,50,2,35.61709194795916,-0.0010026513098524003,-0.0,32.07406496062992,-0.0,-7.802308087615826e-05,0.06093158678047085,-734.9707763834579,-441.76714108425796,0.0008441570129410981,0.0004265887264736358,-20.03064924960483,-0.7307753012817475,0.0006976799935648836,-0.0007089221831892308,-18.586412264061458,3.7780840859873175,-0.000439980919974,-0.0008559836869764721,-64.46073438452895,14.154195636128156,-0.0008760655248322358,0.00017071099916903204,-47.92056717140114,25.397276037612485,-4.332189774830615e-05,0.000832829172220254,-24.14042106375326,59.428685077659054
12,50,14,2293.8553950242053,0.007018559168966803,-0.0,-387.2664862204724,-0.0,0.004743376781354889,0.06536928171312463,198.37254718281736,-30.833974856659076,-0.001034283558014877,0.007058304441971712,-82.39109050407403,-321.0994978881907,-0.004450761740594009,0.13785727597000896,2867.8052338170323,3432.1593028733596,-0.006248278471703612,-0.002436245318936196,225.63995382470077,278.9457779496398,-0.0024988350128414723,-0.006041925495679421,384.10454970982397,-307.065773154623,0.002610833756524089,-0.005579850393133828,-119.10842948879532,135.79316948250482
13,50,14,246.61914801979972,0.007018559168966802,-0.0,36.941190944881896,-0.0,-0.006483613012501942,0.06206454542244191,-871.5232127250335,338.0511117812253,0.005678036333899433,-0.003942987293140191,205.70298331828016,51.580501675861186,-0.004165818043320737,0.0053816635280347835,-240.29923405179875,-17.69400904615088,0.0027866678231517014,0.030238101531398883,-871.0632620554818,1493.842997654804,-0.00039733137883382386,0.0060810574460217455,-188.14814272210648,454.2507404443601,-0.0014166563923341386,-0.005919972817987164,-86.9008779283825,-420.90651963138754
14,50,4,560.0468924948832,-0.0020053026197047997,-0.0,-13.571604330708645,-0.0,0.00041383480467583613,0.06199331067830623,436.6008754391598,-584.3736337023375,0.0019199359697474748,-0.00042185085923454103,-27.814505606638946,-13.117854210306975,-0.0006392560917182757,-0.0016050515625982648,-196.79265806728793,22.316305879911365,-0.0007357970935237921,0.07593884864805193,3865.254121154297,1220.5405853511377,0.0009559084884095652,0.00115446824260648,58.98126507883545,70.60331600861181,0.0013265918947166799,-0.0012742337842593754,-6.56102134526569,101.64936767887507
15,50,14,41.98623274984101,0.007018559168966801,-0.0,8.01599409448819,-0.0,0.00453382923252407,0.23373663288049853,1112.034448573906,2623.9999647189693,-0.0027799424536591667,0.00600606099384624,234.38239841525566,77.32746078954932,-0.0066553767208327955,0.0009255429677286058,-334.2706903803998,-814.3509304481054,-0.0044162618352024475,-0.004942943386788514,174.32585089698966,-233.02992830360924,0.0015605205905336351,-0.0061787395562611135,-75.41448051423795,142.16735843225635,0.005663587718312407,-0.0019979668867933734,-2.2739109001419466,-118.62683908276738
16,50,19,155.99253516324112,-0.009525187443597802,-0.0,-0.36835629921257534,-0.0,-0.005810247541805278,0.06731418458146911,-574.24365761976,-785.1754682852742,0.001868275457638314,0.009088826099262245,65.64593237880689,-216.9109991096548,0.008101173975738283,0.004211987676504096,202.00960285239464,-222.91821800838974,0.0081637163765931,-0.003504225989351074,328.1980650214973,-203.0537799509875,0.002377776615667224,-0.008210738906839907,433.64258072928106,-125.57837511854815,-0.0046053310158534425,-0.006705815660870986,457.96956418791495,-8.15086628967884
17,50,1,109.39976565193442,0.0005013256549262002,-0.0,-13.975885826771668,-0.0,0.00010724451211301037,0.060467376055381564,847.8978741045655,11.530201678632361,-0.00046687112945675467,-0.00022602389650452532,18.266292550591125,-8.495424966952221,0.00022653063055478215,-0.0004460921970199545,-19.176558316102785,9.729425606776086,0.0003710526497239303,0.00030845384508443823,-25.00956583981112,-54.457532165997165,-0.00012649349671079848,0.013073581207736119,100.02057891016325,881.5947186731107,-0.0002396363118169817,-0.0004456560053135035,9.956474181737818,92.33051781252996
18,50,13,75.75283523375882,0.006517233514040602,-0.0,-13.250738188976369,-0.0,-0.003584620877118801,0.1196936065605409,-1556.0977002882935,860.8387577495778,-0.0016709929870786684,-0.00633388477822709,155.59664971703364,-142.52457331816345,0.005791897607511101,0.002292070713849669,39.232771661253935,276.0918420161639,-0.005244942552157034,0.0029958992927389765,-345.1226292130119,-6.410037682439385,0.0007302341686307617,-0.005834140066485789,115.49245863394768,-375.4597548847821,0.003951301622247936,0.003863361417071943,321.8763837865364,257.21037427639766
19,50,10,132.89356624064186,0.005013256549262001,-0.0,33.41313976377953,-0.0,0.0010001669616354573,0.06490616406459687,447.36185492905463,-841.1292498770836,-0.004664704051082497,0.0015388076404915295,-92.62072056972163,64.11141426885263,-0.0021170038941022424,0.01169615579884038,-383.55126987639335,-383.64716061322275,0.003706342057156055,-0.0029257364599125165,-224.99111325581447,-178.50363386345,0.003269586253910165,0.003016072969511269,68.19620533831517,301.96476235204665,-0.0023800396147283364,0.0035067608996884134,96.91319210526876,-331.6237977772896
20,50,5,514.2914422450766,0.002506628274629452,-0.0,-17.47121062992128,-0.0,0.0021507281836695836,0.061552489001948145,63.45663929956294,810.9364382874156,0.0005825170117680657,0.0024149906185165076,78.26728500657465,103.56503598329166,-0.0009959316440567119,0.002409891398587085,277.12346904075093,91.64839670267766,-0.001106846778107738,0.07799431082391553,-2954.837095129086,-2858.034976711994,-0.002209264376440821,-0.0007891021835233263,-63.582165986716454,-255.82623385540674,-0.001406510367472695,-0.0018171087374398162,-179.05444602288017,-226.7956821856306
21,50,8,257.6606400466868,0.0040106052394096,-0.0,-39.140009842519696,-0.0,-0.0007555589705153407,0.06395776965804377,-666.2000577715304,-767.2225876377515,-0.0029873029511617868,0.07966616095969321,1309.2671695014606,-2083.361753032988,0.0025278487757930484,-0.003147871201707783,-59.56969459599264,-185.9893673255262,0.0021557493282725404,0.0029084242180559324,159.68641286199804,129.3878953883983,-0.0033387018039454314,0.0012184066091674877,-243.96024605079745,-170.93022975945635,-0.0004725099291285145,-0.0034672529521263674,273.4438637957888,27.14694919840529
22,50,14,822.5528962633833,-0.007018559168852585,-0.0,374.6818405511811,-0.0,-0.005463926508351856,0.06428170198619858,377.1357156847264,-328.77340216738344,-0.0011640537304012767,0.16039628354299715,-3134.5163517686874,-2436.317379531878,0.002079953556166658,0.005997891600962846,149.38179496490017,-561.1198205606497,0.0052856545403540695,0.0036047259265498013,-162.87429775218368,-167.60055101340072,0.006278272861342077,-0.00017188047121939352,-7.3821296795527305,349.36977966270246,0.004836562255879404,-0.0036520539642407998,15.026341524480355,-278.5886203442599
23,50,15,1233.0538403573037,-0.007519884823893,-0.0,144.9591535433071,-0.0,0.0032050803253991945,0.06691588631048322,322.00961102915005,233.95486786317966,0.004989978710296043,-0.005292897968787202,205.70677693948744,-118.4064263907804,-0.0068377279235250455,-0.0017592995755958368,1.4510011409957058,9.217154021541962,0.0028379299472391247,0.18383775605368213,-4229.000974944494,-2149.7998711868763,0.005884399644076596,-0.004057202704785958,84.56779952983813,13.114502247643472,-0.0050968967289507176,-0.004342494836387953,28.724639994545797,-212.60898532057868
24,50,3,109.51292765500773,0.0011401301023581838,-0.0,11.298474409448824,-0.0,0.0013200362387031186,0.060120908244427514,692.1709290974583,-497.14229549059786,0.0012750815205757422,0.027133301166821475,-574.3870231328858,607.1926483750004,0.0010635613813214956,0.000223839247659106,-35.41303768104926,-37.30743406350662,0.001007918294344293,0.0003632460072130419,21.71338188367207,46.48233665728615,0.0009397790107336459,0.0004670535554305968,-64.69321827132548,-50.434794039394035,0.0008616346777211446,0.0005507021485333178,82.44618479169564,28.497719146819517
25,50,5,139.77946727559967,0.0025066282746310006,-0.0,19.34990157480315,-0.0,0.0003920468080216247,0.06246797666652507,-336.26389328967787,870.6005991832991,-0.0024300326517175817,0.00034831174538668187,-102.64404155397034,86.78374646131866,-0.0005840268422317214,-0.00230977940420252,-144.8353571325734,57.49732141990022,0.002474522377409533,0.020205945867107996,718.4612098976073,-888.5128677179051,0.0008890181541151328,0.0019399384807826333,-72.28135101218429,-126.458456748842,-0.0018861333381686286,0.0009344267911068718,1.8447816390402905,-198.80444066785523
26,50,9,40.967523557582915,-0.0045119308943358,-0.0,-44.46087598425198,-0.0,0.004903438490662733,0.13775308968336478,-481.3212776449956,-2014.7803702773306,-0.004355124479139772,-0.001014067364883434,6.766119574723459,129.53420110495398,0.00416203261532312,0.001106289180562833,120.60100438342849,75.81981271467328,-0.003908246867596847,-0.001620378438230735,112.96229873842844,-200.032335773928,0.0035967776820608785,0.0017758012793445276,-178.48319071781722,-148.55934469370322,-0.0032475375773820293,-0.00210753858029876,-226.31137911325925,128.74877507891833
27,50,4,29.563152254721807,0.0020053026197048005,-0.0,-15.29970472440946,-0.0,-0.0012752364175419215,0.11628442557567595,863.8625034172561,1547.065920808711,0.0006779772399616139,-0.002003152528973481,-61.081297407393535,54.73093183732347,0.0004900585030057321,0.0017766432759936859,-83.91401062467584,-79.11018539065213,-0.0014248240004721018,-0.0012700442399073894,-54.637777502325406,-94.41258751260456,0.0017858445725322568,0.00012083541580202564,-0.43836770467461883,-120.41036978436749,-0.0014878878184973467,0.0008025360441642601,117.40153714311883,-68.4901447869471
28,50,6,122.08007881141886,-0.002506195399529721,-0.0,44.96284448818897,-0.0,-0.0022921674414088837,0.0602789600474832,-628.5494112623082,-586.5197843914907,-0.002405339962890988,0.0005295894984752274,64.58489024363155,-1.2383829339569792,-0.00228278493672027,0.0008489724975344791,116.45469450089738,81.9201201801828,-0.0021187616192822646,0.0011337461079180184,4.702722399211536,121.38265399497364,-0.0017707273013922741,0.010903976895171266,-202.62443596984693,747.0531722414576,-0.0016986202544865133,0.001433966372169127,-168.1162520827848,-16.767010042946563
29,50,6,200.9374122566391,-0.0030079539295572,-0.0,17.04281496062991,-0.0,0.003157235393959305,0.060440246680525646,911.6195345352385,243.73281524508872,-0.0024914695980916084,0.05671875292588192,-908.8974474588216,-1510.5553257287143,0.0026648778159283405,0.0009307236672873578,85.26803045644377,13.285633410211107,-0.002421757102506711,-0.001519920103978273,82.4521672915576,102.58234783131769,0.002125719264423311,0.0015698983879629722,-34.44258938696928,131.71076768422782,-0.0018024448526438618,-0.0018878589318709288,-118.88516975003391,167.6791477706288
30,50,13,59.596297943535454,-0.0065172335137809526,-0.0,400.9035433070866,-0.0,-0.004528650247863753,0.24822352394425604,-2353.9058811529317,1186.4577204820303,-0.0021329215033343463,0.005710801139366083,67.46262633556977,-274.2088673684874,0.0017074570659397976,0.0058404139257192825,-675.2542143800258,631.7033988461501,0.004723767797788209,0.003679607659431685,-243.94556891195631,-63.37512037768606,0.005819220639616037,0.0002641966868485248,-684.0969676099525,170.28080422819937,0.004725048864810192,-0.003000889620629355,-172.05905921704706,264.2407576567894
31,50,14,149.6331215879553,0.007018559168966801,-0.0,0.4972933070866152,-0.0,-0.001845201943614645,0.066654573957293,788.0799622676475,-516.8634958209401,-0.005727440175675109,-0.003919774861751699,-24.409640569872177,-203.86813364684542,0.005222473169407564,-0.004310821482170082,-253.14506324462428,42.224636147911035,0.0024822591833937803,0.006015306780074211,44.575533326411716,346.9269906187439,-0.00625349091873146,0.0005660667998885216,403.5207412142709,-35.82028044491752,0.0011941758663283233,-0.005881587747698102,-56.50860800753608,-428.20726188610473
32,50,4,116.6205165287943,-0.0020053026197048005,-0.0,18.50615157480315,-0.0,0.0019195583946898472,0.061003575109785345,-476.17464542538625,722.5690188986249,-0.0008067505848585813,0.027802358326010627,-53.15760201725853,868.4853275366529,1.1009989956078527e-05,0.0018104126537487168,43.99891939488061,95.07340724307103,0.000919391524564084,-0.0016968491059545414,-57.5401836043105,-41.00115616340607,-0.0015454929482231847,0.0008602555062523329,96.07883206922409,89.22683850487697,0.0017080561827627048,-6.429089448051611e-05,-105.7505637474313,-55.55339480780384
33,50,4,152.1393104439682,-0.0020053026197048005,-0.0,15.513779527559052,-0.0,-0.00042850952928385913,0.06187349990732362,352.4460363715484,-838.7034141370045,0.0015933253827120776,0.001089184480313652,73.87936233441407,-1.7018375923601845,0.0015585214957471432,-0.0011573270666623246,85.85526720121094,75.19724344594687,-0.0005771115073897947,-0.0017719900406869098,14.566951357016661,106.36103646257443,-0.0017936618381139203,5.741005126596305e-05,-47.190766139225424,56.6680581535253,-0.00024216174040686826,0.016793557466482287,-1138.424627597028,-606.7871500414584
34,50,4,400.6523923730286,-0.0020053026181055186,-0.0,69.02509842519687,-0.0,-0.0014904046398209216,0.06107220046088969,14.248441942562442,912.2688046211521,-0.0008164999710634309,0.0017637418870988571,131.99895372154302,56.765389172645314,0.00027799002670222294,0.00196186439905024,140.6034312179796,-45.53493751930045,0.0012289144085815716,0.0016138267859558168,69.20889648363614,-96.56757405313628,0.0025643713726286005,0.054040008108205875,-3448.738363885266,1073.5403751239842,0.0016321826956286114,-0.0008016237126024857,-9.17893281850037,-16.44634549031549
35,50,5,1039.9327540842064,-0.0023949934430178652,-0.0,185.9126476377953,-0.0,-0.0021623261816064022,0.06040168324543147,-178.8494146392934,-394.8151907479199,-0.002221329312296923,0.0007667840462902463,76.63856977458259,119.59552680656707,-0.002014115844099956,0.0011869078885073517,28.877851432789985,112.92722072507051,-0.0017426905737126636,0.0015584819701195802,20.951158490826632,47.97648265311022,-0.001422146341633872,0.001982057658504969,132.46557771093399,71.57772235505135,0.00014131439278619018,0.06672878296702789,-3223.3991063391977,-3071.469148547187
36,50,17,167.52339246988757,-0.0085225361337454,-0.0,-109.67593503937007,-0.0,0.006657591678638886,0.0654732873347138,862.8370554940166,193.41789481052598,-0.0012981223320614312,0.0018535003260897504,78.91819676221546,-152.96046173306274,-0.004213191837405347,0.006952338998386995,-165.81254937319693,272.2365232199789,0.007517428367278771,-0.0025932849450823704,-351.78676413200924,-139.6941958868472,-0.00709185425850257,-0.002842399354088233,72.23649850928574,-425.05381038800164,0.003418304321097475,0.006380045995845829,440.01655375757497,-48.26727098009185
37,50,12,914.9402866148388,-0.006015907859114402,-0.0,-218.79847440944883,-0.0,-0.0025973478663914493,0.06532140189255221,-529.6294003626856,124.92241360721819,0.003352760121711932,0.0049010437213741894,-175.19791290361928,150.01660857067816,0.005740734578315409,-0.0005089608560965255,-76.1997522601962,190.71198876873856,0.0020033320500809112,-0.004736468113922996,-142.44536844162144,297.1028111711634,-0.001676834557989395,0.1158568305885304,2508.6480484516724,-4056.4161621834637,-0.004994344714902928,0.0005338736724837076,171.97468970204855,-128.25571285973885
38,50,0,26.695987297446212,-2.3288662664988637e-19,-0.0,10.765994094488192,-0.0,0.0001884006432323233,0.059969590011412124,562.9098770407915,-616.9195714542973,-5.034924897548938e-07,-8.013226403907447e-05,1.3817146698915204,-19.774241427485787,-4.2464446890015984e-07,-4.5054843453655964e-05,21.157563303616236,-35.59191770068901,-4.0257881697660976e-07,-3.2034518016806024e-05,-1.885816684161036,5.339386126939056,-3.931236876372607e-07,-2.5024972828921514e-05,1.610422764382269,7.434367831819764,-3.881713787912685e-07,-2.059069222343534e-05,-14.349267682623651,2.865074267356079
39,50,13,46.31944386641436,0.006400918368779242,-0.0,188.54158464566927,-0.0,0.0067399525789623264,0.15738098932875155,710.7384643508274,2159.5756204105164,0.005805704309125236,0.0022315703585625746,-90.90833555901987,-143.40710283049245,0.005106690044730832,0.00334996240368439,-197.32541753426247,-180.3526761841783,0.0042039529075499115,0.004198938569811038,-135.16373490273523,286.6816965868313,0.0031642755838993137,0.004779886514591062,128.92136504968136,209.30631716891716,0.002061252046155813,0.005082806940337501,314.1670796325641,-69.2587915971107
40,50,4,161.33306207430118,-0.0020053026197048005,-0.0,-21.115157480314956,-0.0,-0.0010250972380114942,0.06161329329344947,-559.8263599377691,-739.3950286586389,0.0007896705079543444,0.04579849263504208,856.48751936441,-1111.5276385967,0.0017809494179825984,0.0005808052389382509,77.60910173236498,-80.33208188548848,0.00161245085794681,-0.0010314368840767453,82.55056045799391,-78.20695378671424,0.00022386620843276126,-0.001847396723081911,94.75291259857329,-95.40055491803422,-0.0012170242169790093,-0.001254455230344241,127.62970585701134,-34.20002837510533
41,50,4,137.4037758995773,-0.0020053026197048,-0.0,5.999261811023632,-0.0,0.0012581941643397174,0.06167439531400895,859.1132246190422,319.4130899186337,0.0008386635092904709,-0.001801356761266968,42.73413391113001,37.291197090126545,-0.0016708130808787123,0.02578210506577813,-342.1184073564605,1103.9558247006662,0.0011890383929589936,0.0013190117448988801,3.8138598884826926,-60.57140852999479,0.0005534019934749927,-0.0017798533416462997,102.30779312565545,-8.511539782768718,-0.0016563395694182198,0.000370234629165731,-34.92608705394258,148.06386663616314
42,50,17,2122.896165125127,0.008522536133745403,-0.0,23.97416338582678,-0.0,-0.003615763882622709,0.06763746026588825,221.62573309696933,77.9905007093438,-0.005005291681727293,-0.006607879609177922,87.47807595782714,42.750932656951285,0.008064842562552814,-0.0011524392551772807,67.70601700839447,86.37329498177849,-0.0022555031990705997,0.008162541428519677,91.56377723786417,39.71114443151394,-0.005539304653848567,-0.00391835663326528,249.3984025657415,236.52673149093707,0.01142937926038299,0.24209571209285863,-2560.177147978956,-4073.901219385542
43,50,12,502.73762693708517,-0.006015907859114402,-0.0,158.25812007874018,-0.0,0.004233738838514365,0.06457841647736769,326.747731672568,-740.0030102085872,0.0014230092251953743,0.1379569129502932,-2083.48123923254,3199.9715281046274,-0.004593100238608379,0.0031224072803624488,-142.52068575084425,196.83998900755813,0.00551393710520211,0.0007563548430581577,307.86454211504326,34.60990875102771,-0.0028872762685805665,-0.0047079451563159045,306.9330920713117,-45.25812339004477,-0.0013397594919799525,0.004820795003944389,330.61227715427714,410.73108097896403
44,50,8,101.65127242935591,0.004010605239409525,-0.0,1.083661417322848,-0.0,0.0032164126293210667,0.06257225279465137,-372.46231694319084,818.1238606757195,0.0005913830505996534,0.0038151406181456612,-1.647693834164431,79.51960757623749,-0.0020447258576451687,0.003221434317158433,43.19490218425272,168.13788469232475,-0.0035672967042050256,0.0010775635691173298,94.77290860195225,155.58803065220368,-0.003294331410546216,-0.0014504393547308764,156.72455102806444,164.0078181767308,-0.0014944483475002842,-0.0030947547262855277,199.09623585532395,140.93012780591164
45,50,5,72.07226762628406,0.002506628274631,-0.0,0.3390748031496114,-0.0,0.0012792318760213482,0.06221407399985298,-84.40754505265222,-866.6381593233043,-0.00152197693389476,0.0018560955479654294,9.088379633313904,46.46383842899554,-0.002354086628546132,-0.0005556548138647481,-104.18212249553491,-69.8444895350975,-0.0005525534622754624,-0.002300489464873596,107.79717779171257,50.38309711184833,0.001728025753130297,-0.0014548974205096546,-156.56630147821468,-18.848726208083132,0.001943823737958252,0.0008646182454777806,166.3211069431194,-35.84942728698149
46,50,5,181.26077705562616,-0.0025066270790290684,-0.0,-5.291830708661426,-0.0,-0.00204198841813004,0.061155093965104795,448.4974737405589,821.0167773535852,-0.0011588396854101237,0.051867389772843484,1158.603475647584,-1086.7522848109707,-0.0004230845842054176,0.0022058716977079755,-85.72097980486049,-110.98414990408642,0.0006641899310441226,0.0021390393081073423,23.304418070795357,119.86847981446319,0.001534438281572995,0.0015625205622314705,118.78651605138124,-84.63679064494261,0.002004273450255928,0.0006781101157269304,-160.52215890981446,-2.279232683603009
47,50,7,1232.2178693660517,-0.0035092795844834015,-0.0,-109.55585629921264,-0.0,0.0034830961443848363,0.06117781789321453,-380.5068851809132,-130.72163644541604,-0.00268358945242281,-0.0021402433736757106,-41.34229816080214,-85.78102942696394,0.0017722707340700702,0.0030285984360594164,-138.3455578306617,-85.63808665279463,-0.0006872899017525237,-0.0027432285109632135,-177.65852249639818,-125.50638204293963,0.0013203097690847841,0.11221809974015344,2894.019802686371,3835.609239109153,0.0013293233879146111,-0.00329268315736901,76.82599107894882,141.40015166369017
48,50,17,84.49153667517989,0.0085225361337454,-0.0,-28.701771653543318,-0.0,-0.001105323616437607,0.1125101544335441,1641.1852098401125,442.17417584114605,-0.007896032273591667,-0.002925683943669417,258.55638499904967,-46.01154534445628,0.003989155418154341,-0.007229035917588891,121.90255685188457,-242.6012048932343,0.006178681824937234,0.004926938188872627,-138.57093385229064,-347.2658433813109,-0.0057217016582121975,0.0050002966228080885,-396.52482732730243,-149.11017969751353,-0.0038151448892377892,-0.006216738574046341,-394.37269900519465,228.78397436656434
49,50,6,185.00693476235756,0.0030079539295572006,-0.0,38.796505905511815,-0.0,-0.0024174460669549253,0.061453613327204566,-844.9192735764544,277.2380043306211,0.0015197813738264485,-0.002594713879160742,125.74307327981465,-11.689331708206373,-7.269321874123315e-05,0.00288228857628929,-105.37524777325308,12.35630316519523,-0.0013180035147984442,-0.0024136389604658267,160.43659833872766,-160.11491116225707,0.0025926630097630175,0.0218037757240872,-1151.826910952827,943.9454968960772,-0.0025627567333490154,-0.000261262881226484,-157.63001983789817,-125.03041671872334
50,50,10,43.64480720294776,0.005013225043163396,-0.0,1.2726377952755874,-0.0,0.0053404015473199175,0.24385952828567123,1873.4628072104813,-2298.4351315985955,0.003369319317813884,0.003266957991073946,46.65345624346078,-5.780585458936025,0.0016298952420765913,0.004350333625628441,-604.7051885910992,-836.949122454717,-0.0002948473039542672,0.0045309549427008594,48.06208178551614,19.682551254890065,-0.002038403943139347,0.0038964894700621376,-237.52736474400885,-437.7321479711566,-0.0032936111251998844,0.002640346412662753,29.496619939739283,67.91224129011457
51,50,12,141.90263442405072,-0.006015907859114401,-0.0,2.687253937007864,-0.0,-0.001373823889947863,0.06575788980079462,-443.2755470098249,825.4116138869191,0.005135408056910045,0.007693741808288873,178.2216962890222,214.58267067358247,0.004112273047659252,-0.004118049919339647,-22.95008104954567,-232.21147838316526,-0.0027613557699935195,-0.004914298650545585,-261.1925460537377,208.107064151743,-0.0052150175951809884,0.001309267250546762,331.3009147733848,140.83513110423357,-6.48821350054812e-05,0.005102395273746207,-52.27946897384364,-371.18300401521475
52,50,3,349.0729064272198,0.0015039769647785996,-0.0,-51.56028543307086,-0.0,0.0011926914045469687,0.06110093471232585,-91.0830286039853,-948.0136908754433,-0.00014848978880503366,0.0014372607879687086,-36.69699492240789,34.00084805037282,-0.0011632533178791893,0.0009048168262587537,-160.91379521485248,13.510905346332049,-0.0013702263602491925,-9.149132279079913e-05,-114.94043464232752,17.472910521629995,9.627725293134767e-05,0.04858337479986247,2835.4963543732456,-1659.5760787161435,0.00037519612530023737,-0.0015175839590784973,110.56201381510985,-211.86206961644476
53,50,11,445.9107963777018,-0.005514582204188202,-0.0,-206.1850393700787,-0.0,-0.0032842679727133287,0.06429587848575645,551.3970224912194,759.2212917524162,0.0010829101293897045,0.0054651853183463285,69.45479137093425,-154.08185652290274,0.005622533147177325,0.10136415858196769,-2323.9159695100243,-3352.5474003914724,0.00472191205401681,-0.0023828681976949774,194.6427008361478,-206.36052160970755,0.0013735200736767284,-0.00495012209366114,-456.40648929627645,-306.3008711506581,-0.0026688999350198,-0.004023184924654931,112.1591835813713,138.58752666570044
54,50,10,409.1436476553762,0.005013256549262001,-0.0,95.97736220472441,-0.0,0.00309712583526621,0.06418284819663518,-892.8089004305572,-218.0385686324343,-0.0008401094856111651,0.12252217225474352,19.77697397825887,-3715.6649057025465,-0.004611409749765555,0.0010728874682199682,38.01610335021054,-1.4461845571513892,-0.003709819405362744,-0.00302827282904604,-161.74505264126617,168.04837196892984,0.0001387607029258834,-0.0046217461104774964,-179.18600891455765,-41.30714452224656,0.0035466589594364173,-0.0024884384636819626,54.71527757818734,-78.98944487044974
55,50,4,55.37718067783475,0.0020053026197048005,-0.0,15.81053149606299,-0.0,-0.0017889725662505519,0.060244676776285394,873.222283648224,73.43892841470381,0.0018946837263594896,-0.0006178455074634953,36.53293866953936,58.24839814982887,-0.0017638451857179805,0.00073123615633204,-31.544788315904885,101.95600288428246,0.001589041303328874,-0.0010129287782119948,-36.74493584596361,89.94856903920605,-0.0013831282251419847,0.0011188729853156651,-68.16469276314702,65.1138853645444,0.0011537544279290192,-0.00128099933231253,-99.62156188231523,49.62043716722849
56,50,4,56.71183458793618,0.0020053026197048005,-0.0,18.534940944881882,-0.0,-0.001757704290571145,0.06435396796722753,-815.5244273645365,414.9020063641465,0.0018218580247943545,-0.0008336363536356695,49.677235942568394,18.903783209025928,-0.0016074949959637257,0.0010148128929739592,-120.96476534209624,-39.69604353327544,0.0013285404563877221,-0.0013465437574087685,109.07129394690911,-12.935934042261373,-0.001009113762285183,0.0014575554772281595,-112.66637172283316,44.081244928141544,0.0006684428692400558,-0.0015946380382161442,90.5392183857782,-111.97710740083465
57,50,5,69.32902311979443,0.0025066282746310006,-0.0,-16.828001968503937,-0.0,-0.0015650765617821808,0.06174524167891054,494.0557192572411,-724.7445204707212,-3.1447246606536616e-05,-0.002542428358533337,-5.273190247363999,-100.75845925580195,0.0017343745654718765,0.0016255464753124457,-95.15865364820831,-53.0128476054561,-0.0023343512011736404,2.6636362515693845e-05,-49.8925201170566,132.36442741613467,0.0015351861165805603,-0.0016602507759626679,144.7707160378594,49.505867833914245,8.012739974401164e-05,0.002114139280068347,80.21466335360567,-141.82407964956678
58,50,0,26.345914674195125,-2.3288662664988637e-19,-0.0,12.859005905511815,-0.0,0.0001884006432323233,0.059969590011412124,-42.954067258931325,846.6647505072656,-5.034924897548938e-07,-8.013226403907447e-05,-20.510056666575124,13.240748785908183,-4.2464446890015984e-07,-4.5054843453655964e-05,31.67682128642926,15.74532622488423,-4.0257881697660976e-07,-3.2034518016806024e-05,-0.6925503986157465,4.839401782723698,-3.931236876372607e-07,-2.5024972828921514e-05,12.093094885195729,11.931407169748304,-3.881713787912685e-07,-2.059069222343534e-05,6.400181691328826,-1.9356312929877668
59,50,5,415.2021721419217,-0.0025066282746309997,-0.0,-141.62130905511813,-0.0,0.0026715069221586118,0.06027921871290699,-448.2471961405478,-701.9682919917971,-0.002412199107085382,-0.0003828163187236843,63.965946676687146,-62.70208697382464,0.003043443259704129,0.079626142757736,2246.6881789182544,2603.8812781247043,-0.0021522707294261366,-0.001217575051200175,-45.02365312270126,28.920178051484786,0.0019630104528091446,0.0009072231940594,64.02393994230134,141.4205069190774,-0.0017616466428605662,-0.0013379113478002068,107.64085283845753,78.29146893051491
60,50,12,140.34725154820387,-0.006015907859114401,-0.0,-28.363188976377934,-0.0,0.0023581578472747673,0.06555199554268691,817.9587154717399,420.52347521577906,0.004358182255436156,-0.004071333798742557,-98.54304074473157,145.00084936156895,-0.005183174076073154,-0.0026042785194993934,-130.20452885447014,-230.86034782129784,-0.0004926544672274323,0.005549547400752191,293.6931055074321,0.3473213418278583,0.005169531466214038,-0.0015270269134740975,-154.0793774460756,326.3324542963961,-0.003117243648597743,-0.004091375340183125,-255.63322494752134,-289.0326606722813
61,50,7,94.29881505365785,0.0035092795844834015,-0.0,24.132874015748044,-0.0,-0.0017021234021055195,0.06290971920715159,-869.9685571051859,136.20598242319934,-0.0014290156975752131,-0.0032110082478872945,108.09700867620315,-44.41279252659158,0.0033625772994174442,0.003238950309484036,-185.06846539771726,83.20314386875165,-0.002146613791335988,0.0024236479865170396,-93.47153472721784,-148.90522751590575,-0.0008766435624145193,-0.003046074911122568,211.02353592206327,29.61694804559621,0.002866237476520638,0.0008280907896849421,-169.09406146378507,164.640856037056
62,50,4,216.01549081039016,0.0020053026197048,-0.0,32.7081692913386,-0.0,-0.00154855053720466,0.06104805253180954,866.1456844175722,-524.48601947284,0.0014600715932449678,0.06939305408376226,-1449.957500070817,1559.4215951905333,-5.045818035584278e-05,0.0017097461471109346,46.23086567574399,-45.68501435406588,-0.0008807542048230677,-0.001775018448167701,-22.16513898108412,-101.00253629090402,0.0015137405198466032,0.0008686535189916967,-80.20774058953559,-48.197636472789426,-0.0017082357131731128,-0.0001599179478210837,-153.4394894829578,74.06697052995654
63,50,3,68.33732595581532,-0.0015039769647786003,-0.0,14.526328740157481,-0.0,0.0016762046193840928,0.0601569403026805,-421.33985879807756,739.1602506436273,-0.0013536979664888053,0.013381242129818907,-30.282273634823802,410.4695065359966,0.0013619269036454077,0.0004026796970416542,52.290594679695836,25.606214651846827,-0.0012605314608343616,-0.0006627808499159711,-55.923898079252645,94.0534538910258,0.0011358003350967567,0.0006829967384813727,8.769291521354935,-82.90629057065112,-0.0009983765496321122,-0.000835494870124267,53.78140187296233,87.96395775220543
64,50,3,317.13854788982854,-0.001503964167015129,-0.0,13.884104330708677,-0.0,-0.0011856663467266222,0.06059141224017538,161.6927583110647,-952.0818981581104,-0.0010114786451870489,0.0010647974636637362,21.12048316374138,83.78653929269043,-0.00048826165630538334,0.00148878173475463,-54.522208635302945,115.53518942482903,0.0007280983517351872,0.05233512939167924,-623.530065753936,-2964.834262882728,0.0006070791419458378,0.0009465284301019785,53.86833708367747,-164.85118738000887,0.0009849157449233475,0.0006737298071336446,25.17382338299601,9.901216284683002
65,50,17,1950.3923478757924,-0.008522536133745238,-0.0,-13.025098425196838,-0.0,-0.006210543820546622,0.06576468051679368,214.81205711995509,-27.92842282098656,-0.0011496482733398046,0.008928659979080645,85.99647824815061,-123.34694407801219,0.007292175479094829,0.3058457199486571,-4050.3499037165234,-407.02046979484,0.0076231710738176445,0.0011052174666966032,87.1499513377845,-91.01151752088268,0.006891797806453639,-0.003834531308879936,-394.16470458478517,-248.3113086669719,0.0029184869827619444,-0.007067749686429813,-11.033731852371886,158.22257871561376
66,50,19,651.6895940693965,0.009525187443597804,-0.0,-52.2556594488189,-0.0,0.000486527464084263,0.0695304315619552,-646.6404798156517,-231.45680649695993,-0.009337845244639613,0.0007712101247008919,171.03584506370902,10.473767222855377,0.00017636031644183207,0.10098194867834608,2344.631733952365,-3293.3304619169226,0.00879668233666333,-0.0015231188008774418,-91.67471956469733,-534.1031332327562,0.0013298295656030668,0.00818716390842991,314.87116430383986,-59.464276674108575,-0.007977116589513014,0.0013533655495719893,-544.0374110147256,206.83951459991326
67,50,4,155.7008835857659,-0.0020053026197048,-0.0,18.009104330708663,-0.0,-0.0012230880828694177,0.06144196718010455,962.0843512883873,-137.8270035132831,0.0002858626532229445,0.04746584801279519,-1426.520526493633,-54.192479505964776,0.0013609434708786365,0.0012076267173159328,75.45486182759156,-46.18827937551048,0.0018665808731243886,-9.293203214263844e-05,-22.86278768947839,108.93845327169544,0.0012678719341111674,-0.0013374576247484735,-83.30183523519123,-74.90797444438122,-1.0336245888554092e-06,-0.0017638272607905675,120.35041827622894,45.83301066275512
68,50,9,37.55118791854184,0.004511930894335798,-0.0,83.57701771653544,-0.0,0.0037906984674029314,0.16739161868730718,-1731.1029318695291,1765.5610736618441,0.0002769383372049091,0.004204174044263948,14.755241795026233,66.97255890616427,-0.002764484089784319,0.003216830488356654,-66.9678548912416,373.46756740580327,-0.00417040030734335,0.0004389301496951715,-62.2479327149752,142.20218523550247,-0.0032677003664067597,-0.0024419091087711864,-250.96637406299007,184.42991914640646,-0.0007215908592046086,-0.003833554719273706,-198.03163198447956,95.59072538936442
69,50,3,301.62618445693664,0.0015039769647785996,-0.0,-25.632874015747998,-0.0,0.001164455669705929,0.061123073467600104,196.95004158418502,-935.9850557224075,-0.00022220281603003883,0.0014216772104362057,-11.954067841958892,15.986592359707025,-0.0012245963554524113,0.0008023771711306642,-109.01342340154791,-121.18967818861638,-0.0013355862788006591,-0.0002570308407227421,-48.97164164967158,-73.73484214296697,0.00014326514126123958,0.04191102804182513,1827.2755971773863,2179.783040779323,0.0005554183434308811,-0.0014103055200674396,221.30313478046824,106.75544875873616
70,50,2,38.54899168867698,-0.0010026513098524,-0.0,-13.635088582677167,-0.0,0.001150409121218466,0.06023974079061191,186.7467046639035,823.6028175591449,-0.0008275801117803547,0.0022116723157327165,58.14425486116462,35.16608729383606,0.0006633791964461007,0.0006463125599521353,-1.7095312594334082,-45.73106717634853,-0.00044002791214166505,-0.0008597230080192863,48.08316568313894,11.290973990054948,0.0001953009030281346,0.0008479773283448299,-11.52781751428354,64.73513875417567,4.250592189887679e-05,-0.0008761129084649362,-60.47626166727614,-30.308931983106095
71,50,3,115.55866766110141,-0.0015039769647785999,-0.0,0.7682086614173314,-0.0,8.505411726302954e-05,0.06148175365659834,-620.9041138444471,-688.8833498023528,0.001463267617280815,0.00018233637318747952,-62.63166226842433,-15.115201086411563,0.0005287829322957478,0.023127087327551265,995.6056640796747,71.41798046467355,-0.0013490857190383667,-0.000499027049856253,-55.26556706465546,-6.051701316023833,-0.00045703425872786654,0.0011951098103177374,-105.87926986125612,5.25715304755765,0.0011721017332019682,0.00046298420523936066,-63.74617201955863,58.21989415185692
72,50,13,343.8483537566629,-0.006517233514040602,-0.0,97.45447834645671,-0.0,-0.003424337170013057,0.06550760502891918,1055.3205131996187,108.53653207436672,0.003133122261900358,0.11758377988496202,-2059.236985075273,-2833.1981468984877,0.006132760096214454,0.0009364939600436473,382.8214750884206,-157.5174608649002,0.004316873180885457,-0.00444655448115608,-267.55094833820675,22.59636353341998,-0.0010949379852540145,-0.005860663663611129,18.059324644716,-243.6104922419827,-0.005113163221945392,-0.002278319581960303,5.150136940030399,379.5236348370319
73,50,16,167.84250255526518,-0.008021210478819202,-0.0,-81.91904527559056,-0.0,0.006528941737070769,0.06482431752611063,-695.1683909962854,503.24331099140494,-0.0020559266511645078,-0.007687310299623638,76.03648602155698,-208.71489647785887,-0.0029273482935103187,0.007084432760788438,-280.6486055407769,147.76431507464054,0.0064539649616342344,-0.0037946009452796696,371.45496746315075,8.575533548255056,-0.007122045269389238,-0.0009246988619047974,-338.8843157699244,-228.76806417340237,0.004863664788106042,0.004782719632968819,204.45475924767536,393.8124184341993
74,50,1,22.763369184063503,-0.0005013256549262004,-0.0,-8.746309055118118,-0.0,0.00030423715718108126,0.07445639578942877,504.86514374633646,-946.9534914550533,0.00047144919012199815,-0.00023920123882127014,2.340433304408066,-30.26012974100571,-0.0002028714330039178,-0.0004926864901788141,21.787554833980213,-37.385125101425345,-0.0003915695019632083,0.0002156226010466117,5.6313591040248765,14.118299713022541,0.0002962067156256977,0.0003056663923389182,0.20343319892968975,28.29787808531138,0.0002759756346821449,-0.0003511484197409047,-17.913114778744387,14.326363482370253
75,50,8,102.97001531615801,-0.004010605239409601,-0.0,9.067667322834655,-0.0,-0.0025812407138124213,0.06284566318581217,78.76320325711806,901.915166027021,0.0001479952556894682,0.003857053104769891,101.20619750240209,29.240252969220748,0.002874026325950232,0.0025213922152729435,-51.36405607289741,-155.71266509233683,0.003724482006107729,-0.0003134176121949607,-116.08801200825843,188.55962952309574,0.0022874027926015356,-0.0027904951757376168,267.27801093793823,-8.116400562164971,-0.00038613090391021837,-0.0034167507094328884,-163.71081640518344,-216.36946484877677
76,50,4,59.51423420659516,0.002005302619704695,-0.0,8.788877952755909,-0.0,0.001718639678896571,0.06125179359568338,-584.068107530194,-638.0216022183457,0.0003442906066517665,0.00185945200993323,24.441858152728948,-49.96978875758515,-0.0009602916985092672,0.001625554314971965,63.5971080501571,73.50160406208632,-0.0017537215708091991,0.0006116718719580727,-94.96244750740664,57.39111713418762,-0.00168886360451884,-0.0006329117507763529,-39.506927126600075,-107.60827733886569,-0.0008610793506284819,-0.0014970343157696098,136.02522896646406,-32.46282360186556
77,50,8,29.860937218347527,0.004010605239409601,-0.0,-33.334645669291355,-0.0,0.0012083418897223315,0.1582484767886964,2267.8820231551413,750.6362285386236,-0.0036825375189635558,0.0011980503713128435,128.531784153851,-117.92931617682157,-0.002004185722442113,-0.0034078611534254497,-164.4864769262063,28.01309994809845,0.002785425318802567,-0.002570321162740508,-239.13773616201286,13.145473723118956,0.0028349553783601563,0.0021354039120812258,-60.39946499162357,101.48733749648731,-0.0015718412658389488,0.002982660590636252,100.56314755099154,198.32225750351185
78,50,6,80.92780848544466,-0.0030079539295572006,-0.0,18.93430118110236,-0.0,0.000860007304834103,0.06288793182691584,-871.9145235157316,135.1252144472928,0.0026572287968385988,-0.001371804383119394,20.776592244258353,81.25656964730815,-0.001814510166148787,-0.002294882190993514,114.80188169014137,-52.729715364592764,-0.0017314123615954997,0.00217084933986545,-48.921868940713395,-154.23678242753468,0.002435261560876246,0.0011211071230941355,-162.90817595535268,79.53244391546689,0.0005430915040673792,-0.0025258149878425815,97.21197179248111,172.60128982639628
79,50,17,590.9938264287968,0.008522536133745403,-0.0,77.03444881889766,-0.0,-0.008276044920636395,0.060576506479266545,667.1123956190318,-295.0338713036061,0.008292390881316159,-0.0011879404311336177,190.2572019223004,6.365208307626019,-0.00801285752731638,0.0017221222762416372,263.87394583086257,-61.47150147804953,0.007637948593061207,-0.0020522347327744618,316.6061073105999,-213.3566331665896,-0.007171178617096352,0.0028904032725665736,235.75832200883156,-509.83420862819764,0.007800109450708974,0.05820788409454035,2062.2117266529435,3513.4747400756532
80,50,9,1528.416709191178,0.004511930894335801,-0.0,-38.30659448818895,-0.0,0.0005551240580344804,0.06451771668480881,305.29834954558464,124.57141661758861,-0.004372950342582605,0.000803371014785865,14.85344372549716,166.79341001725817,-0.0010491104794220104,-0.003930778136062057,-200.58603417958497,179.48489054056245,0.003989222518472019,-0.0006243298621924595,-196.77085927954718,355.67350329791316,0.004287694827843758,0.17456697176078137,1043.5821179147258,-4687.205415748124,-0.003410693190736094,0.0008516394796321506,-75.21221037616662,-358.32526849296175
81,50,7,657.5250055927114,-0.0035092073289243204,-0.0,269.5846456692913,-0.0,-0.0030429159556310107,0.06148092550164688,-528.1381805210899,-273.8000982480998,-0.001583038782072863,0.14086926248588832,3187.5443033661236,-2109.234860192309,-0.0013231191768720582,0.002724269266969574,-99.72830182635171,-302.6974200572858,-4.372970521308546e-05,0.003051176459053388,-151.8219843204416,-26.303456148877075,0.0011536923847800698,0.002762761950704025,-247.76180271767623,-290.14285684140094,0.00207226285107476,0.00202961255244806,74.3114712094229,-289.9846273936329
82,50,14,362.46514935329645,0.007018559168966802,-0.0,35.24876968503936,-0.0,0.00036418717293157344,0.06701566180195545,918.1498176105193,413.0333672571656,-0.006885547051143463,0.00046066692861701064,283.29950494521296,-135.73151179300342,0.00025649193944930076,0.07438512610926201,-1661.6549409279926,2843.669325599015,0.0065002013281582555,-0.000967486369849236,-164.7822170570367,-249.35712622023007,0.0007844249687550727,0.00605386342331424,-306.91982319479786,-112.33861322812889,-0.005916046714440768,0.0007695513709080828,-426.094395277374,214.92281992628688
83,50,12,701.0888448407301,-0.006015907859114401,-0.0,235.4933562992126,-0.0,0.00617023710880418,0.06031909788260739,-636.1323259231574,43.13359213067958,-0.005879878648627606,-0.0005518782075356253,294.2658480899696,19.323734761590863,0.0057170998771642915,0.001134823164000339,-162.81446931667023,108.77486675241772,-0.004345352463589248,0.08999371281413555,-1872.586291188731,-3880.7189330138613,0.005207763668617254,0.0009067104989938886,-343.0392397546241,-315.54474505517055,-0.004900110061395679,-0.0017629345212851865,286.8716308457047,153.19137006911689
84,50,7,94.083300181703,0.003509267707736952,-0.0,-10.18331692913385,-0.0,0.003377085202916275,0.06139729911786172,785.6623634306501,-399.51913906173723,0.002295551726837671,0.0024914904722273946,-23.567477103910917,76.0378748805811,0.0010213298208558027,0.00316817646338991,129.38760831430727,-94.6491191456307,-0.0003692922763769706,0.0032156450484800594,-167.94327596425592,76.68336905779489,-0.001599042563049125,0.0026781250605000134,192.37082179733028,-48.57668677801275,-0.0024418640079644726,0.0017067847075881543,-218.99867684511796,-7.788232002494077
85,50,3,148.45574750194294,0.0015039769647782497,-0.0,-14.891240157480325,-0.0,0.0013540708737154294,0.0609314616219696,-488.5763636619567,797.3424944656542,0.00031317798477064517,0.0014341497104641513,-54.24362850199769,15.792693488172002,-0.0003714172824442057,0.030630137753265025,1063.0052485770061,778.2230121973071,-0.0012765607418658317,0.00044727449300535594,29.00814040838631,101.45126637777119,-0.0013048989851923744,-0.0004149785961672746,109.0297862711061,109.20904635718426,-0.0007674922211144536,-0.0010872577740466771,66.80324216932594,97.78655517676636
86,50,15,42.369780060999496,-0.007519884823893002,-0.0,70.82800196850393,-0.0,0.003472533475062024,0.16579023919779678,-408.2988022923717,-2391.867390781242,0.0050557380263471716,-0.005597585508147032,-146.57058267915244,-165.00764328851236,-0.006799204291585431,-0.0025668543677943006,-344.52828296004157,123.04537974263033,0.00043872159569164715,0.006905345442656502,-297.34672187338106,-127.60140315511299,0.005995088114403708,-0.003121496956534573,-230.16687490641274,40.68273765273117,-0.004939050393904894,-0.004139652188290384,-318.86748990075944,-32.95923559234231
87,50,3,20.774371264561857,-0.0015039769647786005,-0.0,-13.497539370078734,-0.0,0.00019840002027040455,0.1184284467901203,780.8662503786511,1631.7315305872362,0.0014388761024781349,0.00017510085909657738,-10.922590766515215,-17.412296028865793,0.00048011142587605916,-0.0014505214513217681,27.95999900350409,22.543341558397504,-0.0012606823064555714,-0.0006747841311780656,-13.64077462607145,-64.9785147651186,-0.0007219480809289313,0.0010876014920873209,26.05651722177437,75.3349444324181,0.000997036109540578,0.0007643907370616349,-46.393145824502355,-64.91943334037148
88,50,14,777.2881787146933,0.007018559168966801,-0.0,-278.66609251968504,-0.0,0.004971900808819892,0.06514502162847231,-544.5974883956194,-175.55727190241694,-0.00043180008313752885,0.007062624237819847,131.11909694296423,-134.56454147995308,-0.004167776552255844,0.11339234681001685,-494.2205255290639,-4331.658759416156,-0.00649069764384997,-0.0012270644810485308,108.23302099705793,123.70022773783587,-0.0036954793693670766,-0.005311602024355444,-407.88580332173996,155.61152888289882,0.001117683029316778,-0.006041957448407846,-243.99549992022932,-60.609248358744985
89,50,16,1086.0875540371221,0.008021210478819202,-0.0,223.96161417322833,-0.0,-0.005167025205605378,0.0660343094989092,-63.10786598479998,-420.09517811481396,-0.0007885111972368581,-0.00746839132718609,-126.50857613501563,-342.4384816576455,0.007984466644417983,0.19321840693203302,4367.573604177457,-861.8519607984762,-0.007329058102591888,0.0008104159702751616,-192.16455990271277,-187.48195853478893,0.003648063578816542,-0.006558364935468354,-357.4737728241375,-460.22073578658586,0.0020254331784430677,0.006254740390380396,-178.39995009908688,122.55425905539319
90,50,1,30.27043923053756,-0.0004719668284805002,-0.0,24.738188976377955,-0.0,-0.0002757197890544331,0.06004566314647495,-538.8868797255682,665.0183643954593,-0.0004415698821776642,6.834237478566843e-05,-14.55874333156207,-9.838684877878327,-0.00040464288209525034,0.0001687502655088801,-34.34503021960416,37.312654998476184,-0.0003561993601084984,0.0002371484852463981,-2.9253194634971007,35.18600573345562,-0.000299036012908627,0.00028741529575862285,11.213753496626062,23.179619188427836,-0.0002363723639627632,0.0003216598058477427,28.75761187021096,10.850110417892338
91,50,15,892.7599922311547,0.007519884823893001,-0.0,-147.19832677165354,-0.0,-0.0031255955355111143,0.06691795064053943,-380.3113876885093,-285.846302102837,-0.003380018479099787,0.17096108122003323,3001.523465012182,2627.88377950987,0.007084164946115886,-0.0018693835407257158,523.5411394607437,539.7234982400475,-0.001830322147977097,0.006493175793426652,230.10682988274436,-56.4478011770681,-0.005051002547158665,-0.004644186957878477,53.83445556796144,30.356241910764933,0.00592568899146747,-0.002587396171002823,12.632178111927173,381.4284122806926
92,50,7,92.68673195409346,-0.0035092795844834006,-0.0,5.81889763779528,-0.0,0.0032708864730591107,0.06161410166184092,187.47494474324793,872.878653951955,-0.001920324791346067,-0.002943600605631752,-93.12404194702476,51.4184634139259,0.0003379723277514558,0.0033096946459624296,36.76426639663154,-139.73644490891832,0.0012409283022884025,-0.0030557051670623146,121.92823030448368,136.87018884621273,-0.002420179551232746,0.001976796453924105,-213.10285290978524,27.32116978826626,0.002930110356358541,-0.000617872711076992,83.11018170154045,-218.7666652532811
93,50,15,1189.1658720605526,-0.007519884823893001,-0.0,73.1941437007874,-0.0,0.0030317367022971013,0.06692605739256326,-236.9485444506347,-325.12631190504857,0.005256369626710772,-0.005203532170657239,-45.105369681579695,32.036284314786464,-0.00664818148583238,-0.002753036787584104,14.025240406403604,173.46666073301586,-8.570887783714549e-05,0.007186872858225103,227.14753356460628,259.30520130260334,0.006264311362503434,-0.002014258963985016,544.3201102179646,170.85689484021506,-0.0027504241236522456,0.0852967835084983,-4409.944740207603,-964.1455564728196
94,50,3,24.966279853045503,-0.0015039769647786003,-0.0,-25.94168307086615,-0.0,-0.00023445041813445299,0.11052618290630921,1560.4751204949434,554.923445236529,0.0010372449783827265,0.000905449196332744,-31.82503211891999,12.20817502622979,0.0013394278639898014,-0.0006223879920337125,18.06596145891124,7.56694403318784,1.686996054441361e-05,-0.0014590037853164039,-69.05919747186796,60.8259686153494,-0.0012359423426834386,-0.0005800758437618725,29.3569485850658,-86.57498796415369,-0.000923961628802379,0.0008516141637503927,45.52252815929361,85.05690513463257
95,50,2,23.267198775999546,0.0010026513098524003,-0.0,38.38385826771655,-0.0,-0.0005339465356655816,0.09450823542823643,-1353.157450097329,322.93372906445757,0.0003732921644297124,-0.0010367380887195967,29.27554868091856,-3.106220881317032,0.0001917281017534103,0.0008733710259548546,-78.00005090523675,-27.287314283700944,-0.0006651156437095107,-0.0007063742139884173,47.31927182547812,-29.36733124246014,0.0008807726313572913,0.0001289280625224881,0.6619541268544522,54.22654585370169,-0.0007869454517490135,0.0003021697082053335,-18.803984646856826,-61.626877489194115
96,50,18,45.80826362832237,-0.009023861788671601,-0.0,1.443159448818903,-0.0,0.004846698353761768,0.20462664737127206,1250.2544581544482,-2357.425445528376,0.004935031884549834,-0.007626038133000764,135.11998790158228,-337.9314869990803,-0.008627891520927926,-0.0010179435293803365,-289.2647871291735,-646.3504527065277,0.0031906732357512915,0.007670079878450469,423.4695926512148,-137.55691205868536,0.005146251365955189,-0.006304389867423427,73.30541260817586,-52.2531487727317,-0.007536840844875578,-0.0016034055189734448,194.30093473865634,197.99104371182364
97,50,18,49.46274795447375,0.009023861788671603,-0.0,-29.71727362204725,-0.0,0.001887692979116751,0.16239541682812586,-138.41089313442237,2387.0354015330786,-0.008432372508270291,0.002534286515725185,-62.19032605106386,367.6138319704692,-0.0039373094596889995,-0.007840611774310634,138.2539307080477,224.18892219912394,0.006798651568872518,-0.005022266640015677,-212.85767437660553,402.34031024326754,0.005709260353419871,0.005646202819618185,-289.10126688595057,105.65521847002245,-0.0045213516199162146,0.006169026717160136,-347.8408612161845,100.78651324963096
98,50,3,43.85528803793592,-0.0015039769647786003,-0.0,4.954478346456688,-0.0,-0.0003452541679723561,0.06137016937980002,-198.02584346393718,-841.6553121305755,0.0011091562592356987,0.0021032645843267117,46.58273117927303,-41.62879817720786,0.0012829459805835221,-0.0007120561737913879,38.2551528034559,-11.470811634762216,-0.00015851324740046748,-0.0014254992987892598,75.83614609352365,-18.5214687799862,-0.001304049241560975,-0.00036088668579071115,75.13039648816824,26.665804706825956,-0.000740708219273455,0.00102485007395952,73.95420986861163,51.57800895506368
99,50,1,30.096907298271645,0.0005013256549262001,-0.0,-11.604822834645656,-0.0,0.0005184640691462554,0.06034397347924394,664.3493238891449,545.0711989501873,-6.22298724483749e-05,0.0004084823457838676,13.545647810594721,15.771474952083452,-0.0003988144125360591,0.00022569056334461706,-38.08668401603712,-38.219701586987156,-0.0004526700766504137,-0.00014815707467313765,-30.079412948120698,17.8511555957167,-0.0002040718422568325,-0.00042476696564065135,12.55192290635912,40.654432487226266,0.0001568928843449141,-0.0004178372931934141,33.322233394214635,0.2819541113737587
100,50,16,424.88543250300654,-0.008021210478819199,-0.0,270.5145177165354,-0.0,0.003313982831438129,0.06738296988051705,-850.8764263484853,-275.7285084856965,0.0054667629816720405,-0.005549332501544647,-169.4649394166002,258.0376264666096,-0.006387345235454314,0.08355977008057683,-1056.8609740408212,-3348.3861073017456,0.0002774448335394306,0.007136385909176319,203.02163753416158,-449.1948797093655,0.006492136000333055,-0.0032437041348832452,-416.29462820567414,-161.5028835981338,-0.005101811703399328,-0.0046888184729088475,-248.2116686761032,351.3238891538949
101,50,3,360.4017219904449,-0.0015039769647786012,-0.0,-57.32947834645676,-0.0,0.0013540628798657057,0.06092891710883302,824.2423284832923,-313.3696837133606,-0.0003134631508462217,-0.0014795347036864338,-34.860948778797564,-11.29614990127948,-0.0006475337231967794,0.001334140927269268,2.16747375861868,52.425958974604015,0.0012770861201608684,-0.0004054684173755513,-108.97564796081927,133.042108252955,-0.0005693268853358476,0.046409144171013036,2765.4865844863048,-1512.5730074047171,0.0007611375417416169,0.0007501714913218118,111.79568926486279,-17.078105820282502
102,50,16,193.70945541535258,0.0080212104788192,-0.0,84.08612204724409,-0.0,-0.00721770479377604,0.06300701673605513,-794.8712999303297,495.4240271765362,0.005916660216345545,0.032833679973124676,-520.0663340458864,855.9681634367996,-0.0031507174918306304,0.0068965815348398995,-182.77613881114598,292.8903407151091,0.0002805361238913965,-0.00754900330064795,-71.56269631355651,-379.02455998023964,0.002430578738517914,0.0066922384366095745,299.4831938666573,306.1033355071366,-0.004553784222201275,-0.005148671447272063,-471.6996033650111,32.278910638168334
103,50,13,144.52089974224037,-0.006517233514040602,-0.0,-0.9729330708661382,-0.0,-0.0027208677464754397,0.06576914830748468,501.84088999492917,-795.8502499000243,0.00382756842809567,0.005051880604563054,121.44685638892102,111.43928446119433,0.0061647844029279735,-0.0011410256285557035,-137.1913082916021,191.59533392140852,0.001729716630336417,-0.005850437615406513,-314.15812182852056,-99.30035144527649,-0.004251980211835379,-0.004017530997526234,0.21121781970491793,-393.4247231690777,-0.005214345415692589,0.0018936403236667165,372.6065929451981,-141.99183898748385
104,50,14,449.39110380337877,-0.007018559168966803,-0.0,-219.57529527559055,-0.0,0.007159233316973819,0.06047078879324981,-10.673239958101934,698.3220661756026,-0.006829441048006467,-0.0009875889571956812,19.723632545650084,350.9897097437207,0.006599471645983586,0.001427001699330175,-162.23930357170124,-143.42251288494927,-0.006286802977446486,-0.001618173400770655,441.21548964035605,63.80926204949263,0.006612560315833766,0.04687279491377702,-2007.9013208484182,-2172.6730971617358,-0.005479529157311011,-0.0026762506067535543,-145.7904731788827,-425.9703268926948
105,50,18,168.84222869156673,0.0090238617886716,-0.0,145.16092519685037,-0.0,0.0066595652856324215,0.0662012830647628,-372.63798380271805,-805.5941308497312,0.00033361869091349546,0.008778534815781096,185.97038777357596,-150.4668430140583,-0.00577493052660375,0.00642245983998939,-116.30439550287646,303.40972541627974,-0.008381392894897562,0.0006010774438840427,-157.24516362166835,-382.9535242296035,-0.006222701080232202,-0.005172565784479561,399.5393577481484,184.59288194523853,-0.000868309319574504,-0.007661950730944702,-445.77107425014475,163.61890358439058
106,50,8,1893.9149974543784,-0.004010605239409602,-0.0,-185.80241141732287,-0.0,0.0030646348980929053,0.06279050470283318,254.27194419270737,73.13097696805806,-0.00014826609181316347,-0.003900157445384618,-7.090867835800669,109.07560466325353,-0.0025646993784938844,0.003059880111873996,-198.3618530139345,28.59157472970865,0.003731331005064548,0.0002315797180880357,-140.17105688370822,110.92007343829083,-0.0008317697459117945,0.12080527356130415,2408.1460516228353,-4203.3799564237,0.000372618044665185,0.002699956167191751,24.745293654149826,-173.0581881181693
107,50,10,1934.0718904764058,0.005013256549261288,-0.0,125.41092519685039,-0.0,0.004054123048500951,0.06317334686818893,-115.50083308006235,239.88049432721525,0.0009837043841118443,0.004847494410098827,-39.36668309462568,128.80655140614994,-0.002239267361169883,0.004399948960011755,-127.40061780157552,38.81210440686402,-0.0042932167583319865,0.0021209318846594724,65.62444207476581,36.62274459265671,-0.004297076837220961,-0.0005391167253245605,105.05187709924162,135.77843864314275,0.00013791083924743358,0.1323606076059869,-384.7149332032537,-4905.131698587
108,50,15,2678.1005503525244,0.0075198848238930025,-0.0,45.84153543307089,-0.0,-0.001306253241406198,0.06746034974379521,-75.15962531100647,-149.96874731412203,-0.006796256412198179,-0.0025840657342571616,-120.21983239780671,-48.96722183934377,0.004107592653864011,-0.0050011868558764525,30.080528823929335,-52.1182357603679,0.00851277703983582,0.2958368291330519,-327.29714578340946,4373.024252644974,-0.005702801634340177,0.002281803384364718,0.5471147630144696,61.821524075240596,-0.0022977386453451264,-0.006708566510712279,-118.47523981502381,37.719128491175205
109,50,8,892.0095131885323,0.0040106052394095985,-0.0,-201.209153543307,-0.0,-0.0009013377085565414,0.06384676314002825,-470.9660023865513,222.80972904001453,-0.0033528925858997186,-0.002067148054937456,-45.98709698197905,-141.09235560010478,0.0028430727437788405,-0.0024857816125599033,2.441177646916161,-45.9759623553132,0.001679335000655206,0.0036891138125226897,-136.81946314182952,89.53710572117207,-0.0021695699079017734,0.08699007018477425,4047.3525742111133,2096.8649557592425,0.0002909548116187741,-0.003899178547530346,-28.78529730610131,37.775098481169366
110,50,9,116.36392957180504,0.004511930894335801,-0.0,-0.5381397637795285,-0.0,-0.00325463718701247,0.06285454807602248,262.13902755413676,-858.6478153428693,0.0007752832305789037,-0.0044441968804767515,-81.03320849783437,-130.72498404238632,0.00215927622712169,0.0037138157630039787,-199.02054258983912,71.14852589214789,-0.003945370310799241,-0.0014803738954602692,150.12431364134383,207.0487154641365,0.0037986654581823338,-0.0013927702232106602,187.0046167944962,-204.20863558198178,-0.0019369433246903599,0.0033014074607554795,-244.51264498132713,-187.72271307326358
111,50,10,1647.6835367066678,0.005013256549262001,-0.0,-81.88951771653542,-0.0,0.0036956529414688085,0.06361571379587878,97.18852138066312,-282.8744626533338,-6.090235312813779e-05,0.0050813824304203475,-63.58953530359844,-11.815769611137394,-0.0034642920414195626,0.0039042102083818343,-140.7148515155481,-240.57778154379014,-0.002432722736148051,0.17774283131886345,1541.3348629542522,4488.152079676647,-0.0030840345822097485,-0.004090102277675062,14.624564194038147,296.2057304862321,0.0001525698687381618,-0.004718291280762187,-70.64723294830095,203.24611779585672
112,50,6,21.214676155684902,-0.0030079539295571997,-0.0,61.99015748031495,-0.0,0.0012928808575941302,0.16000631613707594,-2233.8663802309648,-941.2127545211927,0.002532662365969401,-0.0017301095033205056,-40.88288558983703,72.46225105667732,-0.0020954264826098675,-0.0021096457090553035,183.65822883711948,-64.16777375797952,-0.0013197897799715485,0.002387917069674966,139.7510623841704,-22.748873763759402,0.002625987219372185,0.0005216424871820856,-16.122858551166367,-68.97304553197857,-0.00012981818812097802,-0.0026142072069564692,-84.87600870501011,-135.6963028587261
113,50,3,122.90897281389708,0.0015032514875935638,-0.0,8.434793307086611,-0.0,0.0016147236848773744,0.0604680734108473,907.495463621041,-102.67595542743543,0.0014159161975308176,0.03435557560549467,-1011.5502814388411,-230.09987227573862,0.0008693530282581001,0.0010270086385552814,58.7252147804305,0.47513690024134575,0.00046453319110412395,0.0012441264410064667,-55.90794761635791,-51.83000766478574,4.066646952588261e-05,0.001288292948603218,41.16942023717036,93.8687902986068,-0.000351427906391501,0.0011873786705088186,-21.144393357943684,-98.74567997529476
114,50,3,159.39188463861902,-0.0015039769635791377,-0.0,57.58243110236221,-0.0,-0.0010705802454914605,0.060835723252471725,-689.8311262342946,544.8607785041853,-0.0003489827637318244,0.04324242768656866,-791.9960082858498,1076.1245479095226,0.0002067250498718925,0.0012838694440585833,-50.68679198357655,113.2645138712009,0.0009186454597521565,0.000968439723237845,53.70635916847205,69.23106146190848,0.001291458845749294,0.000310424012840854,65.92537789631926,26.182530140444513,0.0012276013912879958,-0.00041744903850630266,35.61025032894193,-69.22523276450522
115,50,18,155.08877224983107,0.009023861788671603,-0.0,42.595964566929126,-0.0,-0.0029607550946434157,0.06838343504675908,169.8950216937194,-961.648454847299,-0.00668691624812478,-0.005900742586489206,-241.54823834580165,10.40115217754625,0.007623489363270215,-0.004174170919075733,214.27750229755597,185.83990726150003,0.0011577068173645752,0.008292664399122148,-9.327843439942047,-411.3660663962006,-0.00788144473398902,-0.0017866487208105034,-331.74255589039285,310.7209297280689,0.004201653293239157,-0.006461593555946065,471.48644418745556,-8.813073810609946
116,50,4,51.735208975026474,0.0020053026197048005,-0.0,5.09596456692913,-0.0,0.001312323458584065,0.06883110848760957,123.62391701400605,979.4758553905382,-0.0007715670678295008,0.0017231016263111383,26.421209403612067,52.96206827099232,-0.0018953067431047679,0.0002986727438240937,101.76525002069418,37.165144076922296,-0.0012960209851918096,-0.0013812349431573296,106.67443248502472,-0.8548301973215852,0.0003910316454657532,-0.001779372771857589,116.03407830935109,-55.698022738336135,0.0015963317923255004,-0.0006321688586558949,70.7800983965683,-118.51771179714534
117,50,6,1483.496154912835,0.0029542700163596508,-0.0,174.26033464566927,-0.0,0.0030728599937201112,0.060577501166926666,-224.1436913880821,-227.48595822890638,0.002680018724429309,0.0011036257244524102,-7.976989119172134,27.577258328492356,0.0023579828248116684,0.0016574311004810616,30.7390559601016,-90.02028811860463,0.001942677040978532,0.002128238022698599,178.95262283908858,-127.46436881323774,0.0014670572361433548,0.0026276587687498825,357.1906441412065,-35.93582622859903,0.002398175337762308,0.0790934420326657,-4313.9624705439455,1686.861579036159
118,50,18,4099.232598728005,0.009023861618298774,-0.0,-142.42519685039372,-0.0,0.008006311100545038,0.06448865206386907,-113.24105312078001,-36.81653031161739,0.004561255856307934,0.007724032592329413,-117.19724739744761,-16.259559219185473,0.00022084688591793005,0.008981828985911659,-113.60959772990955,92.72513025022369,-0.0039484869059464725,0.00802971570668762,-76.6122077226273,-9.689693685339131,-0.006795791265052133,0.005766370331152818,-363.2602759418592,179.22673023879568,-0.002594936622711658,0.27016676282040825,3603.9094807459282,-3042.0799938970877
119,50,10,42.604413925984204,0.005013256349321254,-0.0,169.90182086614172,-0.0,0.0048258434163329835,0.1463314680978974,-1566.3781062759037,1522.6467419896337,0.002637728226904007,0.00396598160291499,99.49207921244978,103.16874951523347,0.00030143124083788144,0.004699182804467686,11.361828760823544,262.41474933988184,-0.0019890882402079173,0.004148091169777367,47.09790404016618,206.86519532050332,-0.003630525036849822,0.002576985288497033,-34.66351431730739,231.9492031963554,-0.00423973757409839,0.00048606805991450016,-18.59796816760352,252.32788585368453
120,50,4,58.55643267579298,0.0020053026197048005,-0.0,20.55782480314961,-0.0,1.3013093577605446e-05,0.061958287259666664,241.76821963142586,-820.281413528238,-0.0019400877664620566,-0.0004249263631807007,-59.279808721701166,-2.9673439828739516,0.0005021459172167808,-0.0019050824110381837,57.81898213721993,21.728601210139708,0.0017529164131751416,0.000611671871958067,-55.848190670949016,-98.50825676499618,-0.0007644811876363418,0.001598744816880334,-12.753414467496926,115.84998641092757,-0.001476831794924976,-0.0008812818714730217,103.50989626653129,-92.48714199538786
121,50,19,786.4093575872502,-0.009525187443597804,-0.0,-58.020177165354326,-0.0,0.008351020888980952,0.06486797658280757,299.0097117311936,464.73509136224175,-0.004507067341307079,-0.008052741873105956,-56.02322300373761,373.5974486649801,0.0006069849044147759,0.10404923375306041,1005.5268442150666,-4121.410630164698,0.004749241504482384,-0.0078496037990982,202.4664435477359,-69.4147507145878,-0.007598294844836793,0.0036663862344458254,-54.99480937146669,-57.57368266176796,0.008098943565629376,0.00036226714919377316,75.94362346238051,-283.5929988763671
122,50,7,107.3941780328276,-0.0035092795844834006,-0.0,2.513041338582678,-0.0,-0.00207222654038358,0.06263671303094312,-602.4402595886676,-667.5092985917693,0.0005602320947759907,0.0033287942845857716,-2.112762639396022,-98.6167865315108,0.0028910839554702724,0.001702561725927452,69.14982075546847,-118.01500449621811,0.0030955401168844036,-0.0010576031194286693,120.67764042780888,-114.6762533847724,0.0011565319894107412,-0.0028918265662450492,199.41641131846333,-101.03483562237184,-0.0012235332005279757,0.007133474717366421,-531.6497543592656,-293.3977760813851
123,50,11,307.8753467513828,0.0055145822041882024,-0.0,-84.50812007874015,-0.0,0.0011832819687203555,0.06538014721957777,868.5041986688839,344.64301217385776,-0.005062055760718611,0.0018754374719901655,47.60972178981984,-81.04518809172636,-0.0027542635286000846,-0.004527524658234786,-130.17448392480003,-177.03912598523831,0.0038319742485939637,-0.0033738963738775096,-296.7365109371989,-26.33596735322656,0.003901873021821255,0.003178672877804572,-306.48557917277407,235.99856276593178,-0.0015386460380844027,0.037129096013787104,2679.731342784353,369.31151107784177
124,50,1,28.221873885746817,-0.0005013256549261999,-0.0,21.6761811023622,-0.0,0.0006987200605547677,0.06357717274457009,-844.238027618911,266.53962747284163,-0.0004926818731402611,-0.00010350254340382149,6.887575751867786,-10.344065911785426,0.00048046186338214947,-2.0534177237153617e-05,-26.21297340345221,-2.1731787025935936,-0.00046603730666158315,-6.912947587008323e-05,2.2367330764115767,-22.2962231499983,0.00044623313139423494,1.569436970973175e-05,12.493266975605177,35.01225734194202,-0.000424931463812701,-7.004397532327022e-05,0.7293014468782849,-24.988470291719107
125,50,10,448.78162132443276,-0.005013256549262,-0.0,249.35285433070868,-0.0,0.004704997766959436,0.06227570006161,335.45179253179623,-813.8422448595794,-0.002285730089825807,0.132053489462922,-862.013445238705,3674.0069636306275,0.00119438537767431,0.004293198119417234,-140.967829163566,182.300414233086,0.0008722679860804983,-0.004800323151940189,-84.27040649307084,-178.01266540377048,-0.0026394756695427494,0.003474865798828119,-268.5984135991537,-352.55805559491426,0.0037417032885041597,-0.0021809954088402874,-68.92192064428659,-202.0327603419667
126,50,1,65.61906636910537,0.0005013256546621965,-0.0,35.92421259842519,-0.0,0.0006081288980396257,0.06024266230987621,-115.30353644060577,838.0510701765919,0.00020361871711439835,0.0003749402253503339,-2.942124497038079,30.158366995376536,-6.966508250854811e-05,0.0004450759354642594,67.97909365926627,24.392302809996544,-0.0003065866195363922,0.00035200399427704295,37.932398098575796,8.672245343786566,-0.00031818873008135416,0.007295355167619567,-376.63946990326184,-304.87964358785877,-0.0004106605327971099,-0.00018184893450712335,-11.019857620394792,-46.251319265134576
127,50,5,666.4563753645168,0.0025066282746310014,-0.0,166.38508858267718,-0.0,7.881956505917699e-05,0.06250797632533567,-330.49720024920816,-564.2334100884436,-0.002452762193000357,-0.00018332785143734476,144.99905601741992,-25.75084210045326,0.0003191729526227246,-0.002142162829710215,39.81118167123191,-113.33190088566889,0.0033657967875465864,0.08532511545730048,-2236.335551955995,3672.7852429628447,-0.0004956940263161493,0.0017846999380146803,-163.98892243287818,159.09672955646576,-0.0020665377401550577,-0.0007823097319878688,145.6980472923136,121.16508333036752
128,50,14,117.87953809011098,-0.007018559168966801,-0.0,-105.9069881889764,-0.0,0.0057080746621364364,0.081112777806281,1018.5531128072157,484.83840310868857,-0.0015469854155931563,-0.006821906224524749,142.05105719977138,156.64898427813378,-0.0029100876817666488,0.00602591258570607,-213.28431807293944,159.80575414350238,0.00587900532867245,-0.0028984826812728883,-225.93125971333163,-251.91857747127253,-0.006130210006332364,-0.0014021837692066942,269.0626965298867,-249.01372382645582,0.0037540352128227106,0.004630011451357035,306.174947705948,260.4624812180518
129,50,6,294.6473867477568,-0.0030079539295572006,-0.0,18.94192913385827,-0.0,0.0013604960419317373,0.06275026894700297,-983.8929227863179,-138.42451292739295,0.0020496255344127387,-0.0021463452558322387,22.862305158744594,110.07312635617733,-0.0026992140510581383,-0.0009152452253366236,126.01106185105247,83.52759686459129,0.0006929720507795802,0.0495392570578491,65.81789451291951,-2843.9600008619072,0.00243197951947326,-0.001380081128827713,-186.4083373517726,-103.61957783882326,-0.0019147289504586045,-0.0018405039914641853,-16.74161033590027,155.46465332386003
130,50,14,158.78442457156845,-0.007018559127182365,-0.0,32.91437007874018,-0.0,-0.005803529614687202,0.06356421393128446,848.2961441359931,-269.5175941941633,-0.003245994571808045,0.00600324232966652,-189.88704660610853,-50.71250379688754,0.00033840032004298846,0.006689974798892075,287.11706038120735,-107.49984298428525,0.0036399605467063445,0.005397671076370015,-158.0242487328491,323.8179885406456,0.005682801181876103,0.002649283253630387,-75.18199971471739,-390.3962945561431,0.005950905346306682,-0.0006209036780053499,325.50235000475436,269.50284737609036
131,50,4,519.6327450471443,-0.0020053026197047997,-0.0,-34.85925196850393,-0.0,0.0014897922825201594,0.06150277336977753,-524.0339702530248,611.580828080854,0.00029570331180775125,-0.0019858267168056036,-48.603106792539144,8.116559961218595,-0.001632966763239628,0.001051627040058256,-111.15079819246178,90.65933413127524,0.0017847288213485386,0.0006567927873537906,-75.57115485048853,23.466387688501552,-0.0007083292883818645,-0.0013682861327507032,-191.8234855302839,207.0189535066689,0.0003075036214478314,0.05747520687114597,2427.4034873776864,-3331.7859743462427
132,50,3,45.68930737492868,-0.0015039769647786003,-0.0,16.63090551181103,-0.0,0.00031994130547336163,0.06146111294760302,198.9091397308533,-840.9508259831714,0.001454184712989471,-0.00033872783839529415,23.206340616794638,-39.70288088626886,-0.0003773525657331606,-0.0014400755191420517,43.04949624622161,-41.12602460463437,-0.0013153918228110647,0.00045074527446434893,76.38052509071815,5.914154862750537,0.0005726729242738912,0.00119280236945302,76.24284747516101,12.30283043567513,0.0011069445462808462,-0.000666109076660625,54.033223871600335,83.643814069062
133,50,1,46.44910973358945,0.0004923783360599417,-0.0,22.43676181102362,-0.0,0.0006691451577729765,0.06007131898364152,292.2480211651538,804.43116295605,0.00044628623069524145,0.00012289347776776738,9.368303703567648,4.101054685958994,0.0004527693203910298,0.006618076316781652,-78.90517426321394,-297.8796551155484,0.0003227823105146075,0.0002753561528123513,-10.29184710118306,9.348030380748014,0.00024290252452906046,0.000335645801163547,14.216016756290145,19.885040389313435,0.00015808629878430645,0.0003659715588901923,34.48214416167296,-10.77234408437735
134,50,2,27.45950750338161,-0.0010026513098524007,-0.0,37.596702755905504,-0.0,-7.578127637530079e-05,0.07690887612815181,-968.2491291885101,-560.1774142946759,0.0007889026841697147,0.00048743327384569954,-23.796492761234862,-16.038736095767177,0.0007893743476175961,-0.0006085298915621664,-9.364730636531856,10.336254982358595,-0.000266682119191769,-0.0009357159942145761,-49.497897558748676,5.074721630231797,-0.0008973370558750153,-5.988260304629827e-05,-54.14193995210166,21.521463727803077,-0.00029498876311418565,0.0007760657248729512,-34.03042949090413,61.27255436540162
135,50,16,535.4081496380937,-0.00802121047242207,-0.0,520.7074311023622,-0.0,-0.006526592308830469,0.06445266356800969,658.6811000213346,-186.62836314910405,-0.0025021274417672047,0.1286274428068928,-3343.670511870141,-1191.4186813667823,0.0011066959679296607,0.0072889316515781935,-2.0692549950397043,-134.32313510080394,0.004902905530921569,0.005440580414430924,-241.53112712654539,-100.45777672417462,0.006891018045533884,0.0018616856544389374,252.51585495115455,226.57359281217074,0.006550338934964918,-0.0020602825304597418,-178.3518096373879,-170.2498284318534
136,50,1,127.85858837940371,-0.0004889981467210302,-0.0,59.41707677165355,-0.0,-0.00028952860882626853,0.060069755329158835,-781.4408706133032,303.1408755999882,-0.0004460507210964851,0.00011623043919845072,22.146906729489107,-8.268008006582106,-0.00039464490118601024,0.00024229589553865133,-3.294307655472433,-46.97096310814851,-0.00032782657307628177,0.00035553801405565846,20.951764833936352,-30.845818334039073,-1.6602566177902916e-05,0.015329915307685958,-888.8099938924445,528.0275234051388,-0.00017197439653333707,0.00028605942919746806,-69.77183084027233,28.156366129766752
137,50,18,5714.588914934875,0.0090238617886716,-0.0,-369.68331692913387,-0.0,0.005192369194251905,0.06777178478817066,-63.720153592879576,27.39219475454678,-0.001762074610231002,0.2635860512417429,2927.833728351739,2269.548119834914,-0.008501833705951565,0.0010714722840118186,346.865631811723,318.46241108086156,-0.005985056724474317,-0.0062790623322125,152.92926511682185,148.80296344097727,0.0015089825508576734,-0.008201263682093224,267.0190524516186,-363.26608706186937,0.0070730297428228525,-0.003222361511964906,-527.9184911711302,670.9193912353542
138,50,18,2087.627454011443,-0.009023861788671603,-0.0,-151.6865157480315,-0.0,-0.004138986189269037,0.06804176150240199,190.53655670752173,68.96439922073375,0.004753589436524613,0.00804247950549714,23.569529237018095,-45.47839147415418,0.011162171694830691,0.2656614842721383,-823.5208269168238,-4015.4380870934224,0.003566698179073552,-0.00855355861436413,119.52482018365127,-178.37716812615037,-0.004754937097477874,-0.007058779348800989,109.31505615191959,-288.85949081524916,-0.007636944891784106,0.0005875431495678623,48.42439680537221,92.96894831772407
139,50,7,394.2613184927837,0.0035092795844834006,-0.0,79.17642716535434,-0.0,-0.0031471331589884056,0.06116763596124468,-629.0209226872164,-684.5824509530607,0.003594721314700726,0.11830081508297217,2700.664834126504,-2321.219468219381,-0.0020864377741758172,0.002316430579464881,38.47548889857222,-49.589199739771175,0.0011625304814838655,-0.003246735827827528,133.42189975416298,-221.79924556400982,-0.00019938954896005085,0.002994450183435015,-273.8005021602853,-182.8109219933973,-0.0007094010527904423,-0.0030168964794899064,146.18997310748964,122.46708685412426
140,50,5,617.9573273240694,0.0025066282746310014,-0.0,-197.36835629921262,-0.0,-0.0012909616960225891,0.06201867185842726,457.66541796930017,464.65656529871995,-0.0007313466959136079,-0.0023329812825868606,-209.42176198158683,109.88750643043365,0.0022780569502330356,0.0009950154356513983,-297.746063352674,65.20653786196372,-0.0009936953405147958,0.07524754775074632,3829.4972020553823,1086.4417252805056,6.487808399077644e-05,-0.002597472730360402,116.40591402308495,173.20010091698575,0.0016759625558517178,0.001121277941204279,50.00086860153379,61.18904760445618
141,50,5,359.40824846581944,0.0025066282746310006,-0.0,78.03912401574803,-0.0,0.001222530620430958,0.06225584579064359,-960.6906771408454,-22.95980935682726,-0.0016171326317217468,0.0018101590319250821,-122.0723593920178,-15.733249619567607,-0.0023083858413593815,-0.0006729376979633867,33.22903340893142,-49.40475797692238,-0.00032077622529850814,-0.0022391429639002486,27.70033173092642,154.9163053514783,0.0018973558549726748,-0.0009883664210650215,-179.54257842041437,232.78684071351515,0.0026176464828921425,0.04511420526292835,1407.6672468485813,-3095.4906020089156
142,50,7,2034.639473655038,0.003509279584483403,-0.0,-10.08907480314959,-0.0,-0.0027730111600141705,0.06186907762817915,194.08873473708644,-159.3331654960814,0.0015070797917105861,-0.0030801591629401426,93.25802629994034,15.928555470432604,0.00036072992978007965,0.003486377293802821,218.53826572486778,-86.14654456588687,-0.0020158715821269194,-0.00228039785721763,159.27885612892703,-255.09191310971644,0.002965880680782994,0.0017676760489970253,220.88021648036917,-408.6579681821769,-0.0003913373354715362,0.1349143862403425,-2112.440010203896,4367.696180853676
143,50,3,48.08876347277638,0.0015039769647786005,-0.0,14.331938976377959,-0.0,0.0005242039740332129,0.06142876091916397,-436.1065609649491,738.1316046346445,-0.0013293696371539318,0.0005657037955010853,-41.88964798328635,9.514738134264737,-0.0009074674053088436,-0.0011699685172235847,-78.80259980454838,10.217775611428518,0.0008651023125722852,-0.0011334764469579347,-52.97712402612458,-47.6993284594959,0.0012174342185943046,0.0005480410751326068,-41.63755865103524,-80.91564036477232,-0.000272128009101877,0.0012320214555861368,29.49853718873649,-78.0658963597464
144,50,15,171.48041293242844,-0.007519884823893002,-0.0,-82.61564960629923,-0.0,0.007439807405292179,0.06184739502811192,100.56855672121193,-835.2875205069032,-0.006398834663415934,0.008354607181653968,-1.098846421867883,348.64990896305375,0.005266268458594837,0.004872080870996394,-167.42750910513737,194.08572602419846,-0.0037535658292836243,-0.005961781791917675,11.492379159625841,344.0048023554568,0.0020789921721953066,0.006363774895469677,254.01143181741233,311.6748585309626,-0.000402966361662784,-0.006425698084463758,424.05616606544294,65.85705925238618
145,50,19,161.10633458826223,-0.009525187443597804,-0.0,24.404281496063007,-0.0,-0.005529166227168271,0.06753505619195005,144.8101730596958,942.1667794135705,0.0025536344137762454,0.00892200702549484,231.88445254745434,-46.43690859682957,0.00852984980691738,0.0032704736217683953,-256.72180171182737,-179.86046513566163,0.007549455861375813,-0.004691282253943954,114.45936256861955,397.1188338148826,0.0008018028535717499,-0.008511371980388396,206.71211153270974,-414.63783723434256,-0.00598732921180199,-0.005502768038935538,-451.0694989045807,214.0380397784905
146,50,5,138.26998572186048,0.0025066282746310006,-0.0,15.020669291338585,-0.0,-0.0007155059515799651,0.06234617377806346,-622.2859667616908,-676.428268807112,-0.0015779840993649689,0.036236856978933654,568.0561734885993,-953.4509393004014,0.002158192515658412,-0.0012028319403287967,-30.350727203198616,-120.68624631753279,0.00020406462384050264,0.002242876686365416,49.75206738876358,92.44215154020108,-0.00215509762688104,-0.0006870961857973299,-110.53493782312484,-162.45194008758415,0.0012977637331207173,-0.0017452828794626441,97.20295868450444,127.57989950586355
147,50,12,322.9824110502142,0.006015907859114401,-0.0,-71.75861220472441,-0.0,-0.0035705773923106845,0.06476616818261098,795.6464465314406,603.8692693140423,-0.0006204407887123426,0.09489115588510418,-275.75967245455575,-2977.909578837378,0.005163856555761382,0.002304141829916234,-24.894933784435253,152.62038448777741,-0.005101642172271456,0.0021551983484107647,22.839673479935435,243.83807866160677,0.0013369663837652407,-0.005335701137074725,89.38216477021759,232.40847603200774,0.0030636407784851083,0.0040133544092094695,70.54891860444107,314.0311617213734
148,50,3,92.1849678747591,0.0015039769647785947,-0.0,45.46284448818897,-0.0,0.0013053926765317512,0.060993971917848125,-851.2033689765669,15.023108445581563,0.0002943523448462195,0.021777180523378868,-606.9648478001708,-276.9508274574354,-0.0008355062838770841,0.0010855071897562458,-12.366601548244,-67.39994323599419,-0.0013658734638523668,0.00025488293280873797,85.18227531908286,-77.08054131782161,-0.0011801398483612814,-0.0006928818028700528,104.45327731326601,15.219444489754965,-0.0004272679455870328,-0.0012445847210872498,37.485523397123046,82.03515019016346
149,50,10,1373.037555416564,-0.005013256549261999,-0.0,-53.18233267716537,-0.0,6.338477417112382e-05,0.06508938685750422,-236.02815266056697,-244.19805325791467,0.00492087405902258,0.000583818519508057,-216.56719420754862,45.55537469744839,0.0020014533380559056,0.16905445854603737,4316.09206862719,1213.4756292630043,-0.004653722276077426,-0.001099321861724648,216.95508818254893,-72.83875345143866,-0.0005678247911429476,0.0040990992653508525,450.56434533913074,-285.4287696292307,0.004219241857654863,0.00038889451365176086,-140.4676311449965,149.36885385512633
150,50,18,210.5857205383896,0.009023861788671601,-0.0,6.933809055118103,-0.0,-0.005091991579390616,0.06729999082998915,-886.3419486725254,328.7702648336053,-0.0024460265072393066,0.03826414012893393,-1052.8113165152788,537.1586617411325,0.008244435323897448,0.0025215993378895733,45.24355935115251,361.90049505104497,-0.006800870189977637,0.004845723675588811,-422.4888836037777,-68.60915327958236,-1.0942091183895052e-06,-0.008145190469330665,223.72130749703658,-415.9221076205829,0.006220688279052485,0.00446462790034252,273.3730335883983,447.1147539314141
151,50,18,78.81877369431159,0.009023861788671601,-0.0,-6.135580708661427,-0.0,0.00017732519902910747,0.11932632243811139,1042.4020915097806,-1456.7215388715308,-0.008859593506001318,-0.0004815655492351485,-234.3791722434978,-50.25815970049657,0.0004892498770042119,-0.00873931666930003,180.33654812262247,216.22040813007288,0.008380249571057345,0.0005741684487499234,169.45572071080443,-369.9468333448521,-0.000760698483936251,0.007993651215051127,-423.5279310403472,37.16722236640828,-0.0076420742740582435,-0.0009058080218868303,314.8695766853311,338.0144758438009
152,50,13,51.264879778888954,-0.006517233514040602,-0.0,-5.595964566929142,-0.0,0.007098766408204607,0.3142012172377215,967.7313664383909,2756.4517144231554,-0.004986705542344654,-0.004435733353784111,59.60777269703697,86.14184898721601,0.0032863631212690313,0.005094377279063428,-837.8253753560439,-1005.0362402904714,-0.0012890168010966318,-0.0060988830624882215,36.99901572263678,-51.97118089315014,-0.0007330305884621561,0.0056561290930960606,-61.21571736630775,390.4131049726802,0.002488410168740504,-0.005071753933454479,-16.298820128501028,-61.37982845080582
153,50,11,62.59155796636208,0.003546380942912074,-0.0,123.3968996062992,-0.0,0.003825122996492863,0.09545594464246701,-453.64720680467235,-1248.0814986589126,0.003465473294009972,0.0004746193665083675,-106.84093201608641,-101.70967552265749,0.0033678266063985186,0.0008148603011000471,91.88041725776216,-53.401634491589796,0.0032352754196173076,0.0011012958366802502,64.62667064937607,136.87912539195102,0.003071925043077459,0.0013543150767901582,-159.23326729900197,40.23216453920924,0.0028826263518593707,0.0015752334307466672,-12.423221614972473,-200.87584840969333
154,50,18,74.78839544872108,-0.0090238617886716,-0.0,-168.19143700787401,-0.0,0.007536286107085422,0.13379649107845776,1536.7495297324465,1095.20914734565,-0.0023134285274371722,-0.008729558335076252,238.84860511904864,201.89250040242092,-0.003293697844335041,0.00792425618978153,-346.39690180055175,182.61641250360162,0.007260301964339282,-0.004301441099226685,-141.8680550407501,-381.59721471224395,-0.008012699948605843,-0.0010656865670642527,430.40785445885314,-72.43201795357338,0.0054712288926698225,0.005359660034483131,38.500760476543256,451.7872451549893
155,50,6,262.6967269450637,-0.0030079539295571997,-0.0,37.608759842519675,-0.0,-0.0005562538049790488,0.06289506296421146,-989.6844042016194,-188.11922567493096,0.00258936417792547,0.001405736348470194,-94.95587453846677,45.09162593465706,0.001979485994663889,-0.0019919683499720797,-51.535973275774566,194.52872719872462,-0.0009138063789261401,0.04437413591338138,134.53358876009108,-2535.7037432556313,-0.002563772426645799,0.000597876991646547,183.1888558975634,-35.894480856216695,0.00015845257139489424,0.0024252546255074912,148.9530204319721,-167.74926574722642
156,50,10,205.14630793838887,-0.005013256549262,-0.0,-56.52854330708659,-0.0,0.003993857345863936,0.06322304169898453,880.3089211608095,-337.3377372271498,-0.0008010071661379921,-0.0048629444168532265,105.5971638545275,-84.32621585684383,-0.002176953844604758,0.03606759222926711,1555.912888565354,-318.69423595873394,0.004420568003660526,-0.0016407381922547931,224.25263068489886,176.85737153931822,-0.004172695424641211,-0.0017367034542262547,57.261802386379195,349.52631443951253,0.002009886773744352,0.003706263170827615,-159.79954892415296,264.2598539707633
157,50,19,1885.127706744201,0.009525187443597805,-0.0,-454.3624507874016,-0.0,-0.009052693190775753,0.062198812857411565,240.91659607851898,-46.943672594782825,0.008417706238090104,-0.0038429733391382825,-9.371653434979594,285.80653102996837,-0.005836251495751229,0.14242301020769413,-431.0997434285266,4454.617828557817,0.005475213455569396,-0.007478504945253041,239.30752006855187,48.58819579877559,-0.00363384898256984,0.007430863926712492,-45.27653842092337,52.1825300552423,0.001717187003052289,-0.008136478471580453,-258.3456587538349,-182.12484314162924
158,50,1,29.64613998432719,0.0005013256549261998,-0.0,-10.483759842519689,-0.0,-0.00027925481817276353,0.06725946358454396,486.60362341576734,-827.0869127972194,0.00045734924530040766,-0.0002710487801330774,6.891055363468471,-15.003162727070544,-0.000407173107315326,0.00020763666059171927,17.25345987559885,-49.413322328867096,0.00033993167292787843,-0.00035551916103858616,-22.04179461357205,-27.72486083935758,-0.0002641448188879251,0.0003349301645985668,-44.18497461411833,-7.197420521008321,0.00018147926599958712,-0.000409648541634556,-20.306814709342913,13.252544555521567
159,50,10,47.51154522337059,0.005013256549261999,-0.0,-191.63779527559055,-0.0,-0.0041360775101903415,0.23497016278266353,430.6052262795321,2701.164621352787,0.004454292461496595,-0.002409470769973682,213.01547544376567,43.50301536791805,-0.0038076900345319666,0.0027765486414903576,82.4259964368299,-684.4199399886362,0.0029747995975097524,-0.0037227474910950693,-209.08671534427847,33.0029781616359,-0.002038320368073739,0.003899822534084504,-433.74090867643565,-309.0762042142784,0.0010610125976202559,-0.004218571061289207,233.33103631688317,-64.42939259811232
160,50,16,133.39868035527542,-0.008021210478819202,-0.0,31.480068897637796,-0.0,-0.004186714206505958,0.07622539511255011,-400.4505568800189,-1023.9236715196544,0.0030834285736757857,0.007158445621854282,136.2580291020651,-157.8403917796807,0.007578831977614475,0.0013442730555625127,271.37311270964915,-93.33333275241513,0.005181813396239491,-0.0054185851728135205,396.5853085030604,-0.6507964822932538,-0.0015663437994612877,-0.007034408177638335,399.5171077557591,187.91026243488233,-0.0063875164558783865,-0.002460314336441776,320.72451722963643,335.37981349592167
161,50,1,30.633495235468622,-0.0005013256549262004,-0.0,7.473179133858275,-0.0,0.00027884117254121764,0.06046043148966161,731.9209663408061,435.40768073232636,0.00045965174062981826,-0.0002556644387190821,10.008652200500197,33.138809052094956,-0.0002508112658033347,-0.00045654484632091116,-8.37166932017441,-28.465453434012986,-0.0003487102398534251,0.00027895119069701844,2.6294136623304833,19.53577433123638,0.0003541027533935722,0.0002499502157745349,-27.097499571246324,16.089790302216258,0.00019596712505756564,-0.0004000466053848387,16.472172385877954,-23.335208525291936
162,50,9,1323.3605890118822,0.0045119308943358015,-0.0,-30.86023622047244,-0.0,-0.0009558641376849261,0.06436076316299574,-350.3235710285532,156.0788449928662,-0.0038569258964336246,-0.0021603313785693804,-104.97039711172998,-65.1289909208554,0.003027956952115715,-0.002964272941277742,-95.00432798594895,24.354997851454137,0.0021656647012331972,0.0039033852010975567,-134.70858767158612,135.65908936738947,-0.003866028276128429,0.001853153741835948,-190.92738835754736,106.76851665702634,0.0025139120822537616,0.1346331985522067,3683.148438800575,-3170.0230271778364
163,50,10,198.0393587289013,0.005013256549262001,-0.0,-8.43651574803149,-0.0,-0.004792598751351439,0.060344210224023996,844.7723518690583,-292.958625127895,0.005174520735186684,0.045278381162477246,-1221.7572275183031,681.5838572766406,-0.004732968036156269,0.0007468439505638776,88.76012903621321,149.8364773936657,0.004521500385334333,-0.001254691787426361,163.00223516447429,147.51874258781834,-0.004267910994010678,0.0013174858066639361,254.5015747019733,170.74196378690115,0.003971426723240659,-0.00162793988613882,267.7336245312864,103.66148847097085
164,50,6,901.6767017193749,-0.0030079539295571997,-0.0,-93.09227362204724,-0.0,0.0026331022652190126,0.061722216079518756,-151.15338744057738,480.57493155222784,-0.0009836652220528697,-0.0028163281868602316,-114.08024959724563,38.65835014570774,-0.0007884377827643926,0.0028247307677119185,142.57693088551133,66.51385506580522,0.0021825766156133466,-0.001629755239792034,-104.00384031420958,110.90260220272842,-0.002681201710759826,0.0005084469886416985,192.51441749151223,215.01633285923717,0.003447040228704231,0.06847615176277431,-615.4152209542717,-4415.655037550386
165,50,18,803.48299191031,-0.0090238617886716,-0.0,20.215797244094485,-0.0,-0.005450617357810519,0.06698908573646296,155.5185515078689,-550.1813312358728,0.0018792880726340472,0.008639937991848996,219.47913066864817,27.9449119197033,0.007750374415260208,0.003943168060359905,97.03916016963973,201.7153755759013,0.007651193089897411,-0.003333869000535367,-176.5216509712105,121.08156154036166,0.00201435206817611,-0.0074368480430368235,-221.1204374807853,-341.6364000181458,-0.003174427243936428,0.06935923064610221,-1568.703547257287,4003.9173365962215
166,50,8,268.4321982356518,0.0040106052394096,-0.0,-53.33169291338582,-0.0,-0.0034554692365462046,0.06171413378120882,348.3985941430924,938.7150304372071,0.003156113717360588,0.08173621677746964,2109.77971545444,-1376.063933540567,-0.001170080662185744,0.0034231666285409797,-48.69112472236896,-203.93621586769243,-0.00042340051440203637,-0.0038569150990387,110.54427076494217,-211.86347696925316,0.0018253510338838389,0.0029834219483018337,232.38158040448727,-18.74999660249168,-0.002791833218798175,-0.0020584034175236544,256.08142918238826,158.98434485402927
167,50,13,1026.2758974039605,0.0065172335140406,-0.0,-87.34498031496067,-0.0,0.004100566256162887,0.06519249049485012,-437.0481687246244,-175.82434332838514,-0.001747403502433408,0.006185545263441835,-55.44108162004595,-123.74947866972789,-0.005834956902333346,0.0024326213658091246,47.130835945899975,21.26265950503168,-0.005159879951607773,-0.002725373481137865,-223.04298526536795,-61.54019689548756,0.001205863073728402,0.10589420044765965,2374.2426035940157,3950.306677049823,0.004084381933721666,-0.004384651145179981,279.348442056914,32.23894954474274
168,50,11,135.0579808396768,0.005514582204188202,-0.0,14.888533464566935,-0.0,-0.0006363595451994363,0.06539743092756908,920.483663532984,73.52853204245366,-0.005173462254028941,-0.001689348838697929,150.85174734130692,-83.2066990551755,0.0023156337873475605,-0.004810554684537581,-36.19685747437705,-210.97324687584018,0.004229515372344243,0.002881634130871659,-265.28140412652715,-123.96601183777614,-0.0033786674522776716,0.003572471794065321,-265.68407333664555,208.1599827075214,-0.002904170944896753,-0.0037159460057628285,55.595481780183825,359.75594813469195
169,50,13,39.63575879628967,0.0065172335140406025,-0.0,24.81496062992126,-0.0,-0.00028191639341816605,0.1755514337980952,-2075.850749393657,1517.7450435469693,-0.006202749670338399,-0.0018182038590028135,-255.46074729121,-235.47321791809009,0.002303948792368348,-0.005949189588499118,-16.709834033839385,140.0520475783071,0.005318207031532287,0.002833995837310354,202.4261353429254,97.0922845635843,-0.0034292673734501646,0.004647885320792908,-354.56840673265117,184.44465925971687,-0.00404996453844731,-0.003860207661547216,-170.76960956229178,-234.21458840906544
170,50,11,49.03745853086777,0.005514582204188202,-0.0,-77.60728346456693,-0.0,-0.0011903495555732216,0.23882329659940355,877.7698474554576,-2783.9602645965006,-0.00408810307084537,-0.0038692883637028953,-129.55253755180547,-45.726977254053196,0.004657403862337867,-0.002698912419537905,-1017.103587745873,360.6514701755938,0.0007061648044319086,0.0049624881663794295,234.74694415468153,125.61200159771916,-0.004817730078264784,-0.0011740618234454422,-270.62468843166846,45.22823527056791,0.0025664016539049435,-0.00401640348075004,-187.89179674272594,133.4390071594264
171,50,8,103.28671762301977,-0.004010605239409601,-0.0,10.258612204724418,-0.0,-0.001116808455417206,0.06374306842793429,-293.23197108224014,853.6059817879693,0.0030974610067174514,0.002354225242208934,112.92384538449751,31.47666707715379,0.0032401178373124254,-0.002130241480270713,-49.08259033612465,-124.4702315256564,-0.0008838439923505552,-0.0036615624329876697,-119.64049664860137,179.26776122509892,-0.0035735918637126787,-0.0003627917000960319,243.1101068947502,7.49379055591876,-0.001416722471700738,0.0030901483627158335,-163.97222810253027,-211.10325331245974
172,50,1,62.902009590860224,-0.0005013256549262,-0.0,20.764025590551185,-0.0,0.0006873607871401115,0.059986500676723724,-154.40161914084183,-840.5615751921383,-0.0004923109723435118,-9.396308794804031e-05,19.60898964991775,19.92201679008852,0.0004801527934877487,1.9240581714976856e-05,7.105745949363983,28.222573577932693,-0.00036199495004050615,0.008116137147645655,-403.48822106586937,-232.58351518076157,0.00044413507688229216,-5.401707168111336e-06,-37.70909043652448,-24.880621608573442,-0.00042316110814923335,-0.0001045024499000493,-49.46844937322798,12.029113667546536
173,50,4,188.91118489388828,0.0020053026197048005,-0.0,-8.240157480314949,-0.0,0.0015732708582206574,0.06142339449358016,528.0330094525751,749.3889886742646,-7.45053161927523e-05,0.0019278587695897818,68.99748083348828,-50.87231206183421,-0.0014366971056405202,0.0013392846828949097,-10.918080487425275,-144.24271648260398,-0.0014910859848382343,0.02940934890623783,-367.55256675357384,1608.6170050644312,-0.001146366902890523,-0.0015399000780918532,-121.650105753864,155.70883608457777,0.00019114070149923556,-0.0017898837517330696,54.53212006549634,158.2093149017493
174,50,5,427.8550405388114,-0.0025066282746310014,-0.0,-49.2972440944882,-0.0,0.0021212658287891265,0.06157273623912018,-794.613163471106,-439.2803835059169,-0.000491934887915046,-0.002436908486547241,-53.62958513847595,39.40034307101682,-0.001119658673990203,0.00219732267582611,-26.934703562111775,-45.77221597337001,0.0021513297367858958,-0.0006847720176300435,-193.5440245216936,-248.08469597047466,-0.00122829848911971,0.05830991663665533,2814.3505358777848,2574.281105003646,0.0012053394248335949,0.0014151305273594076,198.28209265252954,231.9142550717278
175,50,17,106.57238278925671,0.008522536133744664,-0.0,143.19463582677162,-0.0,0.006822111645298385,0.095962476057889,1354.0046602983814,-54.52430307562932,0.0015680837445594235,0.008103168634939905,-218.97889534816647,47.76564462518816,-0.003945525892863082,0.007107685780087868,158.91311834622647,308.1599020279188,-0.007381110600214539,0.0028737756181866944,226.43773661029758,-310.7057265675487,-0.007254202524508731,-0.0023946281118666893,-433.0191697146207,-60.426252037016575,-0.0038924261628738837,-0.0061636505345593305,161.2844750609034,426.86621289273666
176,50,14,729.179690777959,0.007018541849009319,-0.0,355.0912893700787,-0.0,0.006548318172841193,0.06305882865384708,-37.56893816526608,554.3457829853313,0.005440982657520122,0.15064374141716758,-3196.148538603467,2256.94122160743,0.0019182969633923244,0.006068446878681989,501.1106811216809,186.94575802755492,-0.0009036151294314591,0.006248288150112074,96.7214591207267,155.3743156139349,-0.003368105038457144,0.00513933262783695,-115.53618096545301,343.36094313719127,-0.005012135049749162,0.0031383437784202103,-93.05350664106223,319.50858808113134
177,50,12,144.0689959471623,0.006015907859114401,-0.0,0.0056594488188966355,-0.0,-0.0017338103969638085,0.06564199713335336,650.5883640279578,-655.7052599650804,-0.004692968688190964,-0.0036729864952770616,-89.45749526847206,-173.51758259931324,0.004800571794288793,-0.0032638979104364554,-198.7896187100939,132.78210786483007,0.001461156615460648,0.0053772365381602825,210.76775194441697,222.4742198690081,-0.005373460760848221,-0.00036306973535223396,204.6538659362303,-306.31113981032433,0.001946737277869711,-0.004763456724573798,-367.867425924698,-157.34224043937942
178,50,12,2191.5408248856006,-0.006015907859114399,-0.0,-72.3444881889764,-0.0,-0.0019106589671514613,0.06569899696419244,207.80519341407592,-56.467419941291475,0.004458991746645987,0.004100553927899034,-69.15873831215649,-45.81190454905487,0.005089448282637376,-0.002027131024953646,-164.15885029279002,285.4365706977618,0.0020609300573247455,0.2198815484179156,989.4440446192315,-4461.299551652373,-0.005270248653215775,-0.0022065619149253105,41.0146658030496,-384.6291176359345,-0.0028119811244212293,0.003730652288406504,-165.8797061112354,-51.4249706507902
179,50,6,645.3887280007069,0.0030079539291129028,-0.0,-42.02140748031497,-0.0,0.002675865857669368,0.06168260921044076,22.482335643417443,-688.8635833229634,0.0011224519587377695,0.0027668637177029735,156.48960025331965,94.98882510056443,-0.0005748616153913574,0.003077866098097134,50.73142627422532,115.47977044360903,-0.000923794649246169,0.08708493087438464,-4039.4780674288468,-1673.38673732919,-0.002650533697984509,9.9027657192022e-05,-44.7232247208873,59.59458922814854,-0.0023632643255260383,-0.0012288541762259146,-275.18146573481886,-17.764840589286493
180,50,4,143.5295747703532,0.0020053026197048005,-0.0,18.035925196850403,-0.0,-0.0013255413433035607,0.06129129524044805,423.0507566520957,853.032507617279,0.0002958488688524285,-0.0019626608984982565,-35.24753403050208,70.47021076621132,0.0012779440799058953,0.02877297143610087,-939.9112869878342,-857.3691381519492,-0.0017850257123297802,-0.0006804173773385052,-92.4320201616826,-117.23307572240498,0.00164577323100314,-0.0007888350787134497,-38.31321285889664,-83.13297399219967,-0.0007481029911688232,0.001480169480734648,43.6900744011482,-116.9560729632911
181,50,5,155.61570038316415,0.002506628274631,-0.0,32.081200787401585,-0.0,0.00020410258303546575,0.06247213602310372,-755.91770176351,-534.0753541642607,-0.0024626980080022904,-3.302192561321672e-05,65.49242814168822,1.510863306942746,-4.551965605957516e-05,-0.002421232853339673,-79.32961730041039,55.31882740059002,0.002334491116447691,-1.5502844857657573e-05,-9.008064425040487,-185.2598741162237,0.0003369474326725407,0.019205770873047805,703.4458884838158,1098.1941991742356,-0.0021368756175365383,-3.33009626793864e-05,-140.76872278284048,-7.262687334193208
182,50,4,57.563624457408565,0.0010825329229236327,-0.0,1.3922244094488214,-0.0,0.0012659988113777844,0.06005144936914749,807.1896850976099,-193.73129647146237,0.0010624262892423668,8.213499125668669e-05,9.311936257604437,36.20230962270004,0.0010385049671770138,0.0001948098447870687,34.20943170322766,-28.958727289897485,0.0010058469222426077,0.00028151931338644764,-24.444918793423764,38.14476369849255,0.0009653842102291636,0.0003583096832850358,54.15480140653807,-46.53861341409653,0.0009330988233670043,0.0012186904238172711,-116.12319919357039,14.318467878180506
183,50,2,132.51690294845469,0.0010026513098523998,-0.0,33.132135826771645,-0.0,0.0008986827527605283,0.06067780623987711,-740.5645553554494,422.7489974111254,1.1972002998153766e-05,0.000920382172739151,-9.202291662905065,6.023102107489776,-0.000668375998881944,0.0006795461502020357,-73.68612296106619,-28.3580127486375,-0.0009330703103660389,6.398218011048887e-05,-21.720787363639545,-59.79037219737066,-0.00039702293582403835,0.015749840319594036,-395.7217208172324,1012.6120198222927,-3.428984520448966e-05,-0.0009644181988984759,-29.11316842969297,-9.812273275721454
184,50,1,28.844200042550668,-0.0005013256549261844,-0.0,6.362204724409445,-0.0,-0.00017816881429071673,0.06409299689337312,484.51659503819974,-778.2325557144284,-7.452119823360923e-05,0.0004017018028448763,3.8464845129252523,-10.861792154940183,0.00025508611302844274,0.0003604028282041237,-7.4364121025501175,-46.06030413356921,0.0004454336901981277,0.00010463639006722996,6.280445938284521,-42.48104410810121,0.0004113242643361411,-0.00020478668551249775,31.299346665278165,3.6099178890128076,0.00018634476644907767,-0.0004061652736553483,-32.28131861766343,26.52616672878835
185,50,10,125.45456897645786,-0.005013256549262001,-0.0,5.344980314960638,-0.0,0.0005956226845821963,0.06494398995715639,-274.020964347382,873.9897162308462,0.004858906079892851,-0.0008811172198019481,115.48013966065253,-72.80844977309987,-0.0011689813038321681,-0.004717979366079126,-178.9963939797796,32.020259894863415,-0.004422756774022497,0.0014665705494510237,237.74972408575604,127.4873895420265,0.001781374853689814,0.004092397885744208,-189.91029927444222,-249.08616232904717,0.003769197272934572,-0.00203167120408696,54.642174595314,328.5534839687792
186,50,2,36.62495356814035,-0.0010026513098523998,-0.0,41.58735236220472,-0.0,0.0003631184395882369,0.060955052274270005,-183.87456683256892,-833.6637621559108,0.000936705717191084,0.001579342599107454,57.32286422180152,-19.253746684705437,-0.00048564239323879157,-0.0008821397534736053,-17.60488278092225,-33.89505281138588,-0.0007124616692227763,0.0005695635210387446,-4.662072403249929,-42.66776425038725,0.0006909444661236928,0.0005450167919784812,-26.273625574406935,-44.18098402053554,0.00042061860588651787,-0.0007656636368040484,-28.82163234073382,-40.303860860498254
187,50,4,31.50001179409121,-0.0020053026197048,-0.0,-25.447834645669303,-0.0,0.0006438934281871122,0.10751831539762108,1129.9814016994726,1150.2331377007117,0.0018726879793283684,-0.0007497939206343746,-52.168471068909085,22.425858265944164,-0.0008754634564538455,-0.0017960234967160514,58.93956876539099,-66.93672945452869,-0.0015117490210832083,0.0010414544202665664,-39.297088900582395,94.85482168883803,0.0012682562689898087,0.0012249042145011475,-39.574329876705164,-109.9103462592556,0.001003840796414774,-0.0014188482603692755,111.35525920001098,93.084633384738
188,50,9,1518.452867360704,0.0045119308943358015,-0.0,-59.882627952755904,-0.0,0.0023029606088348833,0.06399257836377954,-155.29883409761354,300.476516522891,-0.0024680235049722877,0.0037322390173245685,-178.97774340294825,-60.19579116944589,-0.004311483813288405,-0.00024775879075664657,-62.82049112154807,-87.51842090880729,-0.0015911479023358733,-0.0035017300933807343,-196.26754362733294,152.71946394306568,0.002588252660431059,-0.0021892608453797,-369.30496647563365,-16.778629602404855,0.007056491371478633,0.17521862430327895,4784.6703643690535,863.4263802093251
189,50,8,110.93263596170029,0.004010605239409601,-0.0,2.78346456692915,-0.0,-0.001092999784592774,0.06377462196280403,890.781110096504,-259.8739439464415,-0.003018286338647064,0.015115363737876274,-454.47290859026225,-12.688678909522823,0.003199840512592619,-0.0022332985533895684,-111.77689936893088,-96.42180541807599,0.000973674838028501,0.0035506418824035636,-212.8994120350803,60.83950454523647,-0.0035827018711874557,-0.0002671716333754991,16.81994867609962,256.5628764484273,0.0012974463391619393,-0.003195716163186109,262.2497206398745,86.76797548124262
190,50,0,26.2037770715862,-2.3288662664988637e-19,-0.0,23.55191929133859,-0.0,0.0001884006432323233,0.059969590011412124,-704.5126479906114,456.46922942488266,-5.034924897548938e-07,-8.013226403907447e-05,-9.489076358457421,2.2503959874151844,-4.2464446890015984e-07,-4.5054843453655964e-05,-23.467054630634696,-5.2579642988121655,-4.0257881697660976e-07,-3.2034518016806024e-05,-4.1825983220185625,-8.039098217974324,-3.931236876372607e-07,-2.5024972828921514e-05,-3.929602376154219,-4.336567935780585,-3.881713787912685e-07,-2.059069222343534e-05,-2.5884198743314237,-4.130281867846459
191,50,9,454.8300678733919,0.0045119308943358015,-0.0,230.40649606299215,-0.0,-0.0022893330242204366,0.0637876755183603,383.9075584743855,-803.0236580167937,-0.001733825771727687,-0.003930688171529153,-105.46807418837884,61.86271528026934,0.005161592792457075,0.0960871210837532,-3043.452629816602,-2551.004236126774,-0.002919560192325176,0.002666785647251302,112.73091376267296,-59.23270204519945,-0.0008840206611214598,-0.004144786736974484,126.10965395442008,-458.6711016624109,0.00358993495738338,0.001222507168710999,-207.58658234245812,-10.01573463638126
192,50,4,181.0463883389374,-0.002005302619704763,-0.0,-22.878690944881882,-0.0,-0.0013171849060481886,0.06134856029801004,-52.01908997017896,934.3422960798545,4.958459759241518e-05,0.053044108234308864,1515.005544877423,580.1564708764522,0.001051167370219434,0.001445438503269511,66.79920978288483,-58.46503804448355,0.0017955641197471128,0.00040939496295158614,-73.59183087424412,61.92772633210807,0.0016226096665760475,-0.0008379377219588195,88.08230277590259,57.71221174009746,0.0006874535099717571,-0.0016231792752094967,25.005375959679835,-110.37190014779806
193,50,12,838.2445134384299,0.006015907781470526,-0.0,-89.66707677165356,-0.0,0.005381663138523861,0.06300448353680779,-245.58372231655264,-504.0110967738694,0.00297670096220607,0.00515341391346264,112.88101073396444,-36.467298118617265,3.8983889885609295e-05,0.006062958010565948,138.22553711135382,-17.10716068049247,-0.0015555707926909836,0.10078568412776912,-1577.53714643857,4314.246150299839,-0.004641094802305228,0.0022869346107159544,29.362306526038907,47.52731223469662,-0.00513133227840555,-0.00018712590829648667,142.87585328060044,95.36980845068727
194,50,5,98.08141157221782,-0.0025066282746310006,-0.0,-10.583907480314945,-0.0,-0.0002173800553297368,0.06245850655496284,831.7606690769899,329.13687183565867,0.0024573162940513715,0.020699656692509123,-362.22159231551956,-524.5517093429066,0.0011327696872809336,-0.0022180966559830245,50.17280281595226,-100.9942172993957,-0.00185445645832596,-0.001478070273292224,33.78164888600134,123.0119289058656,-0.0016359185359798246,0.0014914821247903713,-109.25904241849052,-100.99849051240278,0.0011889530650977015,0.0017387512004922749,168.29084546279532,-46.35195920526869
195,50,0,27.004344265451703,-2.3288662664988637e-19,-0.0,18.872047244094485,-0.0,0.0001884006432323233,0.059969590011412124,-775.4322151119216,332.6393316807224,-5.034924897548938e-07,-8.013226403907447e-05,6.701607215653959,-22.300387457436802,-4.2464446890015984e-07,-4.5054843453655964e-05,-17.29338623382199,-3.99955606514703,-4.0257881697660976e-07,-3.2034518016806024e-05,22.258773140955643,7.941348280419505,-3.931236876372607e-07,-2.5024972828921514e-05,7.493409207079885,-2.8646579031116937,-3.881713787912685e-07,-2.059069222343534e-05,-1.093701554656684,-2.2093637680532567
196,50,11,80.74134348983712,-0.005514582204188202,-0.0,-13.006151574803141,-0.0,0.0004368968753027458,0.10064016011542072,664.3081976439211,-1365.5156434401986,0.005409837763264987,-0.0003993407383833656,145.18114308163302,-75.79991213246106,-0.00039979294175222747,-0.005354934688227844,204.9120389796324,31.489068173375955,-0.005111014691746632,0.0004646606844146245,140.17829041604418,249.20477510974564,0.0006179020424886135,0.004856429559947962,-54.628046765630565,309.9299546699655,0.004645795429415237,-0.0007386925618824478,-270.67691229001855,251.9859786182715
197,50,3,268.77765742838005,-0.0015039769647786003,-0.0,62.52140748031497,-0.0,0.0013053846856836224,0.06099142836025553,65.5130759815427,986.0595757415923,-0.00016686178005566972,-0.0014866939557010052,-10.509241557463822,43.58475935660731,-0.0008335561593915053,0.0012924156975721325,140.0754686123337,37.174131016263566,0.001944971223683386,0.04582582682790633,-1716.3898972552558,-1979.357429829487,-0.0011830742109687669,-0.0008796737638531909,-25.704104606350775,-172.46974242599904,0.00042410746925305103,0.0010769361023902722,9.86092169731679,30.621566544144013
198,50,2,206.81536582999254,0.0010026513098523994,-0.0,47.183316929133866,-0.0,0.0009246188821715074,0.06065220551493772,-529.3383379304697,-727.3989861954666,8.614631042705503e-05,0.0009196298736979518,44.75959367743328,3.5929011232313353,-0.0005857716337125458,0.0007528535216499767,40.121202950713794,57.83270018336886,-0.0009191160619484655,0.00019077040513756514,-8.552301466029027,63.59448848524182,-0.0007558803667002214,-0.0003713133828152583,73.40024089265033,15.200909004635239,0.00024390267751074927,0.02393620841828863,-1355.1267008700179,-1223.514687049895
199,50,0,26.61748509180551,-2.3288662664988637e-19,-0.0,-4.8243110236220454,-0.0,0.0001884006432323233,0.059969590011412124,761.7717958282975,379.15487545884645,-5.034924897548938e-07,-8.013226403907447e-05,14.124715067451977,12.636633556939948,-4.2464446890015984e-07,-4.5054843453655964e-05,-22.71307365798886,8.490504893552327,-4.0257881697660976e-07,-3.2034518016806024e-05,-5.872834442405493,4.369233836466035,-3.931236876372607e-07,-2.5024972828921514e-05,-0.09353746978268304,17.901318485821736,-3.881713787912685e-07,-2.059069222343534e-05,-17.41034545509074,0.8045905115895857
200,50,7,365.0866773150887,-0.0034716880117768804,-0.0,222.50565944881888,-0.0,-0.0031832474956239834,0.06085394630718096,-764.9447140004744,29.28304609850277,-0.002510943557436299,0.09234199950763655,-2531.004005768904,-988.3664542464179,-0.002629409032753723,0.0018058290441947205,60.748745607259885,-129.34420022968752,-0.0020483073741891186,0.002369229134945996,95.57102533991011,-138.73142167295475,-0.001390708205164453,0.0026917551129201963,131.35613859045293,-193.85881253958254,-0.0007089854881293475,0.002814251044981544,133.201317113491,-180.78436598239068
201,50,0,25.920822363696832,-2.3288662664988637e-19,-0.0,7.6190944881889795,-0.0,0.0001884006432323233,0.059969590011412124,708.3305545813735,-446.9575563447025,-5.034924897548938e-07,-8.013226403907447e-05,11.201618418339775,-21.492556865870053,-4.2464446890015984e-07,-4.5054843453655964e-05,29.900517339860002,8.451311797830101,-4.0257881697660976e-07,-3.2034518016806024e-05,8.121862835413008,-6.20703687567238,-3.931236876372607e-07,-2.5024972828921514e-05,-4.838406629440092,-3.8725746905874523,-3.881713787912685e-07,-2.059069222343534e-05,-1.1156105929406066,-9.630957791545322
202,50,1,66.74155373565101,-0.0005013256549262001,-0.0,19.2320374015748,-0.0,0.0006808753187013098,0.06005577025021435,-414.1752795207321,764.8243954725766,-0.00046686899848063346,-0.00022568474558435015,-45.96471366458097,11.374710593923535,0.0004248617466654058,0.00021378589670191145,-7.5465615277284686,26.653494884659537,-0.00025308765776195464,0.009078407810383174,513.6372138928617,10.21781572007229,0.0003060635109218128,0.00026005680820996655,18.442528009708415,-21.91452910933274,-0.00023873936973633036,-0.0003980773858326721,29.026435322418934,25.357482124667428
203,50,19,2570.4303370298385,-0.009525187443597802,-0.0,-115.11761811023622,-0.0,-0.00617091717386145,0.06725114206094344,-142.13246496897824,-75.1875789259635,0.0009435998855599445,0.01002143313521606,32.02801171376344,-234.40545030352234,0.010483898751249887,0.3357957756031736,129.8467818472105,3949.290508660846,0.00867838746999369,-0.002941279067741118,90.49090383393256,267.06024045878354,0.004329008889882632,-0.00798326875746801,-265.36137219458163,209.3800703971985,-0.002420017537653593,-0.008213405142950847,-130.6050844134086,90.74467176532353
204,50,9,1152.3314202732752,0.0045119308943358,-0.0,-43.10728346456689,-0.0,0.0033846936705921164,0.06316405427342317,282.0285607719339,297.556746482381,5.574379142178016e-05,0.0044393002613196085,-63.00958560641454,-62.08403094853896,-0.0030058883542250893,0.0032493242361816424,-204.9422192526474,-5.283830179029026,-0.004196406705355757,0.0004796668568765892,-260.91215959276525,307.0767965486689,-0.0015026486707338967,0.08894990212316854,2434.6939603650953,-3858.3506892869223,-0.0001548065582760383,-0.004366524186873918,313.5220758591085,-220.11984330582595
205,50,8,105.86997752819492,0.004010605129117971,-0.0,28.85039370078741,-0.0,0.0036751911099512295,0.06191509807665048,-858.3601282807181,-215.49860408518495,0.002068676475569176,0.0032727730939404306,-88.03008445177066,-52.9629073920311,0.00016900443060689928,0.003804674067498646,10.16616208707602,-184.10319876360666,-0.0016753370739480899,0.0033069079012238278,168.79995281685052,-124.8004149733794,-0.0029688907962655713,0.0019923638986499357,236.98977302505796,103.87257183924713,-0.003405169505583886,0.0002796844061407943,35.475394058148304,259.401217529437
206,50,7,113.18514408592155,-0.0035092795844834006,-0.0,-11.323326771653548,-0.0,0.0006262882305586098,0.06343809982993485,869.2995919557977,-107.77762524085819,0.00333870756502349,-0.0009321618871947371,5.781423664954612,97.91150515362254,-0.001241558520005818,-0.0031695740302019057,-135.9804702828922,12.100731117785609,-0.0028643525011882013,0.0015673790299685502,-5.96790768554104,-202.93827555258844,0.0019334518633933324,0.00811195898681353,508.79567155077575,270.6726782124875,0.002179193608831584,-0.00209860756324023,10.32329624264555,234.81522240384487
207,50,9,257.63102139446386,-0.0045119308943358015,-0.0,2.372785433070868,-0.0,-0.0027820473539730264,0.0633781410128224,-841.6716331649807,560.5647626146041,0.0005558190185873255,0.00444234876503844,-33.49603061898073,91.93678620314442,0.004076795979476181,0.054562448108200316,-545.3737945012315,2389.713725927326,0.004067747883421376,-0.0012567358802176138,177.6494708447447,-16.456900753263152,0.001831174697400254,-0.0037207754139996062,-29.947880934416258,-183.3725896611922,-0.0014172317536373929,-0.0036655159928873833,-272.3954838483718,-75.70395236437325
208,50,8,401.35173880506284,-0.004010605239409601,-0.0,-218.66387795275588,-0.0,0.001278325178930121,0.06383411127829904,31.421286731146196,-926.4351656450337,0.0033527364742730326,-0.0020960577115842743,-169.0425744942048,-174.77802554138978,-0.002841411163905684,-0.002542654284160707,-95.60672718518161,-226.6783572973365,-0.0016722237828715356,0.003554633951803509,-99.2439237216379,-351.2644140545819,0.004404294422616421,0.05661028064505966,2286.8379519433256,2818.3145955637265,-0.0003064525825241891,-0.0037324688072953977,234.8762028416503,-3.490008607564999
209,50,4,68.01128226192387,0.0020053026197048005,-0.0,4.69143700787401,-0.0,-0.0017023904354818752,0.0606139224078843,49.20980531929786,863.8334277884895,0.001563723765061177,-0.0012662607281831353,-34.48320464681003,-36.00420888117015,-0.0010281573715008076,0.006352591720313347,212.0322890904002,-232.8536960885306,0.0004865762773663624,-0.0018516396610913585,75.4561521012999,86.71044863127274,0.00011214679521922618,0.0017569794114324119,-94.7522588574466,75.16469602743852,-0.0006495508228060165,-0.0016079557735295704,-104.84724849790017,-89.43699259077833
210,50,6,284.904178192817,0.003007953929557201,-0.0,-109.51328740157481,-0.0,-0.002801298493175391,0.06018288522857525,-587.5772905156563,-714.8150613456618,0.0029364909855147565,-0.00027287383935316746,-117.04824129096707,-123.45676514145478,-0.0022951445113561864,0.05920999088904643,2510.251599452236,472.4667071338603,0.002727312059851514,-0.000862662859089064,217.58552048430593,-15.045337794466576,-0.0025870908589995883,0.0006155035196226139,-76.03628089557228,-189.01521408146016,0.002415485388409574,-0.0009522920104425081,-46.82527426554082,156.25542558135197
211,50,7,90.63734355405256,0.003509279584483401,-0.0,-9.166338582677156,-0.0,0.0021017500523616973,0.06429497586357798,839.5827051026624,375.35602723200947,-0.001389529831746898,0.003073279781730708,30.654586506627655,-72.11635730601586,-0.0033273160887653287,0.0005022695632920083,-162.59238895186235,-37.557846147809556,-0.0022077779901716727,-0.0024433880992661915,-81.57424143170714,165.32514115163002,0.0007806049336996464,-0.0030674312186172027,185.42887608613754,112.5395174806377,0.002832134156064945,-0.000980932269880808,142.91194718658716,-175.29594676680483
212,50,10,1086.0194901976663,0.005013256549262003,-0.0,167.10383858267716,-0.0,0.0030199674874510497,0.06417682575076186,225.43515943101391,392.8514143437853,-0.0017543031389397037,0.004763666673874093,63.83786117020346,104.66145669338793,-0.004674739327324606,0.00171584483030597,88.42072460991723,12.485091695265739,-0.0011976644144423008,0.17874789369162045,-2156.9089677167517,-4228.321966988289,0.0005491395626398386,-0.005288540019742499,68.5648115276121,-56.6994035008778,0.0037859164400812287,-0.0024220076857996127,-109.13715022579723,-66.36804150437334
213,50,17,55.32054442304377,-0.0085225361337454,-0.0,21.811761811023622,-0.0,0.007385650439460006,0.3306462561023905,1276.1409463012537,-2582.5781491333096,-0.0010520773885910105,-0.008740765238081791,4.6948886164319115,-46.28738463218953,-0.004604973488592082,0.006528428805622887,-1336.7871369187715,-230.7557251549766,0.007686365485980422,-0.0021477105508087356,2.9276245200367805,-131.49373578829884,-0.006797744608186399,-0.0035981735684090764,-163.67289422283582,115.37995901967263,0.0026716740584299564,0.006641590664638603,109.17784869904764,-86.92474397305257
214,50,3,31.71069227367163,-0.0015039769647786003,-0.0,7.9020669291338566,-0.0,0.0017267360094552155,0.08913646451485531,-67.92674756104053,1316.5162413565447,-0.001286436718053825,-0.0008465975959900818,-55.336229851931826,34.795474140244515,0.0010339325289228712,0.0009421998331168262,37.67794996029482,-51.5941891744475,-0.0007212286649185058,-0.0012486443437150813,68.25316619166497,75.9816429470691,0.00037491866210359083,0.0012554441876886152,-91.64011264329693,41.37955575681807,-3.278496082847535e-05,-0.0013118181354097704,26.68566225342839,-94.88816059812015
215,50,14,57.87631740925872,-0.007018559168966802,-0.0,85.48818897637796,-0.0,-0.0004929151061789113,0.3214690675336037,-2171.426504133247,-1939.9423199299313,0.006272514858858003,0.0024366813558826333,-242.94823877359653,-79.89790739356985,0.00402977240670611,-0.00564179240812863,1019.5527562009509,-962.2118007185189,-0.004294292489670356,-0.005098706703113979,140.36584593063597,-307.74275198835005,-0.005506121164497269,0.0028945841170740865,-60.799010964395904,121.75735134704992,0.0017028043847036006,0.005625359771446135,29.755267140024163,-31.903230914931665
216,50,13,157.54380684025895,-0.006517233334816702,-0.0,45.243848425196845,-0.0,-0.0054576581732180265,0.06316657872362635,588.9160392948976,646.6101543342816,-0.0032941897517519006,0.0054101610260527625,161.7439328798165,-90.15937083883873,-0.0001577857332649187,0.006214832701958402,-294.93937631016786,-0.09164529158527784,0.0028568568173155703,0.0053236350897752855,291.4577395123604,150.84230868406667,0.0049240078740314394,0.003100094827952315,-221.67322399613388,-311.9974137779232,0.0055468411253584374,0.00025847854343950696,43.841801341657536,403.34818523336946
217,50,14,1051.4247881556896,0.007018559168966801,-0.0,56.59867125984253,-0.0,-0.0035548930464648952,0.06611528038915612,-116.43320423858019,390.192967384354,-0.0017757039235428373,0.1783837968596487,-3188.299868051977,-2482.1421170205863,0.006685756584104899,0.0003554782264739488,-484.4732958136978,490.95725788033576,-0.004170421578737192,0.00475810831231879,166.9026417221182,-58.142187334816676,-0.0019440889029311063,-0.0061748118478668745,-105.21692726807558,-122.35712799662119,0.005790570350824303,0.0013281911415176084,43.800645806859336,-374.304309181332
218,50,11,135.77727035108248,0.005514582204188202,-0.0,-1.2728838582677036,-0.0,-0.0004311972148873014,0.06542465966025651,910.4425647063466,-148.5173718177707,-0.0052799825062113314,-0.001295114435272572,71.12317714899031,-158.82613440409085,0.0017630201250292857,-0.005041491367606497,-181.93238700861792,-114.18078954978081,0.004619220772978736,0.002213127159149275,-231.8488830998781,172.73186354726317,-0.0026447252527271115,0.0041417757205513776,152.7982360590265,301.81641944353646,-0.0036589626650526032,-0.0029705801775136635,369.7460398898524,-80.3770959573936
219,50,14,801.2061425239441,0.006549921405962835,-0.0,350.9630905511811,-0.0,0.006641561176326052,0.061022452752835264,-237.29372685717252,430.07247842563976,0.006168492458384455,0.0020645786858300933,321.39962082080916,-85.14599946530242,0.006580210779273213,0.09508218752649565,-1601.9608376742262,3515.8549960939017,0.005102218595592166,0.0031650310597739796,219.30596697814426,74.90690579528025,0.0043867002068840736,0.0039061902814929816,191.3923616453028,-176.8781301756937,0.003595033743677989,0.004387224084761389,224.89976489249818,-16.104240759352415
220,50,8,581.0580681160909,-0.004010602559055056,-0.0,328.8459645669291,-0.0,-0.0033911920563713576,0.061909958845833016,99.89945207984366,-649.2711768522846,-0.001581854239226901,0.1325799329149098,635.4081320983705,3673.906446433246,-0.0007491953108314635,0.003423696159864118,142.80045022533224,172.29305098379078,0.0009717978203011813,0.003401069202168297,135.64695417833204,130.06784508010628,0.0023712006169809815,0.002543631948071195,-272.2986394957892,251.56974285112437,0.003159690725791128,0.001180184326751953,-77.65531279424589,-205.474257470551
221,50,13,2026.4572612778245,0.006517233514040603,-0.0,-115.80364173228347,-0.0,-0.002350729131084194,0.06601695115771357,54.29290918391386,-246.18414025770738,-0.0044405494414729765,-0.004524424678518192,-28.36500897965895,-107.05466448836103,0.005853021982965103,-0.001979265207396018,10.214584952085065,-124.55786975334497,-0.00022246358287447883,0.006568991600166596,9.063856871436275,-175.76260358332598,-0.005258594913974681,-0.0012956485893716705,-18.941143426702226,-299.4411882037604,0.00835490360360845,0.219715373716672,319.5489827129495,4864.830773020282
222,50,10,2935.7191145377033,0.003999150634826634,-0.0,179.93922244094492,-0.0,0.004153902438040329,0.060457959728914816,-170.07302308195509,11.939932427002175,0.0038655258407420357,0.0008998248790019648,-37.638279394597944,19.093345739358185,0.003704832485086264,0.0014533810776718218,56.47268799744161,-73.98522516333435,0.003491823564828378,0.0021682279936183174,355.0193910673197,68.12163314799945,0.005322601085477836,0.13580863478876676,-4796.522782731265,-560.1500834783288,0.002902383711814063,0.001431234300421075,-337.79538882078094,30.889096164664632
223,50,1,30.935441241445076,-0.0005013256505222149,-0.0,-11.681594488188983,-0.0,-0.00024118496036048626,0.0602281803500681,607.8741551355324,598.525857607753,-0.00021641439766834967,0.0037496567359976258,44.2042141804816,-72.70764927061883,1.4628249301812751e-05,0.00042820847894680086,-21.279593931910835,-23.695843815530985,0.00024973782068591575,0.0003576729855715192,8.00496129463969,0.14923201365878458,0.0003992979399492504,0.00017541148177164888,-15.420862142131254,-20.720736716427556,0.0004259701946369587,-4.99707699191593e-05,2.4186000155365353,44.503132049590675
224,50,16,1773.5579818060564,0.0080212104788192,-0.0,163.02509842519683,-0.0,-0.0016989030292217477,0.06814188591519006,48.38609671283237,212.5119269963251,-0.005049692395603351,0.3065349413069535,-3500.5929524150583,-1053.5692256642849,0.005052783972344806,-0.0066048736089763605,63.986260311217286,343.8633470498405,0.004309430789976256,0.00565230150502072,-62.92017017653082,40.80235294869423,-0.0066792156076093505,0.0023214672212679604,-240.2232790653702,-73.8201041440739,-0.0009467152551352818,-0.007024438849399927,-305.14462427887753,-791.6494419572333
225,50,7,2298.6446358719854,-0.003509279584483404,-0.0,6.831938976377977,-0.0,-0.00020571500916481206,0.06349634986483298,92.89297390945674,-197.02476869210386,0.003359959676938775,0.0008195179563938908,-108.1668079488558,-3.8530508688718768,0.0011241126048328234,-0.0029757874205701283,-173.33000176163435,-26.757966647262787,-0.0029327690879040434,-0.0008724243764760771,-219.4300095760708,-68.36027086539255,0.0004047920006171418,0.1355381547046644,4270.623422755301,2272.5331963238473,0.0023140459488419553,0.001127320230342446,159.6947460191019,139.85281021537043
226,50,18,176.67298692149674,0.009023861788671603,-0.0,-18.403051181102374,-0.0,-0.008078845202273009,0.0634856412440029,-847.8073857722192,222.56958869027503,0.006148709396519054,-0.006465647193172017,203.36895585102343,122.34514338377348,-0.0030906135596019666,0.008055833801142694,-356.78719478553825,-36.124212749215054,-0.00031718364137929447,-0.00843093201667342,376.23696085713686,-163.47694924681105,0.0034380031640815333,0.007281939080862727,-292.60866939685445,360.4697871652334,-0.005737042735927987,-0.0051425497674102445,78.32998156059791,-491.13182499515824
227,50,15,1172.27103404983,0.007519884823893003,-0.0,66.57431102362207,-0.0,-0.003941387612521372,0.06625917258170236,54.908723189580016,-429.8778531609421,-0.00289114414404761,-0.006779455613473338,-286.37163039974996,-110.52300821740876,0.007106847937594983,0.0014398791554267579,-263.1304509547185,77.23872178287144,-0.00485482021821493,0.00532897530311806,-132.94471613197058,163.04024510990834,-0.0014571669232099423,-0.005876684877431515,-140.50636399643804,-143.87010281994594,0.008474087946010038,0.13416624826533813,4812.897453872891,457.397807014204
228,50,10,151.92004789710154,-0.005013256549262001,-0.0,2.662155511811025,-0.0,0.0036279377041718605,0.06363162018214594,-252.1929047630919,893.8033476589245,0.00046046743957127564,0.028983203366544443,463.09884791272606,750.9853956013917,-0.003654088018722061,0.003012901153528219,117.85077406004564,216.34424782513227,0.004644823105056084,0.00039118561014413265,-159.0240543849154,-168.31224298796673,-0.002750654345291551,-0.0036024063861441547,246.4026607401984,171.85586990260234,-0.000642707609340234,0.0041778910484161925,-277.20963073706275,-117.22693835580347
229,50,17,2177.5927049101347,-0.008522534089675104,-0.0,-202.92421259842516,-0.0,-0.007346945182848543,0.0639595795692624,-222.91126936808715,38.969299258496164,-0.0048349100872537906,0.006961574145396147,118.37585461045721,-124.68188146940604,-0.001124894357509,0.00847251916704564,182.15668119884288,196.3408087292709,0.002653595369704403,0.008415953226568032,-136.02247882891947,517.06000334272,0.008975438027745189,0.2226512802440407,957.5701961032262,-4599.79472261047,0.006964558592771533,0.0007686348480307375,-40.94845157571728,-522.1063935080963
230,50,2,132.1331249727094,-0.0010026513098524,-0.0,-14.62007874015747,-0.0,0.001010613103349078,0.060585359052861235,354.6596480561411,789.3262339343911,-0.00011795335455783136,0.03617996841778729,971.5355164938773,-503.44487594407485,-0.00022910285876441222,0.0008014710807667696,-5.24269505980221,-64.24839410080187,0.0006955884187426609,-0.0007036854864418447,56.356933860943876,-22.883419588679942,-0.0008911569149350377,5.196007797860086e-05,-21.998981659887132,89.77166267869475,0.0007579971010094901,0.00034418865533550634,-63.46365068179784,-41.04749358521255
231,50,6,194.63501746170354,-0.0030079539295572006,-0.0,-3.008858267716525,-0.0,0.0008233839353444318,0.06292849929067107,-831.781295497231,-544.8083800572032,0.002689499030988255,-0.0012012008767106528,-140.60854707727972,63.767091378714234,-0.0013214901473875044,0.04081417291582981,1417.2589677969818,-1109.0105554752904,-0.001841776295775783,0.0019324604765231124,109.61180408707439,84.67891047691056,0.002357214105568254,0.001190618063119824,159.3426688522111,14.07747980244381,0.0007291704523235496,-0.002535446442632599,138.52306238199287,-171.41230155574743
232,50,10,1425.8238751985598,0.005010838291978547,-0.0,-11.896407480314965,-0.0,0.004942596801399388,0.06156308941066766,-37.031224214660085,-345.35401869296874,0.004018811233323371,0.0029668536703951207,-93.70098051796128,326.85850145567775,0.002906268124665954,0.004317223790539078,-22.187145511426547,190.6282580886518,0.003460295127188987,0.15627936074265544,4066.6161014495406,-2493.622932989692,0.0001274903766606413,0.003780948654464392,160.63855749852294,-10.199273193654353,-0.0011758291827111077,0.003724379282347889,426.69789912063266,-1.8401118146416138
233,50,19,1795.8025130763676,-0.009525187443597802,-0.0,233.2586122047244,-0.0,0.0031191768444012195,0.06910786806424536,253.10157968959717,-57.13999225404211,0.007571718922620391,-0.005281895718468883,-31.34193531197977,-49.61146955836077,-0.007397294623720511,-0.004658554658756376,113.25689556651731,95.62461915426996,7.388079457655768e-05,0.23246978495735449,-4488.073395960008,-794.3569187806386,0.008508061543897702,-0.0010258962178925886,-63.737052476919274,0.877609054644864,-0.0025190768152991974,-0.008280412646082057,46.64382304772436,-102.71332210440038
234,50,4,209.18664461975686,-0.0020053026197048,-0.0,-9.71678149606299,-0.0,0.001226272168154586,0.06170684250985661,711.743498149365,-616.1216528399801,0.0009055030471630136,-0.0017282627533477268,58.34255402783606,-2.1417565244562433,-0.0015231534874140546,0.042464282377407285,324.8041050019839,-1877.7994443366667,0.0010765248308776995,0.001346801445530114,108.88617020847639,-8.905262253941322,0.0007110626612886622,-0.0017516545424781152,104.24171527021876,38.18561740361712,-0.001694152408207446,0.00015827333071196035,-13.15240527066409,90.20982107312975
235,50,8,124.88304124764721,0.004010605239409601,-0.0,-7.547982283464573,-0.0,0.0010349546705854516,0.06388603931916964,242.49256622594737,894.612139198506,-0.003586018446718641,0.0015984596931539845,36.44837291866314,123.09703604223745,-0.0021235650107259067,0.01605540016214212,-46.95390452318914,-715.247856498504,0.0024514417065808524,-0.0029155978336517395,163.7596635072918,85.7494844935025,0.003144216530794142,0.0016679777001069645,188.94852029762467,94.71814568327552,-0.0009750663631588255,0.003229994513292563,237.81444159032063,33.07572911350414
236,50,14,3869.490343405774,0.007018222607314645,-0.0,-126.34079724409447,-0.0,0.006717040814937693,0.06258530179636193,-28.48014291597081,117.22931628783195,0.005144372077390456,0.0048250758338349515,-83.72290060268341,65.65181537132074,0.003106011464914662,0.006747622453447675,-290.79085491110663,-76.8762314858994,0.0036909954937622527,0.2415209245906936,4349.41025893769,1371.4071471038635,-0.001579234124275027,0.005008683971320326,280.4151961841236,128.21646700908178,-0.003466133451381242,0.004296532238665944,-21.62648683381162,134.00323362852075
237,50,10,1190.0146193446042,0.005013256549262001,-0.0,23.061515748031496,-0.0,-0.0005612866713439,0.06493412670407224,404.3574145781491,32.044102617552674,-0.004702779152809995,-0.0014771475840221061,-40.55059296570186,-130.4938087707733,0.0021061868889457143,-0.004260206848234086,-156.50786405340904,-109.82622807962447,0.00384762419281082,0.002827371002767866,-270.32245695310525,-52.24250872527917,-0.0030640542772491343,0.0037226820360931672,-463.38148400514865,110.46680325796088,-0.0009824563085072391,0.0845551198163374,4584.547045504269,-713.9541643990352
238,50,17,52.468003318486964,-0.0085225361337454,-0.0,193.32234251968504,-0.0,-0.003028551311305518,0.16284337818392977,-2164.7918521981815,1075.5679855853132,0.005495940715073846,0.006107669924007561,-75.93440593395196,264.97303613583614,0.007847846231550517,-0.002450448549705879,-15.332357710930193,330.7456971166022,0.0010927286480759987,-0.007945078263901372,260.86259520833727,-53.62056932645471,-0.006440617951526423,-0.0041514263715663625,-79.13584733659101,-432.91494445311184,-0.006084173441260067,0.003915333459365665,-412.5596713979752,-121.98565437883516
239,50,0,27.55969477806065,-2.3288662664988637e-19,-0.0,-2.865403543307084,-0.0,0.0001884006432323233,0.059969590011412124,512.6736944698972,-661.5329067066378,-5.034924897548938e-07,-8.013226403907447e-05,6.968079027739494,-34.28604337880852,-4.2464446890015984e-07,-4.5054843453655964e-05,22.116965961869116,-23.487735866771196,-4.0257881697660976e-07,-3.2034518016806024e-05,-9.616630723599945,-6.804517808654135,-3.931236876372607e-07,-2.5024972828921514e-05,-0.29308200963133324,-5.343453219597659,-3.881713787912685e-07,-2.059069222343534e-05,-1.4213920573039618,-1.3918330999198878
240,50,4,493.6950778697381,-0.0020053026197048005,-0.0,-76.32381889763778,-0.0,0.0021658997021152125,0.060284735752690624,-495.39007905145536,653.2694987562502,-0.001895061799545979,-0.0005177524040285994,-160.18093431182257,-67.82780208722933,0.0017654170929846905,0.0009881254459702827,-83.96498785572435,-16.419390193814095,-0.0006453779386530196,0.07414153195979634,3955.700967807538,554.4672664200591,0.0013770682702131953,0.0007831659486127757,120.79315157074856,-100.17664063691753,-0.0011579414295634272,-0.0014619189751520238,152.63636693425357,201.672086754181
241,50,8,44.91082806629648,-0.00397465448508315,-0.0,35.30437992125985,-0.0,-0.0034407199499897744,0.13282959794107063,67.21719826312093,-2034.7582225073982,-0.0035089185308501024,0.0015479824371394653,-17.571522239393243,93.2626225053504,-0.0029650190786023097,0.0023227139672899453,-253.0915587183783,-32.67653252540131,-0.0022734182606884605,0.0028707522775473,31.058124412179904,-228.74495874241958,-0.0014938205704870065,0.0031975115450939957,229.73210324929062,53.3898857565332,-0.0006905865985768349,0.003300980730004146,-58.95074746343567,258.36280469352727
242,50,12,266.3332644875244,0.006015907859114401,-0.0,252.26820866141733,-0.0,-0.003392437110573966,0.06482250694418289,849.0552120376211,849.871804564901,-0.0016839140619673626,-0.005578374846790043,254.64915048553442,172.1189239618259,0.006081245950410816,0.0715081034351779,-3039.2404397559903,-102.98574360317711,-0.004696287793567664,0.0027900830914661745,-85.99041241344834,223.71993408011411,0.00033559744412251934,-0.005528855951142998,-76.95129334166401,282.5061842915571,0.003906898512944894,0.0032039206711228898,-131.59577370894763,232.02475504462765
243,50,13,179.85223835868362,-0.006517233514040602,-0.0,-53.53715551181102,-0.0,0.004261094685425775,0.06502408939235224,-858.5091635789338,-315.3548065065674,0.0013569157463515426,-0.0063292781171593974,46.34839057297327,169.57176058894558,-0.005597408608245164,0.0027765018927126974,242.65065477508062,-44.35214767088037,0.005524420425083546,0.0025081922375225227,-30.263482111940633,-319.0923333023344,-0.0014499490750332794,-0.005617720674009374,-366.8183433330423,-28.298097994657873,-0.0031253844940533153,0.014823841108287291,527.5638894474376,999.0512662464935
244,50,18,1006.5655895333052,0.009023861788671431,-0.0,27.41879921259842,-0.0,0.007001528311606013,0.06585763487002265,475.6824004093892,-59.96545708085795,0.0013316817056338915,0.008754334758506909,-87.1735805671392,3.957910503279627,-0.004598928259835051,0.007429119473639063,179.37751041578343,259.4460208850309,-0.008023099111166247,0.002688579844192332,203.25544646121992,-153.062603721972,-0.007403779839518865,-0.0027245811311029772,-113.0417203820738,376.9381052257669,-0.0015987969953118965,0.08659353621573097,-1899.9326431655543,-4033.121131719347
245,50,19,4296.4420133993935,0.009525187443597802,-0.0,-307.5868602362204,-0.0,-0.001353675152632846,0.06939273222707623,106.67054774096685,47.39414752081121,-0.008861988124443476,-0.0029315748366613944,51.26151769193764,-64.35445706087863,0.0043102515035049645,-0.007821164408115535,79.93904392933734,-107.55031499152044,0.00705259922845383,0.006067424763929098,-199.2650952490145,-85.84645956296701,-0.003708720855163629,0.16530407122369178,1454.1291572723173,4604.220164093331,-0.00453746020351649,-0.007638379855288626,-49.87797201103348,236.78626678710634
246,50,8,167.3340246981825,-0.004010605239409601,-0.0,18.385826771653544,-0.0,-0.0003616900545620122,0.06395070257291663,497.73769258713855,-871.1872629105588,0.0037904003555348344,0.001079551384335066,162.44379988773179,9.154846687744884,0.0018837337428264551,0.03160840980248739,-1220.6403414567885,-679.8562727720108,-0.0031808123171094987,-0.0021149315058543562,-82.18654994938453,184.83397011686162,-0.0022892279430501306,0.002674312046048124,-281.16457824410685,89.80887741662757,0.0023070109038224123,0.0024532218485662075,-272.85327202434604,-59.47931239637142
247,50,0,25.7775646526546,-2.3288662664988637e-19,-0.0,14.046998031496056,-0.0,0.0001884006432323233,0.059969590011412124,139.50254854636404,844.6501408077344,-5.034924897548938e-07,-8.013226403907447e-05,-6.525337438314878,30.58676759049725,-4.2464446890015984e-07,-4.5054843453655964e-05,24.588675549426327,4.515584999995972,-4.0257881697660976e-07,-3.2034518016806024e-05,11.324926314186772,5.336156166660765,-3.931236876372607e-07,-2.5024972828921514e-05,5.330425666765679,2.783579015360618,-3.881713787912685e-07,-2.059069222343534e-05,3.823541489234055,0.7397468329428212
248,50,7,34.59388886468398,-0.003509278394986433,-0.0,49.54872047244094,-0.0,-0.0026256038592391276,0.15670745897219415,-1463.7445788729042,-1892.9530512120566,-0.002027683037110255,0.002581799932193004,90.80170127673435,-24.593302596278853,-0.0005285588132156636,0.0032137195801517347,253.7511279134778,185.47887528779947,0.001009000532788979,0.0030257230387774046,67.07494268921685,172.47042937160754,0.0022196435937619414,0.0021559281155227694,-65.4878852797603,120.5786994266218,0.0028433665020058314,0.0008709304859380633,-191.23484667829396,104.24390049517807
249,50,9,406.2530968863104,0.0045119308943358,-0.0,-50.303149606299215,-0.0,0.0006958637198962581,0.0645981503301338,869.369497801017,224.0990016416708,-0.0035401062814822692,0.12504854256835604,-2408.463974644223,-2580.026598621746,-0.0014460597184956171,-0.004431892842071008,116.24040556161982,-422.2373673594693,0.0037772048161761555,-0.0020348505788375234,-150.60014218148729,-159.8773984496083,0.0021612907726525597,0.0032657375886325354,-346.1094268005956,86.32189116483316,-0.0029955253132833374,0.002299782749437101,144.58592486451917,241.01832439212262
250,50,10,135.3217476480953,-0.005013256549262001,-0.0,19.182578740157485,-0.0,9.439422665655522e-05,0.06498104125636181,-834.2673231197688,372.7156105882257,0.005021457567894327,0.016097065858524964,-402.08718715775944,342.1879247112124,0.00027145207336503366,-0.004892673192234017,156.37095322975335,-86.02293242257366,-0.004656776836645226,-0.00040513093455558095,-143.38998345927988,-229.1714743762863,-0.0004228412200982779,0.004426215738083257,-255.26860534676862,179.2580908527266,0.004244585375322476,0.00044957428459621406,230.60120823363724,226.97878310366733
251,50,6,81.87345389533365,-0.0030079539295572006,-0.0,6.092765748031501,-0.0,0.0018246464096214263,0.062477671798754617,542.824155129997,-701.2531895168472,0.001190080442738001,-0.00278465951997967,55.34602924207246,-69.09134969146854,-0.002852037389547889,0.0004249814591974148,119.60616410601874,-73.65772463348428,0.0018916254364821387,0.002034199289836616,143.96999181328337,-36.821431282614036,0.000669041645118073,-0.002632301255476584,182.28611647418802,30.327503788691594,-0.002428272215472427,0.0008021474176384142,171.50813983604095,83.44326606367181
252,50,2,77.68595249129714,-0.001002270749599429,-0.0,15.930364173228343,-0.0,-0.0007586044949782474,0.060287183209959065,-69.70863546148716,845.381471991934,-0.0007896187135993988,0.0005160455509604429,-10.108086667284994,39.25177845908135,-0.0005513721880571034,0.0007590998822139261,99.60637062739374,17.07850933558693,-0.00026577469210345715,0.0008967567069223515,33.00830394809903,-48.11727580521818,0.00014747805463608454,0.008466801730644126,-564.3077137547035,-122.86314552984456,0.00029369710636119843,0.0007399271384635571,-45.567224167987526,46.98233501304855
253,50,19,834.7920825482058,0.009525187443597804,-0.0,67.32874015748031,-0.0,-0.008605745717101269,0.06376874380234902,-471.6830165733112,-169.1030584019737,0.007932954539842376,0.18332898132083641,3752.3178662464547,-814.8333382930709,-0.003744672125600572,0.00785068954138349,538.86854498394,-58.79906887766101,0.0003307886774310814,-0.009151277075456425,493.6022035415501,-218.98612489104877,0.00288422278455751,0.007814024455954202,-471.68790927812773,-620.5729693258037,-0.005409589916895691,-0.0062186078744164985,-71.76173217149248,235.62281211534068
254,50,4,56.26477771787605,-0.0020053026197048005,-0.0,-0.7704232283464498,-0.0,0.0005453555346342789,0.06433397377316823,672.3152182345036,604.2472393364609,0.0018487749498291137,-0.0007622815001425815,-62.09842830061695,23.951233728966912,-0.0009707864151866186,-0.0017114022363345694,56.47141389209972,-63.46863082775067,-0.001424469731113163,0.001175222066577644,-21.359330774649838,100.75572453667252,0.0013823262528192054,0.0011178719864025086,-67.99743162991994,-92.79091389780719,0.0008416664749993131,-0.00150855684936244,139.04865410379006,44.326505765768935
255,50,6,1413.49446488619,0.0030079539295572015,-0.0,9.964812992125971,-0.0,-5.581122556019756e-05,0.0629928586718624,-352.3933881125165,67.90273834681894,-0.0029156184056601795,-0.00047624008958332563,-48.50664397570632,-14.963113290627069,0.0007021243093844804,-0.0026986822706538236,17.351676411964952,80.73102460775522,0.00265640267521327,0.0011370997355252901,-61.04369903906192,161.56540175293054,-0.0010598437000826472,0.0030571833948085736,-92.85645819053947,182.6135826746812,-0.00013722536360804476,0.11148960231542572,1041.7035837529088,-4759.937266965842
256,50,14,148.90014430853168,-0.007018559168966802,-0.0,-50.04822834645669,-0.0,0.0024725165658690002,0.06657317724032592,886.0194777610847,-284.82799782093286,0.005420934381122855,-0.004340257899973089,155.50690428454834,115.67944505992428,-0.00567137398758622,-0.0036941314578835065,-84.00173991049815,273.18300928290387,-0.0015464250525007404,0.006319639333182208,-321.07452525456904,-45.62904526233151,0.0062527046713561855,-0.0006161167455463648,-57.54457001840454,-391.2959035084315,-0.0024789731969421993,-0.005464384038367159,389.29044477294923,-193.3084346796
257,50,19,97.09105347734685,0.009525187443597805,-0.0,-107.33538385826772,-0.0,-0.009088653486810667,0.11765502287330831,-1575.907280977639,468.5021542872046,0.009250291284833718,-0.0015619884547137199,-32.98251735075832,255.6619316539697,-0.008919655787783441,0.0019646593458667906,-97.77975509418494,-400.3082458791778,0.008470588519103334,-0.002697762767076334,168.56215447900007,412.3238511259432,-0.00792634649405786,0.003089160372492958,-243.25558583095676,-428.0713720339523,0.007300382646708843,-0.003588544768124064,346.26625005799326,374.79778868735235
258,50,8,263.1347548231725,-0.0040106052394096,-0.0,39.64936023622045,-0.0,-0.002278254592582159,0.06322198442293249,977.7513824328786,-480.8383124623077,0.0014638395211490883,0.08850342787255847,-2226.4371615487016,1586.9193995657613,0.003504705059017396,0.0013476810334555479,-71.80250762606099,-132.16302458541057,0.0033158057192748764,-0.0018620419498624793,191.34439151791344,27.36892164044826,0.000670871946631767,-0.0036314449581986343,-52.58166805833808,226.7191642031564,-0.0022457963264413063,-0.0026622905245179108,-221.90279624828364,-171.02998180694573
259,50,14,327.8957686414311,0.007018559168966801,-0.0,-194.45521653543307,-0.0,0.0023062796705657996,0.06676639284622839,-639.6388156654579,795.2465489867483,-0.0049785371755584965,0.10744766229936582,-205.02220116642212,3196.0173031121476,-0.005382738426754982,-0.0043602162468287155,-251.69401534184325,-59.875231645128515,0.0021735402233289884,-0.006334832287727503,-174.84003149229147,-150.353939455551,0.006275928595299692,7.347145715740624e-05,32.04549146658943,-220.1590467495719,0.0016308057517513378,0.00565598497656635,132.1190660047576,-248.961824645336
260,50,4,120.79954943450844,0.0020053026197048005,-0.0,21.671505905511815,-0.0,-0.001807964701563887,0.05998576923524272,255.82591508295414,-845.4765735083969,0.0019698137908528675,-2.842900583036855e-05,84.33219604166216,-48.04106322535184,-0.0017236850394351589,0.021542860035361315,-925.989793907472,83.57548091837417,0.0018664122355492303,-0.00010635107758666199,-99.01092884998256,-26.322823540718165,-0.001795594339659121,-6.560669939379804e-05,-134.58573854368876,114.85994027076693,0.0017080663389313776,-4.943450957549732e-05,24.7620602224401,129.9109376852682
261,50,5,69.26180417842603,0.0025066282746310006,-0.0,5.460137795275594,-0.0,-0.0004927564300843293,0.06237034951504135,47.50124051732125,877.272146943655,-0.0020960693385188227,-0.0013733698129205691,-76.91476568117118,55.6644521516138,0.001775809067878412,-0.0016715328986991196,-74.82364190076349,38.84209064379419,0.0010464314120571284,0.002054804488608675,-126.3252153215099,-44.14539341661461,-0.0022038644365241105,0.0003953096603905749,-108.55594793500987,-92.99987765455188,0.00018728375703951056,-0.0021485789579518593,-36.702666021261805,-169.30274156255405
262,50,8,290.7466087085888,-0.004010605239409601,-0.0,-25.896407480314984,-0.0,-0.0025444998078640274,0.06300163503560842,-429.8592062334956,-963.3137075188954,0.0008196224937150573,0.09500405362955988,2772.455697301122,-1015.0738351370965,0.00296664556104988,0.0021917887458157695,230.51967357291548,35.29474994633897,0.0037041088114925895,-0.000622011527656222,149.5347658239794,140.92792141505154,0.0021078768214120415,-0.003015659016643598,62.73398013388479,161.08851092307685,-0.0006421477619115589,-0.0034465217137102833,-61.391505403515055,235.53816619788586
263,50,5,69.59397866237732,-0.002506627079029068,-0.0,-2.4628444881889617,-0.0,-0.0020421975061195967,0.06108853940990281,630.1860864326761,591.5002430870719,-0.0014728376522003645,0.001893718874905962,73.76712280164065,-20.21193069261968,-0.00042195067669516294,0.0023261794589221206,-125.33447995608219,-0.9989134779157591,0.000665029076895278,0.002205812898157596,115.70020683517699,69.56018487144199,0.0015351873044690974,0.0016102009188537316,-61.468149741989414,-135.74966405734367,0.0020049811840388925,0.0007156521121164109,-16.739929848410195,176.99737287769432
264,50,9,116.0742848296689,-0.0045119308943358015,-0.0,25.184547244094485,-0.0,0.0002448464950670935,0.06446117173735988,-894.2062072791588,101.31655125487491,0.004430579622205401,-0.00019152098338001222,-45.45247959952504,125.86580044275735,-0.0001638167641654455,-0.004377111988282358,162.39247083776542,64.9172739570493,-0.004197529415592523,0.00017911394788600203,144.31865055331374,-194.78286756955,0.00025314044820484716,0.004004775755041517,-191.6561665496651,-194.26931914527714,0.0038339332036058304,-0.00031024079760741754,-246.5151052342938,173.8872558236298
265,50,16,50.404398988605635,0.008021210478819202,-0.0,-100.314468503937,-0.0,-0.0003317093991217033,0.15746952297033126,1900.1108910128762,-1383.8366002297755,-0.007722483470019428,-0.0017735050345856227,-194.19202135224344,-269.77868954252546,0.002288214221170649,-0.00747139270634726,-71.40934104089764,38.58136290179352,0.006874043778214298,0.002844077981113969,299.21413452858155,121.15440511132473,-0.003459130825937171,0.006227957058850707,271.88858485080556,-294.71776332426913,-0.005630630972130464,-0.003929186065150487,-285.5454481722927,-168.05431970437465
266,50,16,2745.7955038631844,0.008020091302367595,-0.0,-97.32849409448818,-0.0,0.007717863926893658,0.06268329300191022,162.41921178466256,96.75998647154638,0.006133407272164579,0.004988346246090232,10.41643581596801,-13.510201580613659,0.004047983277791399,0.006730777053934588,81.49201237312317,-9.49874936590391,0.0015873013106905691,0.007659844116184138,-44.23054926882876,71.56088198712465,-0.0008872659228353002,0.007981864286967701,172.67897992198814,182.45531107802918,7.71498355885277e-06,0.1691695618408987,-988.7146962643501,-4836.23797909865
267,50,15,1549.2112515933127,0.00483597401306192,-0.0,12.693651574803168,-0.0,0.004997037399667354,0.06044501576261699,-309.4028965472514,121.76159773009473,0.004727064234829003,0.000873019685065978,-162.05570292461255,-129.2077351824771,0.004595205238862534,0.0013991726637699506,78.43884494891876,-96.17097751229029,0.004417531373427941,0.0019626686218463148,-25.84604259793333,94.0098957780146,0.004204525998971205,0.0028358474170723166,-153.31481055398223,-369.3718720117166,0.007265612465736721,0.1790415173031392,1309.9800042842166,4688.422282431273
268,50,17,219.84018471941337,0.008446140780801692,-0.0,204.40354330708664,-0.0,0.008392625359721361,0.061859346988030695,577.0419232493306,446.1568319852336,0.007669863896013588,0.03067566792391018,242.55224437692328,-766.3593915481488,0.006393521476685462,0.004916261766158427,-131.4745792891187,287.3946096572181,0.0049838134421395066,0.006058420217070504,342.49308995107515,151.98550825139327,0.0033872666767290767,0.006757678583401106,154.82278813036106,-391.8983268644448,0.0017318763024317652,0.007009537733279994,-436.19523103774014,-106.21924926440686
269,50,17,290.47662771499364,0.0085225250947,-0.0,229.99237204724412,-0.0,0.007865741906627222,0.06361533656049029,-824.2811676025533,-263.54858557045173,0.005336962070845653,0.0064767656998971435,-352.58409924940366,46.67751470471917,0.0024523390232902512,0.052061549264303425,1232.584583983991,-1790.010966771961,-0.0014897448337314251,0.00761322233884745,338.49625871311736,-184.75715648277668,-0.00448468543150434,0.0060622222680591165,200.89867182847627,320.7336813659229,-0.006366339785831096,0.0034194815692960416,-229.2268493712129,277.9173889486015
270,50,9,133.8362455031438,0.0045119308943358,-0.0,-14.452755905511832,-0.0,-0.003462160434426262,0.06258999507492025,866.1649388668551,76.00054973264746,0.0014221166044683633,-0.004271282319781461,104.0584336533552,80.75871689321386,0.0012613840748972103,0.004115893175035426,149.72893652874905,139.568816350227,-0.003336695110747513,-0.0025549713993481475,223.1002971837959,55.02675375253226,0.0041484142657574165,0.007297017707792233,300.302229258301,523.0547031810564,-0.003194978157540139,0.0020812492159128643,294.8476123639907,-16.011816424950634
271,50,16,2662.5261380808765,0.0080212104788192,-0.0,17.360728346456686,-0.0,-0.0066325153330745665,0.06445717684279628,107.62931261116412,109.6520918811429,0.005208545591005202,0.2455882595149856,-2508.4075917904174,2847.6797988199905,0.0005260817837595332,0.007035179810298246,260.4141724819754,217.9737880971969,-0.004319688086477619,-0.006468508259380402,-167.28510809648083,-299.640685771138,0.006583696390266675,0.0025847319078928497,503.5031844235692,355.5378360003992,-0.0067747539169760625,0.0007315304464632035,-17.6055055125688,501.86179189690546
272,50,12,191.06199723557228,0.006015907859108392,-0.0,51.605314960629926,-0.0,0.0049208918583802785,0.06365841959106391,527.640135336561,-769.9654194425674,0.0014696090454711017,0.0057016202512688045,90.73655993541355,176.4723632423855,-0.0020699373886635454,0.029246307086963266,-558.8934717689879,-1187.1945134840764,-0.004911602414950051,0.0025847759990146562,31.142200894853183,257.1452582371702,-0.005318510417067746,-0.0009123106207037093,-53.092811408534736,-391.65679698679213,-0.0035106618013420058,-0.0037900577429318483,39.782627735986196,337.99862059183454
273,50,0,26.52378478362689,-2.3288662664988637e-19,-0.0,-1.4712106299212586,-0.0,0.0001884006432323233,0.059969590011412124,-75.74226099275306,846.1664634229844,-5.034924897548938e-07,-8.013226403907447e-05,-15.292384444415552,18.188194049329184,-4.2464446890015984e-07,-4.5054843453655964e-05,23.880141759109687,11.869263025256707,-4.0257881697660976e-07,-3.2034518016806024e-05,5.333658788637605,8.459734033873703,-3.931236876372607e-07,-2.5024972828921514e-05,-11.494406653603024,-1.5338954025962634,-3.881713787912685e-07,-2.059069222343534e-05,6.711526008731888,11.759415337866638
274,50,16,53.10497753422397,-0.008021210478819202,-0.0,19.399852362204708,-0.0,0.0051784876504396265,0.30661722182311824,-2341.8848339274173,-1717.987917796581,0.003441941521765408,-0.007487947425070981,-172.46262878295425,172.07704244709237,-0.00766511081694866,0.0005963684491642342,891.0913054960698,-753.7882313395464,0.004614013193324514,0.005714184364268654,174.82500140987645,68.51271378383049,0.002429581493351571,-0.0068790067874690015,74.70717870295458,421.9787632309422,-0.006682538978545013,0.001346325673405945,185.87913214044454,52.63250343821554
275,50,1,60.16764127291597,0.0005013256549261999,-0.0,-23.51525590551181,-0.0,0.0005137928721262626,0.060366993003350584,661.6328640312927,530.9375364465564,1.4686112192487832e-05,0.014599299381248272,97.73585525856042,-430.5005512555117,-0.0004090578192783232,0.00017631540400855122,-31.496549086660938,-19.252066492445415,-0.00044650266191220125,-0.00018969797848284502,-40.058319277762166,32.75574844104624,-0.00017878264392787545,-0.00045030847996695665,13.022927401385791,14.778613882369521,0.00018616835424202388,-0.00041552312345581,31.53534589012871,2.9847663055656715
276,50,9,519.1391946423237,0.004511930894335801,-0.0,11.91067913385826,-0.0,-0.000763857903279643,0.06437975796416709,-788.9849285368329,-62.44437430870491,-0.00403425314846902,-0.0018723564914840808,59.462427541542525,-68.84026916656605,0.002592320707386519,-0.003440901450807755,-46.41221560719331,218.84715396119964,0.0027606427816650072,0.003279823344487098,-268.6934193324333,28.242331090079134,-0.0035336557979756657,0.0022423321575806786,105.25892736087359,62.76366820208469,2.2613329788200846e-05,0.055649866124442185,1870.8413974138666,-3491.15392594325
277,50,8,166.80890356785463,0.004010605239409601,-0.0,26.893208661417326,-0.0,-0.0032482039309470025,0.062063869669404366,916.7504174680985,-271.1697549523278,0.0021889887912579682,0.04284279929833717,-1226.5093577237085,438.13515090282147,0.00011956305004425109,0.003694853554086631,171.05016040291056,-49.01059209478158,-0.002002760962413446,-0.0032479852694708065,124.58520007941682,-172.93424720690288,0.0031968477255586176,0.001560157404779183,37.09119471183987,-197.05121698438458,-0.0034122968486530337,0.0001591881133543705,-117.06683358109663,-240.41695835425844
278,50,10,452.654380216098,-0.005013256549262,-0.0,-223.96456692913387,-0.0,0.004333990001071898,0.0627654164715697,-332.31847997455685,750.813192966162,-0.0018706824539247422,-0.004600169696956446,-271.7859916010582,-13.739640877941671,-0.0009617894250215904,0.004738613845023241,149.90204582250962,131.59260433809163,0.0033234658234970052,-0.0031980871629004076,-306.96669116119267,-19.691681800731594,-0.004403246298283367,0.0010759654223307592,134.55575075970202,266.70494798298546,0.004835517166612023,0.049616164929986356,1373.6445426581306,-3350.1080693824665
279,50,15,3495.1422473861617,-0.007473249853650365,-0.0,341.591781496063,-0.0,-0.007039009377748261,0.061795764654902,30.119361072314728,-134.26807363468367,-0.006514241131229789,0.0034533103331683746,-344.14288564121154,69.14244499697804,-0.005400464986524158,0.005051171127742943,-54.56545353672811,-147.31283140279015,-0.00271862631362637,0.10762892921944757,753.2999474147663,-4609.703290160395,-0.0024391284057439424,0.0057829295374324284,-8.476188764019495,105.71346879917098,-0.0008427016342180995,0.006089084377410184,-294.1470910386414,-179.66633809105755
280,50,18,817.6172659351433,-0.009023861428778255,-0.0,-99.50812007874015,-0.0,-0.007656630782229927,0.0644256095533768,507.7738207137235,315.0711945253782,-0.004654923902227594,0.007660364127412027,145.92118738896983,-116.41887735721895,-0.00037688771016575987,0.009121048758723656,-75.49517379469991,-137.54705006302288,0.005621970810434986,0.15499120301211014,-4004.350499026713,-2448.628836688338,0.006668375697694321,0.003855185644682729,200.0092375701277,-71.5816640171577,0.007653675617183952,0.00029992536309728665,129.55099188911566,-221.2175057197247
281,50,14,292.2021440331764,-0.007018559168966801,-0.0,-69.89419291338581,-0.0,1.2844352770805607e-05,0.06696730519242126,-517.2709985061927,-897.689093561053,0.0068859326158191405,0.00029356326887385503,-176.7284306017425,-84.01763353188628,0.0005080018114740866,-0.0067209974570234116,-206.91080192997728,-107.31388873300153,-0.006503422583733065,-0.0006009927849976667,-262.35307426347197,-97.83612524964228,-0.0007845066095621386,0.006403830843939833,-326.3747985152932,-20.942721250558712,0.0065989254686562365,0.03725114786348113,722.7462548345062,-2752.1797341628503
282,50,3,123.13174864850916,-0.0015039769647786003,-0.0,18.303641732283467,-0.0,-8.278545567712601e-05,0.061485241797931474,741.8974365123004,477.2944021970527,0.0015834328893490402,0.03282940300186446,-123.90821163517221,-990.9714648898812,0.0007500004474677584,-0.001357484281322188,47.45147059040505,-33.9729635842313,-0.00104586932843787,-0.0010082609305108452,-70.00582873503993,72.30358001881243,-0.0010643661217679405,0.0007690037218902226,25.273407799281863,-115.13305309191803,0.0005882191064389193,0.0010934498336003925,35.57877287875169,68.59386839825554
283,50,1,40.6581743780304,-0.0005013256549262002,-0.0,39.70398622047244,-0.0,0.0005413308508134034,0.060325805632816525,-836.4673124049494,-11.244683712759201,-4.373161989924411e-07,-0.000562098223327223,0.8347460276174175,12.005737573140806,-0.0002995781557526271,0.0046930839323504675,-119.39541942093692,-179.2692681479137,0.0004663443626723257,-4.7173076447702786e-05,-10.656633257800113,12.19641828953378,-0.0003177600282418148,-0.0003505286625028905,18.721389798248865,11.836221921268804,-4.989368055945071e-07,0.00040078328231797844,17.337703318783415,-27.75250527905822
284,50,1,96.4053120582015,0.0005013256549241387,-0.0,4.684301181102377,-0.0,0.0005884811330807922,0.06027283449009023,666.818603399603,-543.512798769645,0.00013993726673154101,0.00040296921650576566,-2.6934607679642086,-8.1192514468243,-0.00016622837612758083,0.00042881770791203787,68.47099114658057,-29.066901130275614,-0.0003908306936295658,0.0002744120056128142,4.117946885598996,39.39031615836031,-0.00026604254635398427,0.011539092744132767,-405.4094558264578,-670.8041834808632,-0.00032734062150765157,-0.00036065799880080087,-55.61486678914723,-36.41112438433964
285,50,6,28.178686981720514,-0.0030079539295571997,-0.0,7.90846456692913,-0.0,0.0025972167931047696,0.1676731233122975,-723.5633060927654,2417.2711659238207,0.00010998442186269317,-0.003174054075354569,-72.34365185280534,3.231418575729836,-0.002157010246548513,0.0018004839261128584,286.25472910658385,124.86600579247929,0.0027925523211586732,0.00012262205090723038,-128.9136146509059,-16.412072182057496,-0.0017169319585947588,-0.002143171577189345,229.08259695769735,92.68917669585042,-0.0002903784024040364,0.0024902897023704076,-147.55261678818235,-9.256531829790845
286,50,17,334.6060865788523,0.00852253597283773,-0.0,238.9202755905512,-0.0,0.0075718364127618735,0.06419101523298644,-114.24579636779482,-869.7208606780567,0.0043074429457561295,0.007229697651655081,237.3172050431093,-252.6599714116818,0.0007177915499151792,0.06251051534519753,-1641.7711269670706,2129.4308209208457,-0.0037391707803966657,0.0067843657991251225,-191.80301535246917,-205.79887351897665,-0.006441599932412105,0.003959464321402523,333.4828653857563,190.50458714579878,-0.007255826641724081,0.0002717023124206333,-345.8692741767046,134.40651948187738
287,50,5,256.0449103521064,0.002506628274631,-0.0,-50.74926181102362,-0.0,-0.0016727718432240856,0.061739454470695315,362.307053878539,905.9723264514082,0.0007860809918530386,0.07843045615552063,2039.139910347674,-1307.4462997671762,0.0013887701006044747,0.0017261259163548837,-77.24981334413238,-56.34244108886518,-0.002276976184309369,-0.0006638095265082977,-83.96633707827854,-116.7095374129236,0.001964128664774057,-0.0011829392247890663,-37.77410574624898,-130.3665064598419,-0.0007125197314818359,0.0019330527641871196,100.57966318131672,-152.06548321163976
288,50,11,692.4510102493007,0.005514582204188203,-0.0,78.9244586614173,-0.0,-0.0028688393727777785,0.06455755717039721,-673.2835780868195,-137.57754832674615,-0.00205756576012665,-0.005030753067638917,71.67021230280551,-90.24649568735667,0.005192359644059206,0.00112144527070186,-283.10993753680685,68.41273293346066,-0.0036526214269216577,0.003771812547320047,-19.362093184452302,-201.4926514362388,-0.0009181942893187489,-0.004431200613613663,-367.6022838131472,71.7203838782148,0.005857871375292848,0.08315875593194443,4255.141958762467,1710.8456787429868
289,50,16,159.25606316182302,0.008021210478819202,-0.0,78.73105314960631,-0.0,0.005122420341321865,0.06624862578320775,859.6949275468131,-283.1488551275235,-0.0018641084164149437,0.00757629632335195,-209.48676086993552,20.853432410005166,-0.007014530265716278,0.003148500836403131,149.61064550410822,279.0899243223979,-0.0066356655577277995,-0.003465553364257686,208.292285876406,-307.2579224997108,-0.0013454639499900262,-0.007076133173905637,-415.2946572142661,-25.14972609605495,0.004488027505754422,-0.005176647905059274,222.4971201522484,383.7941370800963
290,50,10,756.9264075792267,-0.005013256549261999,-0.0,307.2320374015748,-0.0,0.0035127422400731004,0.06377201047228351,-512.3155644693212,261.33909316159156,0.0005569063108001873,-0.004719920181916685,228.67519212217874,23.39801520325299,-0.0029340862337510587,0.10867770189380348,-2606.644317696162,3386.0471764068357,0.004545442582448503,0.0006504674322772051,-27.008509937600554,330.38595342317467,-0.0021648657870885035,-0.004155646449485538,129.68888125246974,-376.4595902419159,-0.0014250266739555865,0.003866783925968174,-82.99725716146582,182.7435425379138
291,50,18,67.4705480078157,-0.009023805077694113,-0.0,325.7716535433071,-0.0,-0.007615703494450587,0.19672174094830336,633.6934875127112,-2380.8770849424154,-0.005988366909342055,0.006280004630835568,-283.2967233392492,12.569248441910087,-0.0027839800855145483,0.008066528774126544,-606.5861059496419,-266.3268890663865,0.0007371379511363163,0.008269225512618177,415.964261609768,-65.51200163975012,0.003889209870205983,0.006996071040839077,-280.1765723437483,614.116260426226,0.006104983125751145,0.004608986821404976,-465.1461967302771,-120.41148208996982
292,50,1,48.74179864976758,0.0005013256549262002,-0.0,-16.70841535433071,-0.0,-0.00019213122099126563,0.06029453592049869,305.22526043635696,801.3503239250564,7.962368421078499e-05,-0.0005615085386488901,-27.901010468952506,20.36286061661803,0.00024745621954692693,0.0003769801476580447,-1.243094740352015,-44.885220908843735,-0.0004423711542223279,-0.00016066136254477094,-10.952981416198865,-43.634011932863174,0.0004920969560251276,0.0046066281613623625,164.98802025231825,276.2474145952476,-0.00020199245048023993,0.000330045261644488,37.48413748805303,19.722953121452107
293,50,11,132.76485393291958,0.005514535279055476,-0.0,63.28248031496062,-0.0,0.005240559533931491,0.06211828908018488,-591.2597165848973,-633.4367997332255,0.0037573019887772734,0.0038221290435259325,-68.8967273279064,-142.1874954191686,0.0018879774035560817,0.004905491487469081,225.7338026408166,-26.4774754915974,-0.00019403759109889917,0.005100629413836751,66.83025810168371,257.55199571816513,-0.002101681695083264,0.004440347367788103,-306.16954381013187,63.57773077941067,-0.0035061676817131618,0.003109501886096302,-84.07321538312624,-327.0725770688752
294,50,5,280.73439198554007,0.002506628274631,-0.0,-41.307086614173215,-0.0,-0.0007444415748291495,0.062405177432062336,727.0551920071182,703.9202281874572,-0.0012027813399128897,0.08916383407881585,694.6218434788995,-2680.5439739204417,0.002195646874770567,-0.0012482093458614804,46.795349509501904,14.994019348072447,8.606491533456487e-05,0.002179464631051901,88.16835326670821,60.11289561973313,-0.0021123444463974172,-0.0008716616943157362,174.8240281773511,44.103925448886834,0.0014210901629103279,-0.0016824322824715093,122.87349711976412,6.329587514419236
295,50,11,1237.143257704461,-0.005514580881554477,-0.0,-189.83095472440945,-0.0,-0.004687446340854894,0.06254021384334878,-402.58176395191197,90.39216497492936,-0.0031288380055755826,0.004446175064894994,-201.2316870932893,-45.528138266836905,-0.000728766758585024,0.005387371217024275,-235.98280496481794,-76.65207464338617,0.0017132315192655487,0.005143176349396888,-202.3228912421362,58.88016248072438,0.0036089132477031233,0.004104926710230533,-360.42705977910856,42.84676620308374,0.007131829761816242,0.13976003495773365,3986.8256877187523,-2765.728985808248
296,50,5,1077.1591728152862,-0.002506628274630998,-0.0,53.128690944881896,-0.0,-0.0016090385814971084,0.06173451870182899,442.9712169953259,-104.28290528093606,-9.284932184241679e-05,0.002454756035113991,84.39060515649032,19.00249936869074,0.0016048466188780131,0.0018832376633343322,137.73200552839506,-45.253613007027425,0.0023306279547909863,0.00038077273581863826,170.39471068598831,15.23231719426679,0.0017364602459770584,-0.0009179850925232347,334.62466144847764,-59.4118300538739,0.0021056522187363107,0.09678382428072595,-4708.519167437657,548.2238316294635
297,50,3,29.70358769285912,0.0015039769647786003,-0.0,47.32997047244095,-0.0,-0.0007397974673218909,0.09403789643964773,-1087.4514317579572,866.5430061240995,-7.501610775222084e-05,-0.001599833183264765,15.174708383640006,-52.42452315472688,0.0010952094962170613,0.0008720945750290813,4.102067577052086,78.43496084976496,-0.0013943628880818662,9.093434789248447e-05,-68.23155635658429,14.877166571280341,0.0008243162240945318,-0.001102276339128457,8.494400495710755,-103.83275564766468,0.00019194978805958082,0.0012352875165090168,96.58310217516791,38.6546840816588
298,50,17,329.2542099011639,-0.0085225361337454,-0.0,-201.6380413385827,-0.0,0.0044158552438788995,0.06747583281159814,-46.206880359137806,-1039.217268448679,0.004920676971999299,0.10482761425943313,1253.5952799895979,2895.911712231474,-0.008191400323246788,-0.0003664755672201586,-97.42166258615201,-200.0071826644089,0.003908950608224044,0.006725585192079356,-64.52123286200693,-320.31181162874844,0.0038803318822904467,-0.006696809405758757,-61.73290101658357,-319.18999327139414,-0.007264645489287059,-0.0001961051287980874,90.37045278161031,-457.12268966609196
299,50,14,66797.28240037484,0.007018559168966802,-0.0,-371.9628444881889,-0.0,0.0045405051581284646,0.0655644475645754,-6.96317947088483,-0.498205519267,-0.0015442755944091524,0.007048043389462275,-236.59091219966862,241.45681117144912,-0.004475108366635059,0.17356892731661488,3438.5183510895336,-2854.6875944736153,-0.005887308241310961,-0.003477164329863896,134.49781849525147,69.68778060124953,-0.001375585968722262,-0.006475628026085593,231.8347027852442,569.0645082262312,0.00374984418833199,-0.004905038044614067,167.3462083936882,-30.02707297885712
300,50,6,480.68887699707534,0.003007953929557201,-0.0,-137.56668307086616,-0.0,-0.0023196269212087724,0.061623095406590125,-250.53412968203352,-750.6166718937778,0.0011903176222154894,-0.002746911730486415,-125.02775591557233,-79.13513096402606,0.00047024387356395405,0.0028736360508567677,-140.33219333408874,170.38929316610225,-0.001890914690391716,-0.00197764289024705,72.87356819387144,-19.344422434190214,0.0026111770825911033,0.000917746981133512,-380.0542139429378,82.91530194659535,-0.0014788425226738308,0.05116499140934294,2776.2887526356235,-2487.161003477769
301,50,0,27.823706199990774,-2.3288662664988637e-19,-0.0,-2.9377460629921224,-0.0,0.0001884006432323233,0.059969590011412124,711.0040829248261,468.5909898322325,-5.034924897548938e-07,-8.013226403907447e-05,14.010144824714484,26.567280357167036,-4.2464446890015984e-07,-4.5054843453655964e-05,-26.80659490832805,-19.867105700901252,-4.0257881697660976e-07,-3.2034518016806024e-05,-11.099273942497465,-0.800970419084123,-3.931236876372607e-07,-2.5024972828921514e-05,-2.8914701456420717,16.568746825308278,-3.881713787912685e-07,-2.059069222343534e-05,-4.6746855459423164,14.974884178922077
302,50,5,476.28965601127277,-0.002499541574301634,-0.0,145.22563976377953,-0.0,-0.0022134538108011725,0.06068212538499143,-741.4416628853129,-176.01580186814675,-0.0021196055744412893,0.00135667327139461,87.34253104523629,72.62223372896055,-0.0009132269167741719,0.08362327003682994,-188.42564504802965,-3601.086523241488,-0.0011472998214734388,0.0017181525941904132,93.77839380772488,-87.98077667065562,-0.0005537052284297748,0.0019945261167912294,27.121698385024153,54.62932900464693,3.1311991854216617e-05,0.0020070386501687214,81.62092764563081,6.593748165925489
303,50,15,832.1301524092179,0.007424007327371501,-0.0,122.05118110236222,-0.0,0.0074192148461806684,0.061635588396485474,-457.2138509497463,-327.02340304575284,0.006667793462337482,0.0032909867945329976,-1.5031013670075617,157.89736663600823,0.0073025452959510065,0.16608466175230915,4503.2206021098,54.41997351485754,0.004628449657980752,0.004589804268123109,175.51661061251016,245.75191749855546,0.0033271832067542444,0.005479978728866933,121.83058329616435,-665.0472526210328,0.0019601906002774984,0.005852888178123444,-7.557918488147732,137.43972022818036
304,50,8,502.83592163922884,0.004010605239409601,-0.0,23.007627952755932,-0.0,-0.0035239790160612465,0.061459174923136566,-721.0839442311043,381.06538083870043,0.002871892907606756,-0.0027340971499603198,42.47821136484538,-74.82650727186807,-0.0016404236431580394,0.0035183166329804997,-163.51612530652898,69.90328668069974,0.00023588371167918175,-0.003622303232185155,-52.167223102801756,-296.35122743773974,0.001113615583673294,0.0037008233970428055,-22.757642158271043,-15.740078586774398,-0.0010940386540690015,0.0549033337037621,1978.0170079458226,3461.4567343556473
305,50,13,51.83992157169869,0.006517233514040602,-0.0,-124.05290354330707,-0.0,-0.0035950516955994597,0.18708093186723065,1060.6890082084938,-2378.5066288504117,-0.001122109761070842,-0.006546983865541969,22.32376070124805,-209.4197260799047,0.005428190261179359,0.002982751384343249,-664.0709017844815,-195.80852067381014,-0.005699509221648601,0.0019947676143739685,-50.89517035921487,342.20565691298305,0.001974438242731053,-0.005563521563524894,129.65071553665265,-117.2862806535108,0.0027960675854742244,0.0047359147078066,-103.9307560359391,-312.99177184179064
306,50,0,26.674642535618514,-2.3288662664988637e-19,-0.0,9.433809055118113,-0.0,0.0001884006432323233,0.059969590011412124,-81.78667281265605,851.2890017228971,-5.034924897548938e-07,-8.013226403907447e-05,-15.634126191503562,14.026557731764864,-4.2464446890015984e-07,-4.5054843453655964e-05,17.67780704082897,23.879236706939064,-4.0257881697660976e-07,-3.2034518016806024e-05,-6.352126291315556,24.40872054251174,-3.931236876372607e-07,-2.5024972828921514e-05,-8.294793934439975,12.859814566358567,-3.881713787912685e-07,-2.059069222343534e-05,-1.6129366467098485,4.13687053919932
307,50,16,147.98602634392046,0.0076107838797846855,-0.0,197.57431102362204,-0.0,0.0077138343211399915,0.0739802727081854,-170.17159028175473,-926.1534995190697,0.007115765954882324,0.0022783670741618085,-8.111846645105985,-267.4757948552717,0.006526291190829355,0.0033662152000101414,194.45991676777066,151.12768623145962,0.005751574662463108,0.0042680595036842135,-314.6833121893244,152.2990448376492,0.004837123861558185,0.004968680663701619,-16.623392420646844,-364.9699478140516,0.0038345907241672935,0.005451024595907741,359.44650730502906,156.51287457171648
308,50,6,94.46255992688424,-0.0030079519192912903,-0.0,5.21924212598426,-0.0,-0.0024966451492928927,0.06131305498448846,384.415462599869,797.834523348074,-0.0017140331367502186,0.01545914951163755,399.32795255171897,-207.71718716949846,-0.0005600976796235946,0.0027586254478744383,-58.25283848105867,-117.72933106861869,0.0007301574855515821,0.0026549729034064493,-83.23874916484863,159.55244456131834,0.0017795605402792796,0.001981570716971564,186.32894848100153,-48.17882283980274,0.002370859994254029,0.0009430611259424309,-166.94532131279846,-116.50670092640684
309,50,0,25.906305980238763,-2.3288662664988637e-19,-0.0,19.706446850393704,-0.0,0.0001884006432323233,0.059969590011412124,-762.0626659999364,-346.99482265922495,-5.034924897548938e-07,-8.013226403907447e-05,-4.3223490830784295,17.487153109084947,-4.2464446890015984e-07,-4.5054843453655964e-05,19.519888660989935,0.5667781863734099,-4.0257881697660976e-07,-3.2034518016806024e-05,-11.301531466754916,-2.042077608552102,-3.931236876372607e-07,-2.5024972828921514e-05,1.703664162028137,-10.371728675744105,-3.881713787912685e-07,-2.059069222343534e-05,6.2866661091539155,1.6540668546543567
310,50,19,171.07163321469804,-0.00952518744349938,-0.0,26.92667322834645,-0.0,-0.0074483153731305886,0.0655916374970085,905.2065960928771,64.27932817534538,-0.002780059394074864,0.00885497832407615,-163.62110629024863,-159.57002905118927,0.002991240444868578,0.00860412148805634,308.2297153674838,173.3489105020314,0.007305819336923331,0.005000665875521975,-415.4881914562009,-23.300891907711133,0.008519578318848515,-0.00029277586205554484,464.41354976634796,-131.7079451013203,0.0063824982793780835,-0.005036215482839153,-379.25571310442547,312.88840208873364
311,50,2,267.4197697912584,0.0010026238288739183,-0.0,2.5861220472441344,-0.0,0.0011165311750445175,0.060352204526806175,-765.2558620178078,566.2523703822263,0.0007177179144771634,0.0006287608890129541,-46.7211105796233,-9.818948560989597,0.0004103702038307493,0.0008947223855151787,-72.50411577908811,-0.27360694066110863,6.023218421934443e-05,0.001061021674181483,-77.18378128380598,-28.296203986124265,0.0002937411344084932,0.03720414473335718,1297.2440392073208,2148.8289651679434,-0.0005488564724036919,0.00043820319363208993,54.57579033405926,150.39934623357843
312,50,10,662.0649266180668,-0.005013256549261999,-0.0,-168.68676181102364,-0.0,-0.003227919259599045,0.06369778648263366,134.43469126607613,-670.9821262719005,0.0003105434339143993,0.0051223707790437525,415.49270401077274,7.0764343564290355,0.004841372470611921,0.12295816177656231,-4297.932679006232,-972.7517936725931,0.004626961363880539,-0.001030131770139584,-360.19945231252,27.20143257941131,0.002633110364867394,-0.0038800603509700467,17.983933655321163,-514.2142037315353,-0.0008039949017960162,-0.004377652147047657,174.17814312981537,-139.63083933438895
313,50,3,51.07589098682646,-0.0015039769647786003,-0.0,11.11663385826771,-0.0,0.0011644042075348064,0.06110669260365841,121.94821439117311,863.5899307442237,0.00022147905073501212,-0.0015368665189234468,-36.70395100568027,2.191489154238443,-0.001225261489424316,0.0007318063544251124,85.90240453796505,13.572812697252223,0.001374860983721192,0.0033822480387811662,-189.95273829647869,-58.546502711632336,-0.000535133904170295,-0.001273644398354433,30.626539694780433,-89.71529061430067,-0.0005607968009433455,0.0011250032816067872,14.117435851612655,106.10675085907062
314,50,10,2342.874499389776,-0.005013256549262,-0.0,111.38951771653542,-0.0,0.004663880241756867,0.06227743088929222,-178.49466380050092,108.95229758124519,-0.002993009858460474,-0.0037456112697827133,-217.68720419869172,31.626264850080776,0.0009377923740595446,0.005309239805505748,-16.349076923324652,4.591095345912879,0.003528497034831989,0.17934881374802625,2211.3694108978816,4189.595425301593,-0.002980212557950031,0.0025188694476311673,-72.86164229808244,42.02422249776237,0.003943654959746483,-0.0020858709551051713,-84.8127413196309,270.3079873210001
315,50,18,1792.9824372638234,0.009023861788671603,-0.0,-18.599163385826763,-0.0,0.005871716083882093,0.0670503608576752,-146.7706822501015,-216.7327077436545,-0.0017689987770839783,0.008912917575099549,-213.57478777709056,-3.3843633449451582,-0.007668205204244639,0.004774997864647675,-237.91513638780154,246.42551187485103,-0.004841140271131977,0.22693899638281417,3243.293590100602,-3209.0594867304962,-0.002269553776947024,-0.008808461076515818,227.63163625585216,-207.01883699998066,0.0043517395819678666,-0.006908268705980076,-3.570317829395455,-203.58855170317474
316,50,7,913.9092441579834,0.0035092795844834006,-0.0,196.60925196850397,-0.0,-0.0028186809891962614,0.06178533211105956,-507.01249797333395,98.67660380751518,0.0016608712877418741,-0.0030159805070208248,222.90594170239282,-24.98334823117977,0.00010706519363869969,0.003492679622797087,8.308785143264629,139.51381056663925,-0.0017468036878823339,-0.0023954095756669774,255.2441220767445,-10.75698806291472,0.004204414339219589,0.09094115838473525,-3675.1089645406832,-2778.328172799207,-0.0029944965052437684,-0.0003241551601249728,-124.13158802398291,-289.8926151469819
317,50,4,530.9682126083892,0.001938423211212294,-0.0,67.45250984251965,-0.0,0.00208948692829782,0.060346843514491114,504.95449948139157,-537.1789470637788,0.0017912533544793756,0.000674586285083799,124.33347255085937,-109.14838488811274,0.0016183152976311634,0.0011422370871760688,-125.91983465926056,-132.97681236048757,0.0022723108650728723,0.0715082936060833,1131.3406896091867,3716.770654484738,0.0011167848737057909,0.0010199333083486292,-11.872873408568022,216.02279764380273,0.0008302394487988552,0.0012799456737506174,-13.56177117520211,37.99206719464464
318,50,16,49.69899096531522,0.008021210478819202,-0.0,6.613435039370068,-0.0,0.004145049498675551,0.28794613023942645,953.70349702338,2786.7047287849814,-0.005250509661200246,0.005502974607083736,307.0503430329425,249.3195535187136,-0.007346514206142105,-0.0025463224885220147,-365.14360829023644,-951.2024030164554,-0.0008450335573064523,-0.007573186688911977,151.86438235296163,-43.302229920763494,0.006176785793066078,-0.0037711458736458866,-6.839487007507488,492.71598068155254,0.005578672819794206,0.003851918559241647,-32.12373073942695,309.31869405657676
319,50,0,26.399103651551435,-2.3288662664988637e-19,-0.0,36.62376968503937,-0.0,0.0001884006432323233,0.059969590011412124,-463.61535761241873,-708.6582600608133,-5.034924897548938e-07,-8.013226403907447e-05,-9.163037749044346,-12.090035182586453,-4.2464446890015984e-07,-4.5054843453655964e-05,-14.29294391261913,29.583839009046635,-4.0257881697660976e-07,-3.2034518016806024e-05,18.281410473470345,-12.488366527167761,-3.931236876372607e-07,-2.5024972828921514e-05,1.6397497301789898,-5.446393096664461,-3.881713787912685e-07,-2.059069222343534e-05,-6.2132929226101865,0.08197262044222123
320,50,8,104.95061237638514,0.0040106052394096,-0.0,11.962844488188981,-0.0,0.00033889122376073614,0.06395958534177636,816.5399924702249,344.202220242202,-0.003929294438429978,0.00021665420747253263,116.87322497277609,-12.148424106288923,-0.0004353116955553542,-0.0038738917607677417,22.305753929013793,-149.38492808464832,0.0036927035478702486,-0.0005932018315020405,-127.7736465774319,-175.1363211633715,0.0006721422894635574,0.003500529127709436,-241.62853987857386,11.315463812436786,-0.0033313176465292146,0.0007459659917648043,-144.0833721039093,210.9252420879808
321,50,14,2607.379664155723,0.00701855916653686,-0.0,-56.90083661417322,-0.0,0.00604084150575858,0.06386708286577907,51.88696722841224,185.63873968093353,0.0027786193482049032,0.006404490584794917,-132.03348366993404,43.90403936229943,-0.001094260804374098,0.006918013027761587,-180.97374174009846,-31.907043923760565,-0.004408144616427911,0.005345394986966165,-115.43739106027616,-58.50604049283852,-0.006064238026647513,0.002797377619490418,-170.43793318427754,68.39762760103491,-0.001287525137655496,0.23028835656899582,4541.491125707392,-1683.308235776796
322,50,1,121.5679533424303,-0.0005013256549261996,-0.0,-8.107775590551178,-0.0,0.0006131496312207025,0.06023622717167153,773.2874763317793,-390.0581960579535,-0.00022126925805962877,-0.0005104611453185506,31.18437964275493,-41.385834036861525,-4.2575398240623046e-05,0.0004523328035853117,41.14920937262949,-4.499313868558025,0.00027917851521023433,-0.0003747235761214036,29.413523625822837,-30.309285518058992,-0.00041640430900282175,0.00021171907806976015,54.952893063310725,-68.68154557726741,0.0006689266718357045,0.013244456498426677,-328.55602090439584,953.2223343620517
323,50,13,6242.48098259928,0.006517233514040604,-0.0,-9.304872047244093,-0.0,-0.0049379815930809265,0.06408069379110759,41.794831516452476,60.927300791143594,0.0015938365781223327,-0.005945777501962204,-217.33434920830157,40.07402399955221,0.0024945818947422716,0.00656333644259012,-119.31960670924242,-5.957942677018991,-0.002152258694760302,0.24909090621511149,3597.8022587576984,-2731.5092547397967,0.005742446682763334,-0.002063271262755315,18.962180905385296,-50.162993142157674,-0.003813968487355057,0.0034215247624553545,14.888824281637467,-154.96885268630686
324,50,9,93.0639936074595,-0.003012358369403548,-0.0,20.937992125984252,-0.0,-0.0027588674597067283,0.07464810879605721,179.63235274660738,-1060.3199214733638,-0.0029341619270013847,0.00046549365491702164,-56.58809374597446,60.625509274510094,-0.002838035691442844,0.0007747737703235417,-107.76439000968118,-133.36403545850771,-0.002708097681699426,0.0010375423686763987,160.92110937891908,-63.89238071404878,-0.002548533183979945,0.00126861013491142,6.903326565756762,190.70483824240188,-0.002364394004365099,0.0014681599848226723,-216.39892409774367,-40.06554482560412
325,50,0,25.87491264364103,-2.3288662664988637e-19,-0.0,-0.4889271653543269,-0.0,0.0001884006432323233,0.059969590011412124,305.068002091044,792.1114993229454,-5.034924897548938e-07,-8.013226403907447e-05,-11.551258743697188,11.299728265290865,-4.2464446890015984e-07,-4.5054843453655964e-05,19.102852881775664,-24.590378404819234,-4.0257881697660976e-07,-3.2034518016806024e-05,7.056901877475474,6.818450460386575,-3.931236876372607e-07,-2.5024972828921514e-05,19.8276476723073,-24.30947084363271,-3.881713787912685e-07,-2.059069222343534e-05,-5.392473989482028,12.014933961598633
326,50,19,48.11821577866591,0.009525187443597805,-0.0,26.776082677165345,-0.0,0.004013414385387609,0.1751327118322518,-1810.0120556212019,-1672.866103195242,-0.006822694029866667,0.006183391410895329,317.13515475246044,-153.58973729285486,-0.008282115674991928,-0.004021665734243971,287.30777215436325,318.90133683883806,0.000555948858852657,-0.008943142489474587,-199.15924167786864,-469.83632531302317,0.008105884398564342,-0.002703518335724352,240.68326113219646,78.58744498641265,0.0051733668196473044,0.006197722683918394,-384.93021137800366,88.88267973838377
327,50,17,167.88060693465954,0.0085225361337454,-0.0,-60.05979330708662,-0.0,-0.005422677597304521,0.06633410896455294,803.1898870554538,351.497888146662,-0.0010498519517862933,-0.008386580631029084,62.42608455048608,209.91774054689796,0.006772201412672803,0.0045576170721169885,129.74286834160074,251.86295277675347,-0.007688950041985409,0.0019420489451408398,242.7136179506472,253.55488394601224,0.003462145091988683,-0.006820638850628327,374.2639328770734,191.86761715987464,0.002673389775924215,0.006732601524266186,422.838775716584,118.56413086799796
328,50,16,1883.6315917594213,-0.008021210478819202,-0.0,213.7802657480315,-0.0,-0.004132544470356814,0.0667703233365535,206.83287309194915,159.0585823222975,0.003266101628612133,0.007304439232817742,95.97282871863013,-158.1745657611644,0.007631301806893411,0.0016113963822998853,87.73013036246843,89.2106270312078,0.006914453821528488,0.15423606513204677,-3840.576635672015,2747.823773015679,-0.0020142830322503885,-0.0076325280502217,51.11450456930442,-9.60204644113379,-0.006560093200940084,-0.0023539158059918417,-146.3615273670795,26.340327252222423
329,50,18,6650.441521499668,-0.008834447108955331,-0.0,143.726624015748,-0.0,-0.008435928850605363,0.06185375926866422,-53.97617477055866,41.7488210841651,-0.00801062244566676,0.003616966991371684,106.0565253011191,-85.64577162297954,-0.007038490621820739,0.0053821077326705385,171.76304903737324,7.550946129129615,-0.005775736275447471,0.007378400481043154,184.98197938460694,-95.20365505732012,0.0009012102028700262,0.3412609038437996,-3682.79082170528,2453.7199479533524,-0.002862077631534212,0.005255362828568147,-168.2230074166622,202.42743620478052
330,50,19,4871.40499457293,0.009525187443597805,-0.0,-23.20743110236222,-0.0,0.002082952184765598,0.06948639401386629,84.56725167277745,12.560398640046753,-0.008607024834317602,0.0043007122704321115,-13.808233308972984,107.42996349193248,-0.0023642264179483427,0.29245004968724797,3217.6710077951375,-2397.0010961604416,0.006140575364633074,-0.007455339416927247,43.715908551180995,62.81817290597045,0.007187947883554168,0.0039784469476057,-0.21566800763605715,300.80416915473603,-0.0029012049903488117,0.007163174746340786,-119.0793841610938,24.666550459775962
331,50,14,146.23124024266895,-0.007018559168966801,-0.0,-38.6163877952756,-0.0,-0.001335842372331587,0.0667962201479097,-193.65694215255883,-936.428523492845,0.006273422794880048,0.008452655792839735,207.63861972786574,-190.4756146873993,0.004132615901233414,-0.0053869768022542005,144.61740598315674,-213.69734636241236,-0.004167414080006653,-0.005076451179263773,283.1152802258159,-171.39503062127426,-0.005596864913616217,0.0028211368871981194,384.6737288502868,-101.264099618728,0.0014870696148340775,0.005768778910445873,392.6547370084705,7.8638263598030465
332,50,1,31.07713574289496,0.0005013256549262002,-0.0,-6.492372047244096,-0.0,0.00036921844993011453,0.0604362885486323,353.14550375902394,789.3356955494567,-0.00036369722468474966,0.0002572552025759112,-4.755971290193373,36.89005080948008,-0.0004134808629516051,0.001740557524173548,-9.805315819627067,-95.83830380055197,4.05319360883942e-05,-0.0005040475075040233,22.975730497464177,-13.767298539290776,0.00043037489688712416,-0.00015394936849054514,8.296797226716187,-20.67071906463192,0.00025929943713484693,0.0003159706379443101,8.694817512145903,-43.29657496271159
333,50,16,153.71273824111742,-0.008021210478819202,-0.0,-19.053641732283477,-0.0,0.001039761573912362,0.06790974272847851,-479.66111666337093,-818.4695409019096,0.007700339682308635,-0.0017507418604013592,-154.71066967831808,-123.84846870949609,-0.002427997684637557,-0.0073596542638598005,-264.3967664772287,-99.4583597895508,-0.006799799746041712,0.003063763380608375,-363.0375252325747,-59.46244445864278,0.003653635877118895,0.006153600639095299,-413.3062593416395,57.66009701948181,0.0054791181834933375,-0.00410786501378391,-410.5849056135654,192.68057836381934
334,50,3,71.61273413946282,-0.0015039769647786003,-0.0,-8.587352362204726,-0.0,0.001522523364743799,0.060651852571604534,633.0850205440619,590.7989192088446,-0.0008689170088683668,-0.0012697444194159373,-2.848799026989096,71.07318914081276,0.00022573611612802862,0.0013934249071629243,-101.55131839051846,-15.905411411273654,0.0004328055557419148,-0.0013377434069701502,-37.13315587235325,-56.49349226903454,-0.0008579113795084927,0.006922697245545836,291.031301955502,-360.7034615671901,0.0012180069979663237,-0.00044957606152225184,56.02372394487782,67.5194249823887
335,50,4,80.4841564038814,0.0020053026197048,-0.0,19.06102362204725,-0.0,0.0009698089243346527,0.061826988339639156,-807.8683907245586,-328.53922062849506,-0.001271539863698591,0.016530867006519033,-144.8126561095632,-476.21060608959965,-0.0018009668289289845,-0.0007683370506701048,64.15676348690113,47.62164556445254,-7.10534708362422e-05,-0.0019187553557602204,-74.87199838627012,65.87557471759546,0.0016231489630612033,-0.0008036078651907935,-24.015586780072415,-112.4394108961713,0.0012742088030065644,0.0011062096686934534,133.08642466310198,-8.100497468408173
336,50,3,47.944566030713396,0.0015039769647786003,-0.0,-12.0199311023622,-0.0,0.0005607680320401412,0.061420180947093186,843.5154030151464,67.82954178401758,-0.00129523661116768,0.0006324546651102989,37.88589652466607,-49.87125605154337,-0.0009896072418423658,-0.0010963982430393562,-65.65812853671301,-1.4659308251425065,0.0007577254453790339,-0.0006151421856500326,-49.84973940623199,23.234851953048924,0.0012796134296360665,0.0003882095258559654,74.85346755716961,51.19608564652864,-8.089705091781293e-05,0.0012571852626093206,80.33823089131813,-66.90068064271271
337,50,3,56.46065681920524,-0.0015039769647786,-0.0,28.727608267716533,-0.0,0.001680723764886648,0.06009275545500623,-764.9371189704331,305.6908935749136,-0.0014583120236424105,-0.0003181454094537139,5.203864857378083,-59.617889094589394,0.001401495030332409,0.0003100021021132826,-27.338469479102148,46.70509903760449,-0.0013269754153210321,-0.0004709992071477461,15.392213207419974,-90.86203067833013,0.0012725108815599745,0.0029079098577302017,-176.85789843390992,126.55753197741494,-0.0011315119186303488,-0.0006370761410641998,22.29449847031389,-98.22141551871853
338,50,7,94.54614349649937,0.00347168801177688,-0.0,-2.1003937007873974,-0.0,0.0035651582264231304,0.06071161500961956,651.1190182202998,-592.6108047311023,0.0030996422530517836,0.0013510749204103346,26.338927887902983,67.3759957148705,0.0026650426960436783,0.0019749081107330894,-40.74512138894997,-144.78103893768014,0.00210872669650668,0.002438534681075662,106.44248337238477,155.11239617027772,0.0014759352676364857,0.002733521942933855,-150.93914361709975,-134.0697347042794,0.0008158394459920143,0.002853856083488759,200.1002783389631,127.87057882433103
339,50,18,2407.3077125557966,-0.009023861788671607,-0.0,190.26648622047244,-0.0,-0.005836524924651652,0.06676964419116425,96.48084960577296,-167.1463363094128,0.0008911571721168735,0.009051614143778293,-0.3982028645060589,74.99499446424714,0.0069875923975601315,0.0057080545479163,186.60559479129455,121.18785468678287,0.008253363266810027,-0.0002613733733478537,223.16301081473895,23.281815730856884,0.009253320159949051,0.32040622691147,-3440.588320421638,-2957.648126035709,-0.0023186516943729217,-0.009160485836734282,-53.48908020517435,-111.8381482939774
340,50,19,1277.0213168243872,-0.009525187443597804,-0.0,121.22268700787401,-0.0,0.008065199510154674,0.06533866526940248,-327.365343489579,-160.45149246072828,-0.0035525009813433678,-0.008454534659640649,-132.7789950281322,-27.86379666702009,-0.0007185112114788786,0.12665662748635287,2242.7903018288093,3975.596463692399,0.006307110897342365,-0.006671109637262614,203.94824597932578,132.48086648506586,-0.008377060896046838,0.001350925920935609,-19.41136468112614,228.3603235870401,0.007466850843652795,0.002999174038130815,-101.53307004397223,-173.54844919243186
341,50,16,1459.9897147759302,0.0080212104788192,-0.0,4.978100393700775,-0.0,-0.005457300010179338,0.06594002902530743,200.51140630495223,-207.32607071428112,0.0015267826179779721,0.23511183331186802,-1441.4286310236507,-3560.7010039037086,0.005443668985388776,0.0048193771619882975,621.9563157893776,18.588053709808847,-0.007475479196067467,-0.00035682126002124857,62.755921549553214,337.080862213179,0.005071756295665921,-0.005332734894159799,-281.08499094278557,517.0655672967399,-3.830588499130684e-06,0.006632798108777844,379.2242497335735,565.336851700312
342,50,5,1310.9701952026599,-0.0024687410012932086,-0.0,176.48769685039372,-0.0,-0.0022157083655307773,0.06051860147915599,-357.91694650204767,-6.048228364272607,-0.0022160389034937772,0.000992295938199121,138.00595675176487,12.297414881304379,-0.0019187056625680587,0.001515136706493432,164.3241737275467,43.93256498040707,-0.0015352014760961117,0.002057111539192615,180.63810657876795,131.36068341989682,0.0001820516478209773,0.08385691552013305,-1337.3670793076392,-4398.471990367769,-0.0006578229415242028,0.0015596675524807062,51.62937504119674,-263.3691557181963
343,50,4,58.85018505743749,-0.0020053026197048005,-0.0,-33.9574311023622,-0.0,0.0018466157300247661,0.06108134549879367,736.0480333527017,-465.1387995037479,-0.0007486654311504118,-0.0019025273474891676,40.614366112896256,-68.34133871035685,-0.0003852114006449413,0.0018428590512775088,84.80339033873237,-50.65854387709667,0.001328567294975521,-0.001344408122874315,101.1099774979271,-41.417603521072294,-0.0017631701739568165,0.0003112427337466756,122.7947228349921,-15.713137181812778,0.0015722864617990213,0.0006482662264873315,128.67985319383848,16.44582946248822
344,50,9,170.08619851035294,-0.004511930882158013,-0.0,1.2010334645669436,-0.0,-0.0036341573609400923,0.06234616853566402,-412.5426119955931,850.1226009928307,-0.001987602498814822,0.003937816463213969,-37.15942439978511,155.36328701581627,0.0006008453131717872,0.02766022898540026,1215.209099184165,251.10431733883712,0.002511242311126005,0.0032559887832939714,82.73460487329578,-209.80057845923332,0.003753138313256885,0.0014174131553135235,-200.687312641303,-107.89445110322968,0.0037849149402296657,-0.0007248448955283669,-117.68458856778068,285.35711152622594
345,50,14,269.56832129196374,-0.007018559168966801,-0.0,-172.2918307086614,-0.0,0.0004079211202752266,0.06696606401806758,-330.7618460058057,-1029.7714564901812,0.006881035611381117,-0.00048580893749125174,-216.67165120676037,-205.51384374484343,-0.0006345918815578493,-0.006710228446307697,-169.4638759878889,-280.3900763468987,-0.006484881246059109,0.0008744023195840522,-132.10673944460274,-354.43016236868976,0.000985268690723715,0.006376028991882128,-155.04939653540995,-448.53569613670356,0.0065608562863247386,0.03523175421569937,2270.4112578472823,1331.7906891585487
346,50,18,53.2449879274061,-0.009023861788671601,-0.0,-69.3447342519685,-0.0,0.006756546336938802,0.2934676672232498,2658.1880064480742,1198.835609119928,0.001329338027850309,-0.009147396207022424,79.64671208614563,138.0135246064042,-0.007351630411938533,0.004384315577937957,-290.80742266420384,1215.7668687617606,0.008023587455377788,0.002343470699931466,118.89585485602002,-123.22558128158074,-0.003209061490506319,-0.007530980515553876,-166.1082502635524,-90.70769710879048,-0.003363490855463809,0.006818445567811699,-201.44603884703903,6.338659803066981
347,50,16,1318.606688491404,-0.00801816599679543,-0.0,46.416338582677156,-0.0,-0.007387457547318231,0.06256855910372741,-157.18069133792974,338.3690419414067,-0.0063124772076134815,0.004840175711527677,34.91682342130511,233.39665464592272,-0.00440402859786031,0.006810079116228961,-195.79566178475733,107.35477869346416,-0.0001574421661773719,0.1638343813542031,3972.970257606632,-2577.5537347521486,0.0002170923205032945,0.0064500246904862415,104.36901791164779,-103.57255018778402,0.0023514680175381105,0.0060197347316515454,254.79105053852348,7.830245625228778
348,50,15,1102.0948614055953,-0.007519884823893001,-0.0,20.094488188976378,-0.0,0.0074514058456746236,0.06181561727338958,429.4553472732798,11.169356345957986,-0.0065179954247970625,-0.003492284304750812,77.65869545465051,10.261012029586105,0.005359920820079414,0.004916591672400081,127.4086653661865,107.48812251161199,-0.003898174858676332,-0.00564135374586284,116.70960579543397,253.30002680508846,0.0022865944236927175,0.006778571376093945,18.117785496853262,528.4414623996929,0.0009953158339919281,0.08053888509277422,913.1518105319699,-4362.17968213976
349,50,10,1349.8033931284833,0.005013256549261999,-0.0,115.38705708661416,-0.0,-0.004769925594551204,0.06079641683012072,149.6021344568339,271.08715981472477,0.006042454832110119,0.1967110752452176,-3546.2140211218166,1920.465473649488,-0.004547129940166639,0.0010816580307730433,321.54703737642853,331.72795289083746,0.004195931996154007,-0.0023375140047668,170.1218128288867,-114.43245413826071,-0.003791359884701929,0.0021900991140737193,-69.00285237235884,414.8672440056392,0.003322786015271406,-0.00285106562091689,-39.992300292263785,191.4024519044247
350,50,6,40.67054718924614,0.0030079539295572006,-0.0,-26.485236220472448,-0.0,0.00042191237702427105,0.11333772414680567,1108.5012808491085,-1306.4815643650832,-0.0029521827741895487,1.0280229543036672e-06,-62.75118484655852,-73.04614808796045,-0.00021848271265636086,-0.0029647814591991137,78.46628266541848,60.391681099843495,0.002786737036807869,-0.0003401192147879883,98.45646609193942,-137.0872658683107,0.00033665436081820065,0.002624573604632884,-170.46274672694284,-21.919809045839106,-0.00253512041424766,0.0003472160337022944,103.87815198447994,165.56491697695265
351,50,16,7843.511827834225,-0.008021210478819204,-0.0,179.68134842519683,-0.0,0.00753742343310851,0.06320950152784856,56.95570188113085,-18.365215926132873,-0.005464826120484885,-0.005494437063681956,118.09185015313453,-55.76244970536038,0.0027512624123277366,0.0076705824057667505,161.76815390862623,33.20618771947484,0.0002964796505099296,-0.0062803245496104495,200.60350630720657,-79.54034146482654,0.0012635675539946934,0.28148709633500324,-4417.903168556436,1249.2490864252961,0.005070409929977244,-0.006082605062469608,-220.3086505504491,38.37300824239454
352,50,17,4196.27310162142,-0.0085225361337317,-0.0,52.61195866141735,-0.0,-0.006515566279855044,0.06527043038959034,29.39902032262287,110.68810997222398,-0.0020812091374751117,0.00825886453821115,121.3883759669849,-28.669585279384222,0.0032559142105868296,0.007921678012564349,199.53252003680345,40.585896596793134,0.006969080469146858,0.004859969746559116,307.91056738296743,147.33813393368013,0.011322295993061036,0.2400213786593893,-4408.588558243984,-1555.0655081608234,0.004946687427515952,-0.006639073659387455,-291.02673882705653,-35.853640201325234
353,50,9,116.35115831402031,0.0045119308943358015,-0.0,-16.906003937007885,-0.0,-0.0009286909836708468,0.06432279992396481,757.1072740307818,495.5973997673286,-0.003873413975458809,-0.00041644505360050065,109.12831553132742,32.22602932052191,0.0029671402811455977,-0.003209565067377084,166.3556078429295,16.442528464491406,0.0022513443252098037,0.003513794600114669,232.69131563331362,-78.03110356161851,-0.0038405659808446605,0.0012209975711594812,185.82506737280937,-186.27883416604425,-0.00024185865030062714,-0.003859600591957563,96.63149053637882,-291.26700502732604
354,50,0,26.58086752351278,-2.3288662664988637e-19,-0.0,15.094242125984248,-0.0,0.0001884006432323233,0.059969590011412124,-835.715454016221,19.831685525347673,-5.034924897548938e-07,-8.013226403907447e-05,6.7711239587595085,17.834566208336742,-4.2464446890015984e-07,-4.5054843453655964e-05,14.147017471739222,-18.26580438788981,-4.0257881697660976e-07,-3.2034518016806024e-05,7.227315896916172,14.669585098417963,-3.931236876372607e-07,-2.5024972828921514e-05,-11.086547197279195,5.677803147407503,-3.881713787912685e-07,-2.059069222343534e-05,-17.87739568538109,-3.5403787613398126
355,50,13,4436.098103888037,0.0065172291584644606,-0.0,-179.21112204724412,-0.0,0.006024374205241049,0.06290746561934364,-104.52264637597081,27.71848981718012,0.00395678345346508,0.0051864786573374245,-139.33771256949507,-36.54416769977692,0.0013314403223226438,0.006531692940907392,-82.73363836084147,150.43499896127506,-0.0014224123920708576,0.006947096016428273,-161.4119376535851,176.72546112513257,0.00011872373629304117,0.24870638310615886,2340.9027079606594,-4048.092843632269,-0.005080609703401528,0.0009406945298797892,101.44054988991317,-227.02258224149864
356,50,3,56.8440165342593,-0.0015039769647747245,-0.0,26.613435039370074,-0.0,-0.0010004181941321393,0.060890233931029644,-517.1607155276806,697.614676235928,-0.00033691165191812,0.009142106277711365,-42.489584870798645,283.95754726838703,0.0005481966501586366,0.0012729560715924488,20.73181931584756,76.83438749926678,0.0012096604282687124,0.0006630300070472996,66.43572452292757,-18.98204943046679,0.0013347998060634831,-0.00020115196266352344,-26.15469516244514,-79.58686735870455,0.0009115113520583292,-0.0009270679296335049,-100.4580468825467,-3.3394744042018685
357,50,5,33.78650549827056,0.002506628274631,-0.0,0.13804133858266504,-0.0,0.0021883278337834168,0.12265837063023445,346.0013649131961,-1849.5562407685966,0.00012271078080082682,0.002297780224194866,39.445887210812735,30.757629966935593,-0.0015707390036493627,0.0017355855576082207,-149.433107209154,-94.16536683709771,-0.0023237100188068256,0.00016971014003033124,131.4196676495023,2.7330384296974928,-0.0017732721848427834,-0.0014253429715556075,-174.51038724795018,34.005073028760314,-0.0003217019017750766,-0.0021535297117428335,151.37685066894866,-104.12493928172319
358,50,13,52.175511628204106,0.006517233514040603,-0.0,-175.85826771653547,-0.0,-0.005862619189545241,0.19550847319883466,963.5861074818765,2363.3167257182167,0.00635035189879824,-0.0010631399051358472,192.3783826356992,-76.5377461219377,-0.006152331765816802,0.001026778090599017,-11.198014930085014,-349.00696293529614,0.005878167748750122,-0.0016138122018136615,-91.81548826915966,259.6013532828694,-0.0055481563624333275,0.0017208751415908477,-576.7380051183861,59.57299816727459,0.005162942961724043,-0.00211164210977509,10.418754604138105,-377.84626573824755
359,50,17,2409.8787118690675,0.0085225361337454,-0.0,-94.22687007874015,-0.0,0.004735423148617036,0.06734234903130056,-144.53809602375287,100.48226717285439,-0.003561133720442178,0.008162858093702362,-113.832923535576,-10.481153436114402,-0.005498212263043733,0.27962526039108443,3759.8970996069543,-1675.7358804048304,-0.005072285718032983,-0.007107550509911997,7.495927898462521,-87.91560677837286,0.0023482186946380745,-0.007802438758637451,319.9127256553762,-136.6067859920874,0.007027647843145917,-0.002199184586167169,35.92097461199294,-9.868222358737434
360,50,3,74.79414343676409,0.0015039769647785999,-0.0,-34.10211614173229,-0.0,-0.0005575111317806639,0.061276404524737385,703.1265761753529,535.4339160687065,-0.0007444324522679021,-0.0013292863694647976,22.38633120102418,34.22982540373262,0.0015519781590725618,0.011339487467389846,-432.36851375151576,320.15978146082244,-0.0006911136491450412,0.0011477063202923138,-3.967418091975593,65.25714324787866,-0.0006858600242660167,-0.0012049354085295087,59.95190390525728,64.26265856454799,0.0012809723448757057,-5.192032334401593e-05,66.25602903869753,63.42117186926707
361,50,17,2625.8429461436394,-0.008522536133745397,-0.0,-167.93331692913384,-0.0,-0.00013105165623538553,0.06855661371190934,-77.34984119330164,165.89347793027747,0.008349665286497934,0.0007873614291486233,-31.183097647426063,109.6694661878701,0.0009276767379731459,-0.0077604977612584,18.13318612540879,79.831557683725,-0.007838742606804165,-0.00046773405234656407,-54.58810826747309,35.31160317502183,-0.0014025916176627574,0.009181642926262624,-223.0612755251036,91.89497178438697,0.01303437801218325,0.31757523254254066,2359.3693851513813,-4046.210777719627
362,50,1,32.258939783699084,0.0005013256549262001,-0.0,-18.172490157480308,-0.0,-5.7521565215124426e-05,0.06040390224184566,786.0105688607952,-297.74866640220364,-0.00025386398774611,-0.0005024625167545011,18.174375283978108,-32.05294366776815,0.0004811051661644836,-5.7159556351740874e-05,10.102421093342063,8.108591046780711,-0.00022019174939548738,0.0003799400664630272,-28.479311394801087,-9.183577710018707,-0.00024078695360031687,-0.00040382503586349416,-24.450790634291085,21.356076361198042,0.00042632176084305253,-4.2057555408193504e-05,20.393015850828938,20.98023329737998
363,50,6,411.36522159261494,-0.0030079539295572,-0.0,-47.451525590551185,-0.0,0.003182605376769323,0.06006183138942221,-419.2147275373663,822.3253087099109,-0.002952830512813354,-0.00010206142423166958,-166.87729481933113,-1.7902384117974812,0.0028872108967864015,0.0003478495392930599,-91.57091448965878,-38.076525559649035,-0.0019500728699145076,0.06691623350169747,3458.2640468778104,-1400.5080409708694,0.002674793256496088,-7.169344953861774e-05,-87.76850152360565,-109.8698572758218,-0.002550556007111979,-0.0004715706139466591,273.0541852162556,-91.04384829795477
364,50,15,151.00346036462773,0.007519884823893001,-0.0,36.52485236220471,-0.0,-0.0016278332119071502,0.06723250161479845,-78.40384206206924,-952.7049232294324,-0.006518404841752251,-0.0035574441794713092,-147.099821847109,128.95247724525333,0.004845432209021053,-0.005404308983831035,258.65305380547704,-103.57829385246144,0.0038999864396142164,0.005785507187988285,-373.7532173601573,-39.27557288548909,-0.006332157426804256,0.002254550444473977,358.9269699780977,199.5378589501067,-0.0006435806595294601,-0.006396976559572865,-269.5530236414129,-352.6630103214415
365,50,4,361.5905410772334,0.0020053026196721674,-0.0,34.201279527559066,-0.0,0.0018109254759937925,0.06114849856378261,527.4814848246964,800.3237129083896,0.0006319675763320156,0.0018197969777445264,65.21696791404344,-21.44754095298669,-0.0005606000913640268,0.001858958544043522,-8.799767668364762,-29.8809010850275,-0.0014820056238432043,0.0012125638362868226,-39.90006274319897,110.51948457076912,-0.0017901863436047423,0.0002786487077178227,120.06094772437983,303.7923426738365,-0.0005608673071343867,0.044594092502949365,-1244.7865761164203,-3157.564476462153
366,50,19,154.09368412988385,-0.009525187443597802,-0.0,-9.686269685039335,-0.0,-0.0008818138389743022,0.06939198304123426,-853.144105884095,-500.171302255459,0.00911859662212024,0.002018473304455149,-240.51577818712383,-42.53871002480705,0.0030455254119370577,-0.008675263385172199,-291.76236610973706,138.22502273382483,-0.007979752004645936,-0.0039100410513036735,-266.4987417071046,331.87026226554065,-0.004567875892028548,0.007172176224827957,-18.910934236768846,454.75180857956667,0.00631896777223961,0.005074845691459685,258.8719758438994,414.8035002842031
367,50,15,226.7122209312706,0.007514098786763199,-0.0,120.31692913385827,-0.0,0.007345114399614059,0.062152726287425776,782.9153717723162,-94.43905642519275,0.006129786842315492,0.004043091374260145,-111.92769462062667,207.02076874547149,0.004564440708906446,0.005567376607091452,249.69775437766862,-22.06695266622346,0.0026542319065262507,0.0064766421468273735,-279.9452113257311,-156.18983545412897,0.0006282566778038373,0.006740626365911706,165.66156808116347,374.77557604991586,-0.001059865125444174,0.01825118437803058,160.2074952943818,-1303.3572375177635
368,50,1,46.37543906316791,0.0004987553432950133,-0.0,13.69758858267717,-0.0,0.0006707912221588668,0.06009190724698108,-713.3249485115209,456.3468055631275,0.00043442546386470874,0.00015978415208012193,6.631270094723371,12.743400683115443,0.00041308645829718737,0.00586833102440085,-201.9048353769752,209.26062651268367,0.0002665129595013065,0.0003302137202846479,-4.581565190283123,28.90261142951997,0.0001620857569893567,0.0003820072935145952,-3.6792359028840367,41.05456339007244,5.5855361039467155e-05,0.0003956027073021814,0.535442309368497,25.28711622779825
369,50,5,219.1082602601133,-0.002506628274631001,-0.0,32.01353346456694,-0.0,0.0021115289228887625,0.061654801932933254,491.1357981852285,-869.6115134353025,-1.6051090888699408e-05,0.0684636073658443,199.46770376891794,2114.363117988209,-0.0011622949930494356,0.001894613604358391,2.2469015102689207,-75.90260230390066,0.002169141924133256,-0.0009863082336505282,-8.742946137580663,-92.62193944247655,-0.002134871120829416,-0.0007859194330252015,-53.56803112430205,-127.03753963255402,0.0011432656772644505,0.0017297933756393893,-5.412196536338921,-125.5190126284188
370,50,12,116.02989713617912,0.006015907859114401,-0.0,17.447588582677163,-0.0,-0.0012633847668822708,0.07776459327844844,-22.62040982675476,1130.403769723326,-0.005179556737352376,-0.0029433119726964595,-162.3199053143562,111.39782305557122,0.003956298088350476,-0.0042676380048373465,-214.75184071369316,54.643106808527314,0.0030018863897895236,0.004692535868210878,-288.5792840483269,-113.84563756379491,-0.005120666271535517,0.0016336220817077009,-227.38952857673812,-269.1687797018531,-0.00032239247299541525,-0.0051415866811536,-81.40530391772761,-386.1526284732972
371,50,6,226.13320037084898,-0.0030079539295572,-0.0,66.35039370078742,-0.0,-3.7112580759793344e-05,0.06297552265398891,-456.41446183242346,-850.9506272204314,0.0029212622797698106,0.0004132967848708329,-4.892908879911792,-109.11887868391355,0.00064893611406743,-0.002734448546100676,-25.563890021376864,-166.02145481028845,-0.0022083626804387424,0.03631323951575375,-800.8262932105705,1899.2702965778076,-0.0009939363688314263,0.0023117218907152924,-152.66854714235546,-12.404224234059084,0.0023035476665319073,0.001010456956973622,-157.84855739765567,-13.951163837508885
372,50,15,1432.697119946291,-0.007519884823893001,-0.0,-145.4724409448819,-0.0,0.007621957634187918,0.060950711581703544,29.265737296000278,-341.89442542182513,-0.00717700027746103,-0.001603649627864385,-7.908817511064393,68.11536416821033,0.006771771779068713,0.0030615374842627675,-154.00607827934869,79.89658743218637,-0.004110978752555878,0.16464730491450208,4737.461395414086,-51.95293620957351,0.005553758120146005,0.003007595335589893,91.72039442066279,8.053156898976251,-0.004841811365477636,-0.004632662570347458,96.60100913669251,-0.9241355535820062
373,50,18,1487.5321962861626,0.009023861788671603,-0.0,127.81889763779527,-0.0,-0.0010493658606370762,0.06890722003417397,-308.91210473131844,136.18573857803725,-0.008528303852791382,-0.002413561197750103,39.54904042137111,-95.15330874623446,0.003494329918296522,-0.007827125795116954,178.872027694844,132.5982477594118,0.0071555598136379215,0.004657704934285952,-60.89365707551656,202.2554943168388,-0.005138119252752955,0.006822053692645293,65.24559388240175,37.0265285692417,-0.0030239048561528604,0.10942264240841457,-819.4962442164875,-4704.910196911076
374,50,10,116.64947180494858,-0.005013256549262,-0.0,-37.03444881889764,-0.0,0.0027953900612913223,0.0682312958820784,863.8431845426804,-428.1522454857539,0.0022628850434714483,-0.0044595295905671415,142.96617077125032,-22.48527031160746,-0.004805772138131798,0.0002845911656912763,142.26289645606337,152.14770526607472,0.0026964723239934776,0.0037776213912421833,-51.13684069750575,227.46104958138278,0.0017813486454439707,-0.004144116162923979,-253.0336398660016,167.86503539379976,-0.004232156201714837,0.0005667450152315736,-316.89597359540744,-101.8235044959673
375,50,6,35.66872909279686,0.0030079539295572006,-0.0,32.021653543307096,-0.0,-0.0017926468722324923,0.1303711275081771,-1593.3726854003057,1220.3700799571627,0.00022151237970562937,-0.003118076254498786,58.90254191265377,-92.30312651251903,0.0017990049848991046,0.0021647637333819052,-16.766546365353125,174.93323918034218,-0.0027706911136837465,-0.000489429353669892,-163.92938992854272,-10.885234944378515,0.0022255318876769703,-0.0015665950873814465,50.736800153402186,-181.834506999264,-0.0005757481997417965,0.0024541330250046657,130.87101132922297,138.56737301327962
376,50,5,196.8093655564027,-0.002506628274629452,-0.0,52.70103346456693,-0.0,-0.001763979668013548,0.0615529819959103,430.0638293807323,-873.5646799425176,-0.000552181553198947,0.0024129840291152705,76.15511977209162,77.6668990176103,0.0014060698274934013,0.04110583293646789,-1797.7486460580612,-274.02898345783143,0.002097739939443074,0.0008543108400576169,-81.6645817654594,-133.9082882583965,0.002187636821793031,-0.0005876374646769778,84.46301012226503,-58.109936534423646,0.0013395343556534699,-0.0017356582131021567,88.7105358918296,144.91820337481272
377,50,10,161.45946830697795,-0.005013256549261999,-0.0,17.868356299212596,-0.0,0.001730782845921961,0.06473732460693732,166.02817109358512,969.2525815815053,0.003984310991568613,-0.002907940747863103,-97.45469256467692,-75.51882714870895,-0.0036335593799010474,0.025108023905636778,398.9344428521077,-1049.5908556338622,-0.0014445285046702926,0.004312465756815533,-211.9349381452268,-195.32932760902017,0.004485189744308907,-7.763091467228007e-05,232.1619422964606,103.68221548404907,-0.00132136681259179,-0.004121365673291244,-335.22609738954554,-78.07056104601803
378,50,15,1849.8633815083917,0.0075198848238930025,-0.0,-9.402066929133854,-0.0,0.005209875310015065,0.0656329535050518,-82.70412158650629,248.0343029032597,-0.0007401916273181957,0.007545562324157546,-34.23057521929726,-119.8239755097955,-0.005812293776524369,0.004945600187921242,6.52301382570391,-117.46514241924349,-0.004263563703734285,0.20544383114497652,1643.6431687226207,4406.3555583826155,-0.0034405620335338912,-0.0067415736728043945,95.7834538630082,86.88673911235398,0.0018938867522993968,-0.006638082828093176,99.28310077306625,171.26282185370212
379,50,13,3070.652369878769,-0.0033452834236869667,-0.0,108.62869094488188,-0.0,-0.003140752519391071,0.06026323463199624,129.27901521582987,86.18742284689559,-0.00328167293747954,0.0005076028202982657,68.69601736385725,112.69593146428099,-0.003202921035079533,0.0008417771954726185,-160.92462634928685,-229.0517536616241,-0.003095184235819765,0.001179920396568137,-151.45668867175556,140.39048103374876,-0.0029589109893018756,0.001657935221518263,-139.0605483302282,-353.8720471224987,-0.0012449813038425625,0.08454765281053156,3271.166070380824,3258.285657963253
380,50,11,725.3453209298175,-0.005514582204188201,-0.0,262.25787401574803,-0.0,0.003130238168553637,0.06462767420331847,-622.3583957009921,-11.102908212592538,0.002306457533926567,-0.004932582325368071,98.39390913483943,212.25987448174288,-0.005256317718948616,0.0007068638835726952,255.0386766199822,-157.30437512306736,0.0032755891535885978,0.004083521519878408,-115.00086896086525,-5.51693609050091,0.001530244249887408,-0.004360595067022464,367.0787215389849,327.3969238405954,-0.0033091814809697397,0.06709953174284407,-4100.897020808534,-1452.0098487913226
381,50,10,315.5976280768575,-0.005013256549261999,-0.0,-106.41412401574803,-0.0,-0.0024857584206326145,0.06423909364930722,700.5053418581314,-810.586560114228,0.002097564412621634,0.004553255350919615,157.57026976793662,194.18587002536648,0.005475476602973437,0.07451724996611424,-1070.4986664348128,-3072.472042985255,0.002972767471645441,-0.0038844504170023222,-185.49161960557237,-273.33585967855373,-0.001388953888870296,-0.004430883731244994,229.04238027466175,-241.9837171009244,-0.004140518406083728,-0.0011819339398900794,154.86679221815015,174.41180982306784
382,50,11,163.78367031021693,-0.0055145822041882,-0.0,24.74606299212598,-0.0,-0.003742175150009335,0.06380864620256561,-261.86143748528417,913.0852562677471,-0.00013656243599368173,0.005348817755014556,112.68400174322629,149.47534284709306,0.0036025299497595433,0.0038635236336714927,189.9768486533818,-155.8926979579865,0.005129948473780698,0.00026815899719313276,-176.83483400405763,-149.81165043642105,0.0037029421221478147,-0.003193181142209619,-3.8704997765094706,294.83523183873615,0.0006851755009408238,0.012880041402120748,-958.0267968649939,234.62813396966214
383,50,19,2146.0391726335256,-0.009525187443597805,-0.0,77.1429625984252,-0.0,0.0005461238122186568,0.06954388084942863,17.38773790116961,224.826340620686,0.009331782769300334,-0.0005609502948662985,65.92475206566367,123.50643446291222,-0.001029127172457506,-0.00869777931716838,71.15673539453023,188.67135669729947,-0.008758432031044698,0.0023429567720842847,99.26549300379263,299.16475554056734,0.005295518479375007,0.2437915349487377,-3240.1582943472818,-3393.789226805465,0.007886212811937528,-0.003133163303516357,-258.57257298663535,-47.74974048233914
384,50,10,49.447715630714434,-0.005013254158058136,-0.0,143.74434055118112,-0.0,-0.0037641139187442442,0.2241253818392062,2443.711345549471,1091.6357146774833,-0.0029465312416333124,0.003651212900945498,218.29873024196263,71.71984946059831,-0.0008446232489874565,0.004575765683973028,-337.33111319564995,706.8015160121691,0.0013293737698016966,0.004357167115686621,147.21389290618467,222.42426033744545,0.003069706298669211,0.003177859383898296,-133.93433472344287,-598.8883540029401,0.004009302476733839,0.0013963000474529808,-32.35868443925296,233.87596531585157
385,50,1,130.93344346564064,-0.0005013256549262002,-0.0,3.846948818897629,-0.0,0.00030341038016595855,0.06046209275930326,-869.1736796179407,-165.33522292647734,0.0004398097084505792,-0.0002853641490630079,-22.28578293593809,16.969192739935902,-0.00030949696951485905,-0.00038357936535327476,19.25581014041637,1.5263012131643827,-0.00027867493304657964,0.0004147952619986338,-11.231940018684941,23.334822185159254,0.0006688096712867735,0.016542248813439058,664.8841982373833,-914.8566099150466,7.269490940070477e-05,-0.0005311808955585313,-23.717063103783403,-35.74849312965997
386,50,17,44.74273812286894,-0.0085225361337454,-0.0,-12.88754921259842,-0.0,0.003543430139303532,0.1732437347994834,1917.153333528691,-1525.3298030445667,0.0062439802419973385,-0.005797060839821001,276.8470592983755,-90.34956707630832,-0.007273758356637721,-0.0038875135348426016,440.83089659026206,-122.37526536637007,-0.000896956107076154,0.007798910728130742,-65.35693462470005,410.08321507546316,0.007386199089869456,-0.0019657173533812393,-166.8667693991729,142.29585865661738,-0.00419612074537615,-0.005986031728108323,-297.29854070304685,-227.42964104499603
387,50,6,474.84245333826766,-0.0030079539295571997,-0.0,-115.2765748031496,-0.0,-0.0010179381337051378,0.06277870570931024,-402.79735467716927,722.5105873333039,0.001996468928888701,0.0023175132556939727,-25.788371194531255,4.520346432941711,0.0035958604749075124,0.09017636266313417,3152.956267397562,2237.3070215080334,0.00024178006911339627,-0.0031366065066962515,-97.47781791435135,130.95152186843052,-0.0023619670737689323,-0.0014931765296257863,36.179526916594796,356.54520218098105,-0.002038076360568721,0.0014160520397884452,111.52998924145079,-103.68428634385829
388,50,0,25.71671117422268,-2.3288662664988637e-19,-0.0,-5.38484251968504,-0.0,0.0001884006432323233,0.059969590011412124,-67.59191426882032,-844.951342844747,-5.034924897548938e-07,-8.013226403907447e-05,-21.312225899440914,-12.613629183508001,-4.2464446890015984e-07,-4.5054843453655964e-05,-29.322168714042927,1.9771671695996789,-4.0257881697660976e-07,-3.2034518016806024e-05,0.6814041181327557,5.261166990108562,-3.931236876372607e-07,-2.5024972828921514e-05,-7.602334307125667,-1.7423917806897615,-3.881713787912685e-07,-2.059069222343534e-05,-0.8122691581466397,3.479887372009466
389,50,3,155.62092940278237,-0.0015039769647785999,-0.0,-28.24384842519685,-0.0,0.0008259445065687956,0.061330562685869665,215.80576390350532,861.3783744805008,0.0009413715345681422,-0.0012050798452773203,-85.2194853841557,-16.50768627464617,-0.0013998458752731305,-0.0003804666367566181,28.476472876037654,27.84224901364664,0.00026262472785408466,0.0013870453354017647,-146.96970921249059,24.651451164754878,0.0010900148229671964,-0.0007185181106319773,-16.387938934749418,-47.10300811774392,-0.0007845110869682201,0.01734865215888265,1318.3530828581488,-50.00109435296405
390,50,3,191.72489521345287,-0.0015039769647785999,-0.0,-4.3287401574803095,-0.0,0.0013716053377008386,0.06091786393360768,-712.7714626776951,-686.331625605735,-0.00036732775188881426,-0.0014135466667471329,-66.90871959075297,41.545894268708494,-0.0001899943562889623,0.04205831516613017,1840.8502330163537,-186.62807957118582,0.0012253738466000673,-0.0008472563596759289,78.20977482307872,-80.73130633623995,-0.0013309495443877474,-0.0003122280553744856,-109.23126849164474,-94.30290973602759,0.0008760020947527135,0.0008592811328576803,-52.44035313722609,60.22628997651888
391,50,2,28.90865971445425,-0.0010026513098524,-0.0,-24.741141732283463,-0.0,0.0006325650422506939,0.07607799623664381,1060.9090287119204,277.10961309474914,0.0006736452602721767,-0.0008184637720547713,11.971997448135655,32.88595750912995,-0.0009069427522334009,-0.0003827966081475305,-62.982444073302446,16.164491995323946,5.813389182360804e-05,0.0008918816594724086,8.742292998838202,-33.1171104575785,0.0007989912706016208,-0.00043872206975063913,46.505503446303585,28.30943839463997,-0.0006588894067615654,-0.000570485248106477,-37.32402684343318,60.90058547761111
392,50,9,258.00311279940547,-0.004511930894335801,-0.0,22.683316929133877,-0.0,0.0018943888982228655,0.06413921132513149,-864.1879477596041,341.1507899350702,0.003153570611172123,-0.0031620929044536453,193.62452687184467,49.443345142461695,-0.003989153091215559,-0.0016777316999861279,44.16963412696717,-206.63509844606247,-5.1309276470102426e-05,0.004321358212869727,-110.43093514448661,55.799375444230684,0.0042907282899434735,0.032665836594845545,-1959.5205133962459,1044.6091037404663,-0.002671191466064987,-0.0029779046206666908,17.708793769724654,-232.92659691876835
393,50,14,785.9385498666796,0.007018559168966802,-0.0,258.67741141732284,-0.0,-0.005590642543411366,0.06394373534595918,414.39904371900917,-459.9047520053097,0.002538374755473199,-0.006384407199153759,49.670589782197474,-224.44149479077288,0.0014726094045206426,0.0067456166366268245,-24.834397138287777,-78.46192223140135,-0.004759532072969447,-0.00401154941161441,107.55411066640973,232.21699134275195,0.007961517543274954,0.11288307608399031,-4612.844357700456,-870.9446650366576,-0.005424184351551326,0.001912011779177271,-10.72073318811776,80.27020250942965
394,50,0,27.068684127467158,-2.3288662664988637e-19,-0.0,20.61860236220473,-0.0,0.0001884006432323233,0.059969590011412124,40.684651418149876,834.1737427291661,-5.034924897548938e-07,-8.013226403907447e-05,-9.502958215447117,13.355930903629195,-4.2464446890015984e-07,-4.5054843453655964e-05,31.702584465893423,-2.4954374702440263,-4.0257881697660976e-07,-3.2034518016806024e-05,0.8538998892361362,19.61294017299187,-3.931236876372607e-07,-2.5024972828921514e-05,2.8642941266151243,-6.985728604396746,-3.881713787912685e-07,-2.059069222343534e-05,13.077247966093946,3.1362561425525803
395,50,5,40.263344234862345,0.0025066282746310006,-0.0,59.84079724409449,-0.0,0.0005581757390235123,0.10043325072964306,-910.7661505188402,-1219.2778305605543,-0.0024137061508827376,0.0003609012363137404,49.32288895549257,39.33254664974149,-0.000716091398897049,-0.002373294566183516,-89.88891805718755,24.99727240352401,0.002147794811285801,-0.000966057643813661,118.70843252365181,-61.07601673602005,0.001080029972208941,0.001924861083266142,-90.70898527218984,127.56948506430871,-0.001759903741843487,0.0011781956003704898,30.8313225808131,-169.40467967808473
396,50,7,57.06128826586297,-0.0035092795844834006,-0.0,-11.044045275590557,-0.0,0.000775306841970651,0.09701296353439795,1425.0859281618577,151.57311882824922,0.00331579218470216,-0.0010660045078936928,-8.02920210183095,92.55295090910856,-0.0013591716949964518,-0.0031562715029735938,-134.45728451761812,-60.196267163047395,-0.002782154816709722,0.0016665911072353636,142.1920783820368,-116.48089280852122,0.002001208153800313,0.002380747469931991,112.31816921479958,182.15146674120524,0.002019144001437754,-0.0022378366000244732,-214.54382153227684,80.61956188406309
397,50,15,1627.699257764265,-0.007519884823893001,-0.0,-16.63754921259843,-0.0,-0.0034589469262104144,0.06666012612386348,232.3948252652535,155.78365247119567,0.0038822773276355384,0.0066948738237970155,147.4064771816776,-4.529433834807374,0.009139452934795685,0.20352312817893664,-3110.612103975719,3190.6394076483007,0.003131278862664214,-0.0069944301560530015,-4.909902903142197,46.228190765549385,-0.003789018153045084,-0.005974229765751815,385.65119095794967,82.29041999141918,-0.006389488456533988,0.0002700112624842228,-54.43524396822233,-24.757151504041474
398,50,8,182.73246116496816,-0.004010605239409601,-0.0,40.74606299212599,-0.0,0.0038823063258751835,0.061558395624781284,621.2796650932372,-762.428141181912,-0.002462313482978933,0.05152279144701274,-452.1739530332963,1501.2988517965846,0.0015064826526784993,0.003370122737626621,-50.976769700261244,-123.62131877772211,-4.82559801465283e-05,-0.0038398867507269986,-114.319040857756,-124.98747273543009,-0.001322453984602536,0.0032601850740574126,-169.4484826211012,-158.24736922727658,0.002369746410524135,-0.002523450136009801,-204.01654978950282,-82.87721781324034
399,50,5,1080.2479314259588,-0.002506628274631002,-0.0,67.4466043307086,-0.0,0.0017427030425580044,0.06196118298493917,42.206873583442764,435.6142402106866,0.0005523228028148097,-0.002390503750620621,73.02254072172876,4.806547384013735,-0.002171475326550275,0.001169924349749632,180.43776585429237,71.26353692763624,0.002104651914709818,0.0014043194021772063,187.28008032443205,43.609671639382356,0.0009859552302813326,0.0917233011536902,-4200.140574042485,-1923.1131683629048,-0.001351010279544969,0.001126913648791764,-254.52869369314706,-116.86797602862062
400,50,19,4112.034873787396,-0.00952518744344279,-0.0,128.1107283464567,-0.0,-0.00748312082345453,0.06566066284608842,30.79401419116831,112.81878312570217,-0.0028905094558127837,0.009075490549406855,16.973616196806237,97.67202609807524,0.0028319755370200383,0.009114146357057169,-17.21146902502296,109.65478917663854,0.007187326202131251,0.006001212290605223,-47.004214072244906,147.24703909565733,0.008552921824912142,0.0018297630693142528,-93.72845536241167,274.0866151471684,0.013009561508246321,0.33695579035579887,686.0191557987654,-4612.58208035962
401,50,8,257.49433136922477,0.004010605239409601,-0.0,-66.20570866141735,-0.0,0.0003890487666279618,0.06396724188290352,820.3003458545476,459.2377861817662,-0.003920459880660206,0.0003368615359973721,122.38781263253858,-7.616649601710296,-0.0005789509933018135,-0.0038164499239976397,58.2770027972679,-167.43762233396737,0.003660709756222465,-0.0007091218317786527,-71.44435272544055,-250.93993827430532,0.0008946402386996404,0.0036075360812670414,-319.67933707597024,-190.79761178616127,-0.0027215806243767625,0.029773464399831345,900.8756268724397,2030.6054466053731
402,50,19,581.3182044127285,0.009525187443597804,-0.0,276.9350393700787,-0.0,-0.007303985399082366,0.06598409924434304,-693.1027935641464,200.8395673561833,0.003281156989155641,0.14277634521885801,-2426.721439359703,-2861.550873669039,0.0036308085705339544,0.00798846014695904,-531.5398580785163,91.20048693125575,-0.007777376949291183,-0.004509051645941673,309.93045981182524,314.26559213762124,0.008416560684793403,-0.001503448421213795,-114.55476733401075,-446.1642037506098,-0.005559516319007115,0.005782860716292795,568.5189294433223,313.3429887298035
403,50,0,26.778600931199666,-2.3288662664988637e-19,-0.0,-15.16535433070866,-0.0,0.0001884006432323233,0.059969590011412124,817.1279979820744,-150.7215338770384,-5.034924897548938e-07,-8.013226403907447e-05,20.571316415968393,-14.198167529075581,-4.2464446890015984e-07,-4.5054843453655964e-05,0.9771344699590432,14.059979837801409,-4.0257881697660976e-07,-3.2034518016806024e-05,3.2906646531418375,-16.09742052582799,-3.931236876372607e-07,-2.5024972828921514e-05,-1.3795897292292616,0.9901949905666908,-3.881713787912685e-07,-2.059069222343534e-05,0.012727932371177758,-0.4556112629305753
404,50,12,2952.956747840561,-0.0060159078591143994,-0.0,37.86884842519686,-0.0,-0.0021900592685464362,0.06551638565765217,-62.51520032254473,161.53923732324023,0.004045843282577061,0.004337704083624688,-125.64870835005485,-8.542031718117087,0.005439874977681983,-0.0018081760170379426,-51.77726718737485,77.01465656534398,0.0003558315042181838,-0.005273835880194115,-96.12146293779539,-247.59886336829953,-0.004784824211642881,-0.0016751901530611655,-235.7531594091026,-299.30786337936473,-0.001192938360288507,0.14953954943346545,2983.9709624384177,3853.1840555305166
405,50,5,295.362750003843,0.0025066282746310006,-0.0,-38.22933070866141,-0.0,-0.0005527956464977697,0.062376977948296476,419.8282878129824,-863.4320955431766,-0.0020280600023504128,-0.0014157995105769717,-149.41961922240642,-13.573311164989606,0.001894761057773879,-0.0013759741758534313,-112.61328354345157,130.25492035235933,0.0014094406282948717,0.04812147366493778,2537.163325018773,-1101.7892108768142,-0.0022423972439690213,-8.952569706565656e-05,-72.63154829157924,-111.37626688214546,0.0005027459916597287,-0.00220690580836991,91.33572467155885,132.70663579367275
406,50,18,288.4230097586133,-0.009023861788671601,-0.0,83.67642716535434,-0.0,0.009070698500779472,0.06143899579184584,134.78841814257476,1058.324127792129,-0.007900148762058716,0.08723921186644305,2546.3805990976803,688.2901472404047,0.007795624971059062,0.0035283049838787262,-98.42382217267617,-302.70869336403683,-0.006923596961431052,-0.004920048405561117,430.62395021926585,-87.719575564449,0.005885071526380866,0.005417235650216521,-49.37435968714919,463.7415353369105,-0.004753306630672064,-0.006135111344243504,-516.7369169081823,-116.12098974351663
407,50,8,224.24093699769764,-0.0040106052394096,-0.0,42.96628937007874,-0.0,-0.0004114008492871251,0.0639247816238365,-516.6040869730723,-769.640158431521,0.0037617537471853046,0.0011069838583158823,-23.19059599011428,-74.8112712989145,0.0016842624723753792,-0.0034810603989269837,-83.27777462353136,-90.30087337140895,-0.0030760328083092522,-0.00209745495794155,-108.0443066430088,-65.9094043328584,-0.002455411497614052,0.002712819505588061,-127.17391670391447,-36.57722323454925,0.0025334225980801124,0.025050426663431463,-1524.7385676904153,-1156.7479275084468
408,50,12,736.0470887288576,0.006015907859114401,-0.0,4.0770177165355195,-0.0,-0.003570895361973,0.06466495562856571,473.19860375846105,374.98571155508944,-0.0012529874512113017,-0.005780447381768527,57.01947014551942,159.52315977721756,0.005167539007753094,0.0026948505525365716,89.09616065611236,258.694859878768,-0.005095547526334714,0.0026401693325625772,228.97967279913212,396.15277966481983,0.0025818222872209854,0.07390776889429006,-2870.8167113773434,-3171.1058962497036,0.0030568798091924897,0.003654716329634347,-50.07653366534189,63.838489756606684
409,50,2,25.32298238996826,0.0005676971414748373,-0.0,22.85679133858267,-0.0,0.000831235301030499,0.08480119779144621,-1217.3708385942866,-202.4194778726764,0.0005561243599025269,-2.5747554779854173e-05,-9.156042414820156,15.572606833831044,0.0005429475199915729,6.54922611568869e-05,3.154158416808852,-20.870473411997065,0.0005248997724204777,0.0001231381800146492,-38.32688685993134,-19.100870363406678,0.0005025391182465748,0.00016920268037589503,-28.331945340959034,-34.04876246254482,0.0004764747182830828,0.000207985311405805,-25.1021784860377,-32.422956437945906
410,50,4,292.6321779831261,0.002005302619704801,-0.0,-15.327755905511804,-0.0,-0.0009543304423046878,0.061632551382691164,979.9292126295022,31.00861553915134,-0.0006790393144213347,-0.0018644768108497813,105.42638854502438,45.69954835406861,0.0018642951327480942,0.0006125237287188834,174.24794334593003,69.81479374012339,-0.0008115538422062474,0.04994695137302714,-1722.2188944341835,-2232.898676683017,-0.00017269878690379315,-0.0020294767815528915,-92.1601305860524,-219.94107654724522,0.0014845410581618471,0.0007040741808692979,-100.7642381686614,-100.27912427296985
411,50,5,70.7110956824548,0.0025066282746310006,-0.0,29.7613188976378,-0.0,0.0017179225866841396,0.061941437819255,-833.4168874308745,253.78153102394367,-0.0006128999826484565,0.0023049945903906516,-41.8551187318449,-14.67335305700071,-0.002210753745654084,0.000911439970713194,-74.68717956226156,-119.16493323352292,-0.0020463034648924225,-0.0011567780480620936,49.05504507581086,-122.3849390213519,-0.000351307640596374,-0.002240612035482919,149.4042451349821,-55.21997308312447,0.0014619741014970263,-0.0015778483442077111,143.54340344014864,78.75975277970947
412,50,12,58.97640289789122,-0.006015907859114401,-0.0,145.7025098425197,-0.0,-0.0015313917636636464,0.28613928809241324,1932.4619300068784,-2146.9334301842273,0.003988845189851428,0.003983666752223044,12.923991743206402,50.04014304011617,0.005472414348068747,-0.0020659695197360987,-860.058450658268,-1089.2264019070053,0.0004903678195470088,-0.005731503463087655,262.86039463112735,-170.5103436728937,-0.004719604312186256,-0.0027107298509963496,-213.62636118543367,9.280346771519067,-0.004072601290012436,0.003020491037613274,-210.8509039081527,-51.11701932456833
413,50,15,1638.239606317813,0.0038599424119465002,-0.0,48.65723425196852,-0.0,0.004032709681442489,0.06057884133462139,235.13859796350013,-76.76699741390122,0.005338102287709308,0.2463489557406317,2364.36145279069,3059.192676190763,0.0037066110126997777,0.00018870049326943266,-224.45135132542148,-375.83064764136446,0.003597497735390877,0.0007179074626671267,-22.28045547313476,99.04284201841014,0.003460728634789916,0.0010534382572780809,-376.2245658453158,65.21440703263586,0.003300501530646387,0.0013207604687092043,-615.2701705571118,31.410109473561256
414,50,8,149.4030243726998,-0.0040106052394096,-0.0,14.806840551181093,-0.0,0.003927904539228237,0.06137469403103592,10.133662036347516,-907.7474761813318,-0.0029721671999219917,-0.002655086759892068,-117.4254036717846,2.013567935588333,0.001834938759103383,0.0033646460327578353,-94.07971524701752,126.77346242228518,-0.000514636626731198,-0.0036936069143251736,107.3732433343977,155.57541017204068,-0.0007819738613203787,0.0035644383413230346,281.66982109001106,36.951249631833555,0.0021685920645779463,0.013104945810155243,-151.27891830878656,1021.4213053482806
415,50,18,182.91349914580243,0.009023861788671603,-0.0,-49.57972440944883,-0.0,-0.00862559175185298,0.0617084138091578,349.76499268310425,773.5734969912287,0.008200274383035664,-0.0034468609880120306,-198.47664622675646,-113.1326076573829,-0.007232113832854945,0.004737866423506709,51.47337557617144,-353.84005927333396,0.005979961853249259,-0.005937715739875596,393.36227622219633,-108.97727689048394,-0.0045395180602703,0.006654094544276618,311.6187409137067,347.12664285956566,0.0030094679628196587,-0.007097626541523593,-159.68686809347633,464.15920096803353
416,50,12,160.8395415030655,-0.006015906842535065,-0.0,67.59251968503938,-0.0,-0.0051134084447752425,0.06277466314403082,-528.944985165977,-695.4294006709462,-0.0032626176485503694,0.019179343903333777,375.1994731069703,-454.8894063221347,-0.0006891535959958427,0.005659339886955097,250.06723548271663,70.71506148195145,0.00199642028586648,0.005184009897364536,180.60370320400114,257.0313776505374,0.00403775847413952,0.003521541974795795,3.664666390843953,357.9958405180705,0.0049809598547682615,0.0011811264280457178,-193.49858920149813,315.8585340849209
417,50,13,2683.6107057362387,-0.006517233514040601,-0.0,105.18061023622047,-0.0,-0.00204722574327252,0.06623180617000102,70.86445473180025,-150.18894011791224,0.0048844570634435334,0.0046102991352160155,128.75821003367665,-117.92613193530427,0.007603795161725007,0.22554154024639125,-2781.028645375087,3348.066096305076,-0.00099753283787356,-0.006808604242452363,-60.474051522639215,70.89259024165182,-0.005736171407039048,-0.0015477607154053379,-140.25647609587688,351.4770533713709,-0.0028634708580641158,0.004436791104506687,-46.13196329321437,89.30186532185544
418,50,11,79.45443853446262,0.005514582204188202,-0.0,-3.160187007873987,-0.0,-0.004514828516258829,0.10216413596259995,-1469.0233113096506,-327.36960385164684,0.002959244183177228,-0.004670310252159554,17.437544223558987,167.87286495736183,-0.0004330128664206293,0.005206044615860914,-11.263590165735593,-287.2087267239342,-0.002070120261208859,-0.004754138836657913,64.17105096327838,296.5815429936262,0.0038988020625718278,0.0029831856197420105,-125.59880504467621,-295.5038193440227,-0.004637816930814497,-0.0007985337915120907,152.11028752790665,309.4156121901485
419,50,12,141.10638216273264,0.006015907859114086,-0.0,52.83710629921259,-0.0,0.0047791177502250655,0.06381620076422592,816.2956862797366,-322.95443160689956,0.001033878804934809,0.005738620557877839,-119.42381466772007,76.8475537690309,-0.002880025806590001,0.004966772631823206,244.41134155843557,74.57456219983415,-0.005260359554793645,0.001899084651907831,-180.72067179407503,-244.3062570315057,-0.005065804566181246,-0.001848685306671215,-35.92939194686852,338.35857310046487,-0.0025824617091278626,-0.004449921562861959,267.1620264967765,-261.7150548742838
420,50,9,219.5816258032546,0.004511930894335801,-0.0,32.99286417322834,-0.0,-0.0040746379990377595,0.061461160269117895,-636.7294182836708,644.8775163769113,0.003914154151207922,0.05483933297305657,-259.90368735403365,1677.9837808721998,-0.0024833028102646234,0.0033709556533795615,-48.04599881282271,240.983625119726,0.0011964055622686884,-0.004137082915024495,-157.9141998146079,-147.61435955413455,0.0001255733705195434,0.003955823202760269,269.2919366667133,34.52656306111702,-0.0013264403378514871,-0.0036735017796659763,-142.6060549978197,277.4740934357761
421,50,3,37.96071937600754,-0.0008118996921927243,-0.0,16.285187007874022,-0.0,-0.0005760647766979334,0.07382886157701253,112.30278109573372,-1062.4090502785657,-0.0007962272196749384,3.269638282499537e-05,-13.979622975678868,-3.7458112722173826,-0.0007761978189386429,0.0001383372024090843,-72.82287649679905,-41.6377573545248,-0.0007490522776480556,0.00021321799105693072,50.42440652384108,-28.130910089384255,-0.0007154796217039158,0.00027607624638158266,-4.70317911061365,51.70007163297318,-0.0006763664315240448,0.00033030368318756533,-52.81612828554319,-7.835452078003739
422,50,10,131.51507702535696,-0.005013256549262,-0.0,-3.991879921259834,-0.0,0.0013383588589565428,0.06485032366560435,427.50968117905285,809.3862367157205,0.004514687846546112,0.015702110419173895,340.26448177046865,-349.7969290089396,-0.0030944478325661473,-0.003780423953280745,217.5746217641288,7.156848500550468,-0.0027925453875554595,0.003686741330576548,-248.48549762820474,65.0474274769673,0.004116760086642895,0.0017395780761645149,200.53158893863682,-203.87220874703343,0.0007471423060200719,-0.0042406526666913325,-90.31237503145582,328.2779330538129
423,50,10,1018.9941130470485,-0.005013256549262,-0.0,-259.76550196850394,-0.0,-0.0027953813811441054,0.06409308549826016,-353.57949116140765,292.7004610618949,0.001405677543411877,0.00503313115317621,-310.3374610754566,18.748531355227534,0.00606613126126628,0.16552327044218312,3375.620728709739,-3044.704974470645,0.0039032362868412942,-0.0031476082770539207,-92.17891970126124,-175.70148459069028,0.00027647050121745785,-0.004810701853640507,290.7963099121688,-454.5325382789731,-0.0032620490275765837,-0.0030041338400193423,-82.48394100942201,-185.68841294913165
424,50,18,2134.8495180823224,0.009023861788671605,-0.0,-183.8420275590551,-0.0,0.005331286545972111,0.06740867245491697,-211.58026706333382,-112.42635406778442,-0.0030547517053448035,0.008400791325051274,-63.49019673830574,-45.1741646925525,-0.00838192889762827,0.0024465638343301927,-192.51545521610865,82.63064386887226,-0.006402243848552892,-0.004962105311808608,-78.47158830233579,221.61952734069615,0.0007776778336800476,-0.006912801143296216,-133.38219427996367,157.4057881537684,0.010692921202226311,0.20843350749326736,2896.0712770805794,-3930.210995284803
425,50,11,214.1709459294796,0.005514582204188202,-0.0,16.769931102362214,-0.0,0.0019177810527114519,0.0651990159803082,-805.6380062025809,575.5592482332787,-0.004342681535524937,0.0032058576058873493,-177.2618576461484,-43.92603780099114,-0.004343808586949387,-0.002957841120516137,-123.72192982340893,-253.35057115361064,0.0019056360930535786,0.030223385072359485,-138.41774133718485,1718.0187281933106,0.004929753377973186,-0.00033717810953066296,307.9359662103969,-53.19041458840622,0.0016177492865204512,0.0043065334934690985,294.5539529502017,229.56945661868795
426,50,1,24.994609394766176,-0.0005013256549262,-0.0,2.865157480314967,-0.0,-8.556343623553571e-05,0.07594222155446496,549.4486885972935,-954.3938400274997,7.946409503919624e-05,0.00038497430454902717,-4.461043521352483,-8.383081356294468,0.0004125200435649707,0.00019102712523688485,4.807255711625054,-35.90436073870548,0.00044172817021116164,-0.00019022399944795842,-7.581762515464206,-27.792687268156257,0.00016466040465406916,-0.0004486672501258604,45.72880553733342,-12.744196141736516,-0.00020159714712362958,-0.0004029028166328653,20.05076727245662,41.90259588494469
427,50,13,1458.397029425141,0.0065172335140406025,-0.0,-83.57849409448815,-0.0,-0.003947139406120606,0.06506174777834482,265.84916259401854,-200.18953206748037,-0.0011987508742385966,-0.006137337572240946,-22.32209823494319,-105.06153942086304,0.005492498249495389,0.0035667029829100773,284.1717555252413,-78.45173446043701,-0.0034564651285768477,0.17629705783222188,-4023.8648657906415,-2398.548754406002,0.0017896801087288546,-0.006349564152035925,-31.827847746498254,-141.11650636251358,0.002967824033215786,0.004249914506929233,167.24377800829032,46.158930058878994
428,50,3,262.4391616430519,0.0008907536591445263,-0.0,19.071358267716526,-0.0,0.0010746913887536788,0.060064191779888594,-686.0906450653271,-650.9447550753446,0.0008726043333094382,0.00011911256772457237,-63.297229179690184,-26.77309771878241,0.0008516989157181587,0.00031160763328862763,-86.56083886881135,-109.21832892759322,0.0013629782183238834,0.043414152917100636,1508.2743320198902,1937.1139546248442,0.000780416365695964,0.00011253147739357209,98.31568932009768,58.05776620087988,0.0007384832859267033,0.0002578229414921998,36.55482197072845,87.93260866699697
429,50,7,78.82401763700051,-0.0035092795844834006,-0.0,-17.38705708661417,-0.0,0.002694007738411737,0.07363435245531844,950.249464914077,489.18099184470015,-5.974777545094531e-07,-0.003542577018011376,25.678572835973892,108.91569884152277,-0.0023847078296809847,0.002330738837346218,-165.74154387925097,24.077394748292587,0.00326808259081302,-3.80142947132755e-05,-51.74213697208735,-178.6284259984645,-0.002221125798466084,-0.0022503555927804075,216.0640311153127,-55.96703133703431,-4.60630036164842e-07,0.002966312680649727,55.494501761807776,225.86347016531317
430,50,0,28.643566495733012,-2.3288662664988637e-19,-0.0,25.08956692913386,-0.0,0.0001884006432323233,0.059969590011412124,-780.6618957591828,290.17707518827643,-5.034924897548938e-07,-8.013226403907447e-05,-7.444089793602197,-20.848569616546914,-4.2464446890015984e-07,-4.5054843453655964e-05,-28.674011871737797,-23.977806252735753,-4.0257881697660976e-07,-3.2034518016806024e-05,0.03791577554573996,-19.756609906643693,-3.931236876372607e-07,-2.5024972828921514e-05,4.069990260131429,14.081213612711736,-3.881713787912685e-07,-2.059069222343534e-05,8.319543650680764,-3.7891736476499123
431,50,17,1136.056361634663,0.008522536133745403,-0.0,69.72244094488188,-0.0,-0.0044027490399521875,0.06714905523455877,105.39888288093739,-433.5805928802336,-0.003469241683867063,-0.007603199017691292,-286.00088381857904,-166.35444042499554,0.00810443194035059,0.0013061451206285658,-298.58776530401246,37.29785393317528,-0.005208449784349132,0.006264384150950767,-157.04009976746767,158.71487209019418,-0.002117221767118794,-0.00664838710371644,-54.99451397161433,-185.66630736030507,0.009395443638785068,0.1311543242353386,4293.761841584164,2183.640508335618
432,50,8,29.929480238021906,-0.0040106052394096,-0.0,33.550688976377934,-0.0,0.0034714192070141843,0.19227354579310707,-695.4939799391925,2596.664021047661,-0.000150089784446849,-0.00419040332317244,-75.54264673017998,47.08219208914593,-0.0025677889352483233,0.0027320776651055785,545.2626303397444,1.1220674804212385,0.003723612435863059,-0.0003826121711112632,-94.39092331642455,32.618993973633486,-0.002766712473761629,-0.0023668748304285663,338.16349140507265,-43.818681432304246,0.00038451611097444416,0.0033310934297833992,-112.350178789216,24.862942056744433
433,50,14,254.3586466953161,0.007018559168966802,-0.0,64.18257874015748,-0.0,-0.004163271824607057,0.06544610053287168,-53.9020373961618,-1039.7418679272278,-0.0015467126713196429,-0.006778498196430888,-214.8328915798217,14.446889042019743,0.006083509371625508,0.0029017549318547083,139.50564260059977,141.60681627084364,-0.005879081039639391,0.0028924581110963354,14.284406074400735,-365.1230851288078,0.001372144193426414,-0.006002877789087375,-355.2355438219098,34.589191830537324,0.004281604841252437,0.03261513461834877,1287.041883059894,2050.406199319806
434,50,18,4647.685294305191,0.009023785002090782,-0.0,-146.99409448818898,-0.0,0.008455786628709262,0.06355468154819587,76.1307869692476,-80.02981859902224,0.006149581467493517,0.006456377397222135,128.2710695285134,116.20676575587859,0.00309221665928093,0.00832415174952747,110.56982464253602,25.349714901404734,-0.0003111962567444404,0.008849371840236273,115.45072751923274,49.80094635665026,-0.003421689636901624,0.008375296688807647,209.32186457833117,297.99451495284524,-0.0019393995080042791,0.20655275494820877,-1837.6748712325812,-4528.41379025272
435,50,9,77.99992949467838,0.0045119308943358015,-0.0,23.236712598425186,-0.0,0.0028619487579720554,0.08882376180338247,-1197.5156786543052,-541.6943173360529,-0.0014759319126351012,0.004066001648282757,-4.355492771773077,-117.23825821709042,-0.0041711251134313315,0.0011193062605026132,221.49790740542971,17.25437082865175,-0.003272008646116839,-0.0026833209694930604,-35.305550892758006,225.57326932337998,0.0002529753362560394,-0.004065336189287507,-267.4128711228149,-65.45365267765482,0.003271732011169456,-0.0020486644820449005,78.17571777780171,-275.70894294563226
436,50,2,126.54104831459372,0.0010026513098524003,-0.0,-31.24655511811023,-0.0,0.0002386151693722519,0.06098571269442124,889.4356798974029,-61.18845801358897,-0.0009801414466231566,8.000158026862057e-05,-30.405042006083026,-58.9015284102655,9.599991563900547e-05,0.024588190687073335,974.0489885629726,468.0615881538185,0.0009135520570855575,-0.0003066174369624195,0.7322034095991375,70.2750394605054,0.00022199623337609402,0.0007959702602730385,36.16343455793103,80.31296837885239,-0.0008169635512775311,0.00019904581696547697,51.58746371949188,-30.937091462942934
437,50,15,149.16515267666762,-0.007519884823893002,-0.0,-24.619832677165352,-0.0,0.003376023133305055,0.0667436326180054,-753.2862118143404,575.2280031626977,0.0047084481080185035,-0.005772276937182544,202.83944339168352,-51.45394399561987,-0.006998659754528949,-0.0018418962193103123,-221.76117663016103,-200.98511386341997,0.0013120269836019477,0.006847962185463229,-49.702711960038656,351.1240574991368,0.005443978888816748,-0.003980592778195491,357.9219020864324,-188.76832790480938,-0.005616412915037715,-0.0031080264218796365,-405.9783653298023,-137.58622150493048
438,50,17,10463.655928793194,-0.0085225361337454,-0.0,63.83292322834646,-0.0,0.005638120692116942,0.0665860468966082,9.149134059848151,44.910912133218524,0.0014664234485382596,-0.00807635707574526,32.45965175086549,91.00123048658931,-0.0070963765710930025,0.004473316120672356,50.628727115863775,87.34210780765109,0.007461122681758633,0.0034930483669264765,38.63702645497358,202.78501201756404,-0.0025558139931878762,-0.0054124014277760245,22.76152094243695,286.1828436150952,0.0025544106796076345,0.3358111587646762,-60.281796470281826,-4664.296306412587
439,50,12,505.010232354258,-0.0060159078591144,-0.0,-83.76648622047246,-0.0,0.0026360220035999264,0.06547428109003675,106.70894711436094,814.9395772417333,0.00393621364436045,-0.004392793643691359,-185.29200077142892,-6.738949262253947,-0.005506501630410851,-0.001550696378818134,248.16705107636645,190.50698850858345,0.001536237909939557,0.07749181291937236,-935.8692049750709,-3953.256070596846,0.004628526790789394,-0.0030869683543195653,127.40398242321889,-93.27293515982255,-0.004189020792220537,-0.003155023875992484,-172.57904005409554,-212.7688924053323
440,50,13,952.5828026932635,0.006516920992506454,-0.0,68.67987204724409,-0.0,0.006250704853194838,0.06239702619571242,-338.4063195571824,365.5533200512495,0.004777361590973043,0.004551196778839298,-322.96203662349575,-189.63719620159605,0.004322086225478652,0.1588305323918227,3492.631627931328,2977.105007413551,0.0006777137796618029,0.005471614244879199,173.17668799263893,255.15360303668095,-0.001455671066246941,0.005335906869516504,-223.30810215445194,584.4601129596999,-0.0032125364784722334,0.004308758632409896,-0.4012245167067458,-25.209068850113155
441,50,4,170.4039678420879,0.0020053026197047997,-0.0,-7.5556102362204856,-0.0,-0.0007065380643761699,0.06182435109742005,864.4326556774445,420.1817414721709,-0.0008467899228163148,0.05111298332153613,-519.3904327956852,-1460.949622051977,0.001895365348399308,-0.000509321619327193,46.96581155085027,11.549366897585626,-0.0005336330888829941,0.0016877304470100333,94.46599167178405,-25.957483140340962,-0.001309364734372919,-0.0013038388216365876,113.58972136212687,-120.82302023293293,0.001603158998458336,-0.0006492291991461579,75.96199345974307,-125.83888885151393
442,50,1,39.548469196415645,0.0005013256549262004,-0.0,31.59694881889764,-0.0,8.259048017018562e-05,0.06045844433279199,-800.6467492537118,250.9836843358234,-0.00044871389891252,-0.00028181476717338224,28.463990236318473,-14.893232017705781,0.00028761552295356605,-0.00042689624640147004,6.674872090144793,-0.41453094550507447,0.0003062779756678701,0.0003278122587471425,-12.864147161310965,1.189539674110755,-0.000393267534726499,0.00020846418393220768,-0.20899428943078238,-16.257209250384758,-6.188127750934916e-05,0.002767522176854584,-218.51276929195308,3.7317807639919223
443,50,0,27.947858191074396,-2.3288662664988637e-19,-0.0,6.007627952755907,-0.0,0.0001884006432323233,0.059969590011412124,513.7384922562427,-656.9200007104627,-5.034924897548938e-07,-8.013226403907447e-05,-1.7728604625500048,2.455155887612336,-4.2464446890015984e-07,-4.5054843453655964e-05,27.936455137837765,-21.86746890301301,-4.0257881697660976e-07,-3.2034518016806024e-05,-9.938020543177279,-9.414118255957293,-3.931236876372607e-07,-2.5024972828921514e-05,9.64192791349811,6.120472984217227,-3.881713787912685e-07,-2.059069222343534e-05,-4.555608677017642,-15.068296119106824
444,50,18,170.01130366847093,0.009023861788671603,-0.0,-29.578248031496077,-0.0,-0.0072735672473336664,0.06497248970462909,-273.9668642149167,862.9711135373747,0.003366225231483201,-0.008280910139564494,-73.61453855341223,-244.68672520598503,0.001731115758323285,0.008450557682836585,330.13777827308525,-67.83377098540721,-0.005980767010883212,-0.005937715739875595,143.83743326120597,397.00091422376795,0.007932103602523667,0.0014881797067612657,-417.2596050415984,227.45405172503618,-0.00707742402067895,0.0029892654419750152,-257.63084546116943,-402.5857061873708
445,50,6,241.06484734035496,0.0030079539295571997,-0.0,-27.005413385826756,-0.0,-0.000537761703448008,0.06298017706820659,-375.87696517855545,-961.7141844421511,-0.002110291252799012,0.07768723767212106,2301.288564073506,-609.4455820130222,0.0019361219874308377,-0.0023793239933678142,77.94386278068787,-110.72303000827519,0.0015584238215272715,0.0021892127977456255,-87.02873967701608,117.83556958620008,-0.002534285297201711,0.0008112795092025763,182.64871392310434,-164.3924242976952,-0.00025878621695127503,-0.0026306115614441418,-142.0471999646157,134.19410264687102
446,50,11,160.0828939279073,0.005514582204188202,-0.0,18.421998031496052,-0.0,-0.003669092809983396,0.06392580648719973,663.0699739019398,713.3170492619893,0.00016629072761242494,0.03188312215973081,409.18843016008356,-900.80541642311,0.0038152854545831366,0.0035402778524435863,-83.97719535679865,169.0238662681246,-0.005135717229098302,4.709477379710159e-05,-189.15963196187528,200.75604897813975,0.003377320935776113,-0.003658186646476615,-217.16498697314557,161.14196193457738,0.00017621670022171775,0.004647733833519158,-299.1150062354133,117.9244133878788
447,50,7,173.29347519409805,0.0035092795844834006,-0.0,48.15403543307088,-0.0,0.002042026508212766,0.06298332518034068,-876.519271673518,-106.72215672953597,-0.0012612798921199124,0.04219991339082702,-963.6720665262751,-861.9852722978716,-0.003353870700596261,0.00022009253831867904,119.98387136846345,-122.78672384212953,-0.0020205718824058924,-0.002654416180145505,118.16109163360335,141.53829936275793,0.001062821503769837,-0.0030172297138751957,-121.00794800325373,166.3065989840647,0.0029218186435577007,-0.0006840832387466535,-205.58484963687962,-128.8934698153666
448,50,15,89.17638404453548,0.0075198848238930025,-0.0,-39.96432086614173,-0.0,-0.0017326101586166247,0.1061521020297177,1580.9447154314018,99.72161222822398,-0.0062875283006953,-0.004011930882308958,226.6970398025335,-76.92723039249057,0.005328000473668252,-0.0049537746574349235,57.27450263776688,-238.57281780223414,0.0031398377175743046,0.006207660065148714,-240.94614003622547,-249.1383211760025,-0.0066110625925940225,0.0012197126944907678,-403.32740746705525,48.04106602182148,0.0005623753024799008,-0.0064179394393539405,-189.33002234530602,401.0673740412557
449,50,1,62.736504845968135,-0.0005013256549262,-0.0,28.029035433070867,-0.0,0.000523165587482626,0.060347136903100076,-753.9012409755682,388.3357835997863,4.907185448431883e-05,-0.0005466857942087908,11.981710453056108,-7.997082946095009,-0.00029601302119371673,0.01003503051021658,-364.77188783638724,289.63413034302255,0.0004567044528275421,2.749980042457719e-05,10.391148030921078,25.28155710362067,-0.00022905917629823094,-0.0004296011532193607,-18.289138701202027,-9.525188547437446,-0.00012754576329241407,0.0003742882242681986,-17.175623849077517,23.87104564619564
450,50,15,2497.5522273416937,-0.007519884823893002,-0.0,-146.1875,-0.0,-0.003742800431903192,0.06651588673752816,-90.52961840373614,-150.56967967361777,0.003315434143040336,0.00708321447304231,165.2092821297122,191.97979299080274,0.009401098156228534,0.2344587680202366,-865.7151361314416,-4191.921934726233,0.0041772408274574815,-0.0064513520915407485,-110.54902444961544,-330.53607441810584,-0.002484635575489253,-0.006721697109369704,77.7002987788706,150.6402724453182,-0.006316099161819348,-0.0014547432725452007,1.6101715560242382,80.38189502696183
451,50,3,119.11234975676543,0.0015039769647761823,-0.0,-3.0076279527559007,-0.0,0.0013773057508391134,0.0608969294900171,-351.811206444322,860.8567883271626,0.00038523126326602355,0.0014007892790756334,-30.239514170455536,33.623539884660694,-0.00033445175934537677,0.024078967565535427,1005.7789880156524,199.9839624352848,-0.0012115823167227022,0.0005950014297714019,81.77502819154385,52.779981911387075,-0.001336375826863402,-0.0002365500939600423,141.13232507778395,-8.112288892642386,-0.0009129720675871191,-0.0009516576298461446,104.41119866457177,-2.536973397126555
452,50,4,191.77054394521943,-0.001082532922923633,-0.0,20.50885826771653,-0.0,-0.0008885686533808453,0.06008790602099184,-118.06503513714487,-944.672944232309,-0.0010607124550631789,0.00019062660054556833,13.423503731237963,-18.301162311758883,-0.0006578673031051064,0.04019090484897609,-332.0002621190436,1730.1029193821,-0.0010002082356645665,0.00016716948781063374,8.886861912104548,-19.956134011210203,-0.000954901801452694,0.0003089662989621086,126.18138227521494,47.71233794560133,-0.0009025804374417749,0.00040016847736186017,7.536284393810362,100.17771037856693
453,50,1,31.585294471651995,0.0005013256549262,-0.0,3.2244094488189,-0.0,-0.000239594378174519,0.06022634886279367,554.8538632673595,638.3058404307093,0.00023131730187239384,-0.000514659020656574,-24.82219912475101,32.37405760317341,2.377713573115854e-05,0.00043601870231467586,-25.29047832817573,-20.129633766237635,-0.0002604285133790563,-0.0004198706317504789,-20.044800655539518,-40.23957218211271,0.0004055493237396768,0.00016599704315825448,-7.982856977539622,-28.162724282448167,-0.00042548056253542064,2.228880698660946e-05,24.02660440651209,-16.931199112605434
454,50,9,600.6722424383119,-0.004310988197432162,-0.0,198.80782480314969,-0.0,-0.00404295585227643,0.06073201190917559,-502.08824415761785,-439.58630370085035,-0.00399818563444563,0.0014131762450427991,82.25565528941372,106.4434936334991,-0.0036254890758170913,0.0021278871489412233,-61.65318366359231,163.98617051743744,-0.0031367378359209034,0.0028136383978899014,-150.27432054744418,41.82942989210595,-0.0016370075480186754,0.06231370083662612,1411.3934461225788,3688.913502739999,-0.0019554975917564447,0.0028887948554640525,-139.05687165062452,177.8369686451407
455,50,19,259.6693302573263,0.009525187443597805,-0.0,299.48252952755905,-0.0,-0.0011181788175704996,0.06938842809467943,1208.3295333171675,-52.328659825005175,-0.009002229640500061,-0.002568517519910342,48.17977123632332,-317.740952353803,0.003688548124360268,-0.008252548014012732,-236.27763487304438,-200.3337094795701,0.008169891300233585,0.053997297798463705,-530.7474406635658,-2848.613264498479,-0.00543737280191091,0.006322435806777065,-249.91512300129745,170.72246928670637,-0.005484806030704128,-0.006126380540575768,108.87713374377759,361.9524551274709
456,50,2,22.02122368291228,-0.0009898676436495336,-0.0,19.505659448818893,-0.0,-0.0006650716477464413,0.09496395936037613,-1413.5842663776334,-139.44645730207893,-0.0008845082285732489,0.00028230736123237965,8.51754500701931,-31.232395060115625,-0.0007601898186920239,0.0005059456199680076,13.569908114094888,-85.51375339353834,-0.0006012012220508638,0.0006552623755598667,21.602218271105507,-24.31646181612239,-0.0004203860303752127,0.0007486168045768113,15.255097137142373,-39.708061842283186,-0.00023177798459771793,0.0007887372136333117,16.925891212408306,-36.003741186612785
457,50,8,250.21953581758316,0.004010605239409602,-0.0,-4.191437007874026,-0.0,-0.0035421485621187905,0.06141484317440918,938.7771691409649,53.88755676661814,0.0029388412175550037,-0.002648838269249185,49.939802811074806,100.82804065484673,-0.0017700557768507358,0.0035194483621695085,109.56685015184286,203.29121803553656,0.0009436441139163322,0.037831140977520945,-1571.5689050777196,-1537.2192163708028,0.0008892691979173224,0.003265633128411753,48.40314613743946,94.67709190423446,-0.0019764164182662276,-0.0029109186298240776,161.03600441487401,140.62614624277154
458,50,12,2111.708104327125,-0.0060159078591144,-0.0,-73.11195866141733,-0.0,0.0045801679147061325,0.06407980658484097,-74.34004896007819,227.95163402020495,-0.0004451636637588579,-0.005890633048821328,-77.76414115971704,-160.96075816312484,-0.003598867239852952,0.004624240442084465,-10.3323631770495,96.27364441092908,0.005542577162229161,-0.0006095583435462706,87.40346889537075,-270.8646924947435,-0.004443733730947064,-0.002452369667826447,-95.6577968348871,-216.04030409594165,0.0032291499912100196,0.1152944141689978,-47.91082726066479,4857.394540158836
459,50,12,1387.0655979640264,-0.0060159078591143994,-0.0,-135.38976377952756,-0.0,-0.0011913323695220011,0.0658379912957696,-23.323556991185047,-363.2549245357641,0.005282632411480707,0.0026578805194986312,29.146095762112374,-40.949767221005985,0.003713388502427527,-0.00431900914086164,11.903657865103511,36.625287793895694,-0.003347074329605249,-0.004241952377443125,-218.94565386189709,171.16440724624508,-0.004931281398836209,0.002750883365389706,-412.6664544881927,148.91997791683872,0.003112290092357479,0.12254056818200831,4432.774348731281,-1898.4811945662595
460,50,8,1180.8135116993992,0.0040106052394095985,-0.0,135.79650590551185,-0.0,-0.0019930700108028157,0.06337429482001047,230.57073830310767,360.6749617565024,-0.0015870787453577705,-0.003547706565563704,-74.67178085784259,135.45758058134578,0.0038042929751322665,0.0008540503907305691,-127.86156209590993,72.95095599672322,-0.0025150123277213722,0.00336703164642524,140.54367073862355,100.46361496011139,0.0013927741435622364,0.14200180918262473,-760.9053084794907,-4781.79487916689,0.003221738307321494,0.00027794154050217126,61.07525553781903,-125.49732059622245
461,50,8,170.1268652082402,0.0037757346278440023,-0.0,91.03715551181102,-0.0,0.003905182410079861,0.060576406293459825,-35.36700117710216,-867.4366439511431,0.003543108086798053,0.0011321690779517066,46.19580581506007,-143.40707292383152,0.0035362757027126842,0.030388017612914486,-662.6674454155732,1069.2439396232921,0.0028979442610778186,0.0019501310183999093,-195.05312983187295,75.48789558727525,0.0024652329685938374,0.0023441100450736323,39.001535845274844,-138.18700016963604,0.0019886148437543135,0.0026058551438630363,181.78941725047892,138.6554303291405
462,50,9,213.99961550927816,-0.0045119308943358,-0.0,9.958907480314947,-0.0,0.001630169052224974,0.06425895033783434,263.9330890304763,999.0997865160493,0.0035195492793788077,-0.0026627492113487023,-87.61803898290839,-16.739160928159595,-0.003160326094404173,0.044314628427075016,66.33631685768998,-1971.2466155476156,-0.0010985955081399242,0.003863899561714656,-222.56023886971596,-129.17751708199089,0.004028026335323954,-0.0003664856189453044,218.7343590324303,-62.09035983115039,-0.0014619103996729758,-0.0036402351540823427,-286.21704712465396,104.62051826265315
463,50,11,44.95927662637175,-0.005514582204188202,-0.0,120.32898622047244,-0.0,-0.0028646690002106017,0.18080593185455085,-1106.9078378446106,-2366.2562717867886,0.001213500225005319,0.005043623049899901,148.42445457013346,-56.116859982101346,0.004778708032536602,0.00215345897067124,409.5776232436937,365.93228703788947,0.004618438428144409,-0.002339449941862213,178.70589623510222,209.06220808546814,0.0010753907519347975,-0.004889855042988415,205.84832821105752,168.4757313484692,-0.0029511320030484694,-0.0037191797644514565,-90.8313948260209,304.74703893914574
464,50,7,187.0895728652806,0.0035092795844834015,-0.0,-1.802165354330713,-0.0,-0.003172580300532486,0.06094942624896613,465.5497913669347,841.8468414916147,0.0029338150942638226,-0.0018068864048201717,-54.10282031543924,-2.3990228350042506,-0.001947801490837018,0.03742208998154202,-1283.9019034880241,-996.076541120659,0.0014636516819854992,-0.0030740294784473376,103.38151101951932,-167.5100586224398,-0.000589894610409881,0.002994077437837944,197.91876689015234,80.76811077249437,-0.00026400995978670644,-0.003046511931248884,90.43043699410983,206.7096195651656
465,50,17,3894.573727984603,-0.008522536133745399,-0.0,104.35088582677164,-0.0,0.007772752993915693,0.06387415114885714,96.7210050413837,78.62205841942966,-0.00500506767888744,-0.00657222891910096,96.63289106923476,-0.8034570479340255,0.0014364357733953677,0.008406301341937318,126.87578164179548,-38.63060557663588,0.0022708556501813797,-0.006940896495966555,139.6939943995919,-60.65379724221134,-0.0051964509677874604,0.007120532300282676,239.49248465875877,-8.664797805893812,0.012326062859137217,0.28966062030724615,-4644.028904038328,876.8420274040617
466,50,3,176.83420520936562,0.0015039769647785981,-0.0,-46.68774606299211,-0.0,0.0012927331652656834,0.06099515689404693,843.7894241129593,309.04921964327326,0.00012952195693845058,0.0014275871623069972,-23.427049398110043,-63.23823702512794,-0.0008780424510300684,0.001194531828113093,-105.59300659162501,78.2329254393052,-0.0010404872951754757,0.027196789274192185,1083.0181314465674,-1076.3172854213594,-0.0011386867982161567,-0.0008667395741491144,80.9545276001577,-122.60346208520042,-0.0003359460048765497,-0.0013229252041534025,-104.71705548048139,-25.485974801417964
467,50,18,1272.4024498420058,0.007198471142687945,-0.0,185.92864173228347,-0.0,0.007326564570392993,0.06093163750515433,318.2090703321754,114.28640135303566,0.00696058988901075,0.002040385551054103,268.8856523394564,64.64375068382705,0.008970748288437068,0.2468639253581337,-4138.9555958472165,138.68323379425897,0.006261610925586471,0.0020191921346391062,-21.348292044730815,123.29187259059047,0.0057872180127588255,0.002975990410379672,66.22363004082273,429.4403831317137,0.005243374085537983,0.0035885078736914823,36.139476451873556,144.16058256928366
468,50,15,255.83725095935992,0.007519798551488096,-0.0,74.75393700787404,-0.0,0.007095987295611902,0.06286502976111759,711.7763217387542,-413.21584203676105,0.005190342549195456,0.005196291867747371,-31.558094525687547,222.48321763766882,0.002701800611213322,0.006695241863974838,124.44314451346573,-188.02237045206547,-8.73340384320288e-05,0.007064375652249854,-298.30486796089656,227.73578862049803,-0.002343455323498637,0.02713715821479036,1450.4060730223669,-971.4074000645238,-0.004618919795842069,0.00430970613036644,-325.78837693252143,-30.65445115575439
469,50,18,193.56427330749426,0.009023861781474825,-0.0,191.53395669291336,-0.0,0.0077737522468592675,0.0647887828447476,-632.3387374461264,511.0985835103836,0.0037741236811953465,0.007958363103597717,29.698174645930965,251.94613654585456,-0.0010192757799012387,0.015752823834151247,-393.87909616762016,511.1895556118159,-0.005358179277659326,0.006419256463475605,-279.6366602197584,255.9545834467666,-0.007680897418403008,0.0024569258592883393,-401.3728190164502,142.50390874520488,-0.007449450681934817,-0.001942752936022511,-447.2517425847318,1.579301446363763
470,50,17,6632.960596100448,-0.00852253613374541,-0.0,30.201525590551295,-0.0,0.0027599582391218433,0.06817426024716669,-60.434064929958595,-35.66746590636023,0.006835977105430985,-0.004644242495427471,92.22943240724435,-67.9476034614761,-0.006528202625179727,-0.004447895579997268,201.45200471894717,-24.269440548524827,-0.0026264243332441354,0.00871676332322799,378.6712055012293,108.2537149194717,0.012106319792951495,0.2856246696564339,-4371.265439247089,-1191.6504685084194,-0.002012429868611494,-0.008574225234335747,-300.1108242860236,-6.620653870882051
471,50,9,1580.7757536778063,-0.004511930894335801,-0.0,155.71801181102364,-0.0,0.004299749075867929,0.061825034825133116,14.910161505838282,323.6934706952174,-0.0029932778120411486,-0.003249384559894195,91.5201923987541,-28.77378302733351,0.001392580849748411,0.004238024385509675,198.2136485672098,183.32624632293596,0.00037279265447671636,-0.0038994251629465818,-5.342783534148815,129.5067611654355,-0.0019342546305661074,0.0042356895293670736,346.42153220928657,212.54000164483386,0.005561907359844408,0.13074356967793857,-2371.6588955556563,-4252.666229567488
472,50,0,30.328985388311047,-2.3288662664988637e-19,-0.0,-1.469242125984248,-0.0,0.0001884006432323233,0.059969590011412124,-35.222578828961865,-830.9871863521442,-5.034924897548938e-07,-8.013226403907447e-05,-6.967118742899806,-0.36945375297955707,-4.2464446890015984e-07,-4.5054843453655964e-05,-40.72856636054632,-17.96601712283947,-4.0257881697660976e-07,-3.2034518016806024e-05,1.937728322770199,-16.560561891665646,-3.931236876372607e-07,-2.5024972828921514e-05,-5.689289273095911,-13.43216631398564,-3.881713787912685e-07,-2.059069222343534e-05,0.037171334743949756,-5.3310401280245046
473,50,6,473.19731544567907,-0.003006117596536881,-0.0,196.51550196850394,-0.0,-0.002663092290309878,0.06103204649260122,444.0470335053535,587.9227686515943,-0.0016799569598268897,0.11796537563859895,2402.3437424195513,-2456.8537229008775,-0.0017437583196503069,0.0019806892835294984,180.31882500268293,-79.82816392088289,-0.0009329700835743675,0.0024545821874202883,-152.81467197953427,-31.1927825415716,-8.48773435389167e-05,0.0025546933991190536,199.91197363573417,132.87297834378407,0.0006994778788458298,0.0023584067087938252,45.72365830610224,-231.73547794654155
474,50,5,243.13340262753837,0.002506628274631,-0.0,12.9308562992126,-0.0,-0.0022910658703971195,0.06028643019406085,-872.4671355106951,-205.30621279839053,0.0023999665786713794,-0.0005198944273358634,-39.30507470597135,95.96675859091728,-0.0018288023195660369,0.047730214632359234,-668.0108807087411,-1988.2109925952143,0.002097394036259524,-0.0012142698817859663,-148.0828121841072,-21.102368520407538,-0.001895780610577717,0.0010886413457831248,181.58974300201058,3.932136072188128,0.0016614170586866433,-0.0014242570136980173,-158.408724656076,-89.45778942034478
475,50,9,36.82026189397608,0.0045119308943358015,-0.0,-62.59079724409449,-0.0,0.001960414719111668,0.22079583884623968,2518.0043087600784,-1201.392751111486,-0.0037141463574054895,0.002132606147400031,-233.8239143294101,-130.53821647500007,-0.0033068259950086104,-0.0029677244698764534,595.6061503290118,-360.2019265230704,0.0016917346744120003,-0.0039618858673815885,193.36722101660365,-103.14415465388223,0.004004510155444779,0.0004157264106927728,336.6924700947327,-10.104754337921436,0.0006239786269398943,0.0037197178826126063,-79.46905045312376,-107.24773080637544
476,50,13,1474.9994692013372,0.006517233514040603,-0.0,5.7758366141732145,-0.0,-0.005782109547697859,0.06259760148534067,112.77111603328484,308.7810236933868,0.00444198633973355,-0.004470410434334705,-150.11098517743952,-348.49989304213386,-0.002226870209305141,0.0063740228303656825,-13.21911011143939,81.60611314338375,0.001860698892268582,0.1602013273376244,3672.0968599176304,2813.1858936242284,0.002471223603601703,0.004509385741234658,180.53653610181152,39.19742114238667,-0.004151074568963866,-0.004120116184344799,289.3634078727512,111.58492470808416
477,50,10,3354.412781143342,0.005013256549262002,-0.0,-105.29749015748033,-0.0,-0.004750270212625203,0.060797713218508916,-137.04597179776866,-17.402868571996173,0.0047223939990852365,-0.001134371002322126,289.8782554648033,116.35130030211415,-0.0029963247173068783,0.14789673573753323,-4525.603346969475,-280.96798030944205,0.0039040145690008056,-0.003085677810745706,-221.09576640173958,-104.25989227783874,-0.0033700074652444497,0.0026675882978685443,74.63276442532138,-212.7058305615674,0.0027604802241947717,-0.0034730858583860865,-10.19930197350228,108.63599415522398
478,50,8,141.26226353790418,-0.0040106052394096,-0.0,-18.16929133858267,-0.0,-0.0025265219881550577,0.06290283492364625,64.47665019808265,919.5511576071381,0.00029635827409407056,0.003860642107137102,91.59191325453465,-3.9593343685106563,0.003014684189990543,0.00237612477251274,-122.06739495181002,-138.5021385936957,0.0036931847871478282,-0.0005549080424153183,-114.49671388578177,165.99957444100986,0.002018358887374841,-0.002906748826413377,155.53832386999053,-128.5103303261158,-0.0004655386036849378,0.012636684274437099,710.1531992762486,627.2910433225014
479,50,2,37.32621897413889,0.0010026513098524003,-0.0,5.039370078740162,-0.0,0.00035693259903495664,0.06095380136067813,-410.3569698976259,-746.0774260795746,-0.0009293408152397669,0.00024845450602114415,5.6971347905543634,9.017045665584163,-0.00046980970129359884,-0.0008848276851175967,-37.70953175115857,7.160867754564297,0.0007266278916903868,-0.0006146804529601577,60.13905157939467,3.4187293194357964,0.000685226976526764,0.0013678263093006078,-94.76123178621174,0.5913815934661837,-0.00044923214249522405,0.0007021962570220708,39.00459563717154,-57.17754672074053
480,50,12,488.71110586443257,-0.006015907859114402,-0.0,-187.8484251968504,-0.0,-0.00082272801077706,0.06589094196050388,819.5646592376579,108.07592266229375,0.0055727975988728905,0.0019263689769724371,-80.17486665491862,155.02118490484958,0.002816632653382782,-0.0050223994421393315,-186.03086919791645,-122.06075464577422,-0.004360730468129941,-0.0034227742859095477,8.644419132977742,77.8130018518827,-0.004034261033437759,0.0038216270868492355,-384.02554716897123,228.37268754540798,0.003686820057955618,0.05710352825178919,3607.346293640446,-1557.3276615842203
481,50,14,51.48315692019777,0.00433699664466186,-0.0,68.64616141732282,-0.0,0.005231790740564598,0.2926118632756205,-2048.7306328995483,2066.556683555964,0.004241876029178124,0.0003220902343810818,-9.947884269181719,-31.618065291135405,0.004129066040306882,0.0008308322790872905,564.8103858636146,1112.2291195220744,0.003975499597249966,0.001210702342210494,41.58092381853017,21.512404678031075,0.00378590850912449,0.0015340927003769033,221.1887917206418,331.81578143647477,0.003565758449957905,0.0018129720394381805,38.99030276545064,-10.950972458802344
482,50,16,1155.1033673890117,0.008021210478819202,-0.0,70.57726377952756,-0.0,-0.006553819165145061,0.06434398281861757,-295.35299902161165,-308.6371777339973,0.0033561230952859765,-0.006971622259724841,-204.36339766157516,-332.0122195279791,0.0009712770778574506,0.008213246468860942,-398.86947017973085,-220.80153021197648,-0.00251194563306119,0.1733029457962503,3394.096859865398,3263.309280809364,0.006813965774232681,0.0013931950335475428,163.93539341027272,270.3891035411345,-0.006629743477503546,0.001248323993840227,236.41516944673774,44.68409125047037
483,50,4,210.87143541595896,-0.0020053026197048005,-0.0,0.27878937007872356,-0.0,0.0015732610688813206,0.061420278460341364,-421.2941006497784,864.7151915294855,7.392752872012213e-05,-0.002019815291796738,-40.59557320310638,-31.500118345278004,-0.0014371141015053403,0.0012950413575104473,-5.18011200402523,146.50891652071883,0.0018637297263749816,0.0002431368897914523,-73.73230909470514,-27.498495799907964,-0.0006670472112737015,0.02897202946543131,766.4906590761011,-1804.9052529295552,-0.00019640231444011016,0.0015107795761463427,-27.863080615057253,-187.20809111650408
484,50,8,385.54432190168274,-0.004010605239409601,-0.0,69.19069881889766,-0.0,0.002068344340611593,0.06365216189227035,-69.46835041436132,-939.9104505554864,0.0029471731122140367,0.1165841426434765,2717.589099359641,2282.1185142376803,-0.003837145438969039,-0.0007205328671908694,138.05628451321837,-58.26602758540539,0.0014162473352606858,0.003263332464771734,-14.0117652022367,-98.77197715563513,0.0022856051376508903,-0.0029049280316310435,-2.949126415404062,-65.69357725614802,-0.0033512279070148595,-0.0007932995051051089,-161.91006046449164,-220.31887453213537
485,50,11,1363.7820674474792,-0.005465149916989331,-0.0,250.37106299212599,-0.0,-0.005112128489996449,0.06132092503728696,202.8127711538024,-276.42574678849866,-0.004821361061159685,0.0026699009126097337,-9.748572480611417,261.3400972931555,-0.0025839475832708197,0.1615963435409938,-1932.981770478528,-4109.811775575318,-0.0031319837693459538,0.0034671661770992912,-118.60801195376212,-294.67570937717437,-0.0020578822727821073,0.004149654616340385,194.63930256220598,-269.8234926106875,-0.0009527580813659764,0.0043690233282597055,231.97632868537872,-34.18607243374019
486,50,11,937.4460451953462,-0.0055145822041882,-0.0,57.19906496062991,-0.0,0.004878720709128011,0.0628914347361985,-495.8142109995182,-155.482414843603,-0.0024892006619468237,-0.004721754127425886,-130.6551828304959,169.9326638634715,-0.0003622309700558551,0.0056766881919311455,10.206708567869267,-10.306019208110648,0.004568771563406358,0.12329772337649482,4706.33010299291,131.03079641765657,-0.004538506739977502,0.001365289245327648,-34.87565159281467,85.32511211541694,0.004648740961080669,0.000320002580361768,142.00158959139534,189.98783881909517
487,50,16,289.1998132580216,-0.008021210478819202,-0.0,-285.6862696850394,-0.0,-0.003302093637788138,0.06720467105950038,1065.8132433004787,-295.6844820754673,0.0048692703406584634,0.0062843110574259346,-161.83894468345662,251.75179655134127,0.00819444648002617,0.06868163670810927,2898.527729398716,374.90620641306975,0.0017634363002485376,-0.007533307282852881,461.5542802163439,29.019166290909467,-0.005533411335651667,-0.004732883173470569,-226.93393369758957,346.5618924187568,-0.006223638528086168,0.002718068429643368,-114.75124391481818,-376.09996087272526
488,50,3,47.52839284382954,0.0015039769647786003,-0.0,30.905019685039374,-0.0,-0.0008769903572667278,0.06102167633442082,-771.5139931590362,361.44423637983516,1.8062759980313728e-05,-0.001557509920735632,39.436115338676984,-33.07048037764772,0.0010019361467907611,0.00099582468251081,-31.152666472221114,57.21604595472422,-0.0014007717522309746,-6.72370463363058e-05,-54.665242533734315,-56.51071931015917,0.0009807423581926107,-0.0009463725169898401,96.6081332336131,-6.760393467135962,-4.869751405247334e-05,0.0012602472911516342,-58.16558663182111,72.70400239101568
489,50,17,3326.6531942515717,0.008522536133745397,-0.0,-39.44537401574798,-0.0,-0.0057349980635475915,0.06616300641199291,-80.1684443231124,117.88294889179137,-0.0002091978799073913,-0.008178357308737448,132.76945878727426,93.42033651384924,0.00600894066696201,0.006057110298857187,181.50419092129817,16.710710956471583,-0.007912431601205227,0.00163020437515262,186.3387935304059,115.61684087261162,0.009526944108671746,0.27966408413792376,-3247.701203483142,-3298.474447179369,0.0005172031333983289,0.005655822210891113,-165.30448838478486,-146.9772946664797
490,50,4,348.02584609082066,0.0020052990268440017,-0.0,-3.9721948818897572,-0.0,0.0020002849457177586,0.06086278600980021,-518.8285090558991,809.2824656606833,0.0012752831755567348,0.0015961329897499843,-42.87413968512364,-12.101819424022846,0.0011995794945747196,0.07457104718855964,2502.2063071711623,2170.4019372578728,-0.00030731922984477924,0.0015603729091667247,131.69047488785517,71.64479977426537,-0.0010112397510920296,0.0013224487534711543,120.52272239214439,67.84799739885514,-0.0014677359466180348,0.0007613717030963947,98.9323445381347,1.7776478050618256
491,50,16,705.9948579864781,0.00802121047881915,-0.0,-229.89936023622047,-0.0,0.006178784624397901,0.06532970325365131,228.8904986223818,-587.4874200112966,0.0009887068178264108,0.007990472977703892,146.76538122516178,202.3437533799344,-0.0033376219900694364,0.11187009863093851,-4281.761123889629,762.7535852411911,-0.007241248466154491,0.001462600986142994,94.9593670285966,223.26817384878643,-0.006399381717895328,-0.0034822840220309938,-339.92584372342014,-223.34454570818792,-0.0025195434332014,-0.00651755052590871,194.19913887109752,-192.8283692206213
492,50,19,537.8223608665004,0.009525187443597804,-0.0,104.41240157480314,-0.0,0.005369935001166059,0.06794031569355409,162.61847232447218,759.8400292231711,-0.003770277248023718,0.00854925077389482,290.11617719381064,160.67510493019446,-0.009029325607162833,0.0015713569593765432,388.7648710246153,162.24849281001832,-0.005988022098622563,-0.00627252855626782,635.7313292312255,1.1732375666003028,0.003193282352953788,0.06007312659647795,-3413.340515778414,1548.7906968926684,0.007680840053794279,-0.003001024955647928,331.9392353507414,-161.15146184798803
493,50,12,422.21230262953765,-0.006015907859114401,-0.0,-33.43528543307087,-0.0,-0.001697559838845704,0.06583605595662348,-846.2120228853998,-390.4804343085736,0.005595837592588771,0.14018143616248915,2813.117390744644,-2518.0834788033144,0.004735946368252259,-0.0036829794172607696,-151.97961542296812,-525.5589713221602,-0.001599731598007331,-0.005585560688754031,-91.40624084631939,-121.11453142817794,-0.005383477045555422,-0.00032458425332541484,-297.30516355180055,-245.6447673938453,-0.0017693070072152758,0.004689578015790762,-68.78682672201391,-309.97102895487944
494,50,12,1943.2022634062769,-0.006015907859114401,-0.0,39.09891732283463,-0.0,0.005918568882559663,0.06177061015196587,218.81785884151242,-141.3437883619167,-0.004908474611188165,-0.00323887869442499,168.58145483173666,-167.37735560390465,0.0036584012049379116,0.004692131681259174,315.1462950641635,13.397949070108458,-0.0021206598956568026,-0.004599693712034809,259.68316900750887,279.3991770174612,0.0026915315324020517,0.14444223050327018,-3780.453572108092,-3016.8300861930998,0.0010091332514038241,-0.005807657580397837,-251.449537811195,-124.3130089590959
495,50,9,2250.6422999519314,0.0045119308943358015,-0.0,-14.970226377952747,-0.0,-0.004297689885180349,0.06025014525558889,9.551424569353717,229.57040607313922,0.004410353808633829,-0.0004049998078022848,4.259995960338254,46.36970802685487,-0.004284356235694707,0.0008194064117858612,29.72965144056781,21.55780653116807,0.0041221926968320645,-0.0004878861056686791,118.09184165222602,221.92121484756632,-0.0038976590046889185,0.0018479489474849413,168.65573813753423,214.0830726182099,0.0066891310928671385,0.15891910829751435,-993.7729786073971,-4810.414007941828
496,50,13,377.86942777898173,0.006517233514040602,-0.0,-27.47613188976377,-0.0,-0.0014246868852878026,0.06641329754427198,867.6276484236329,-377.9529709006408,-0.004859952281155893,0.11637247249665708,-2831.4021914841674,1799.6705200714127,0.004283404682289155,-0.004897534217028598,-383.9624471687003,-116.40907563405032,0.0032501571257077806,0.004933468451899951,-252.18840565850613,228.70658914022474,-0.005549062186491329,0.0016632133339915703,383.50627386428175,235.45470690241643,-0.0003508349602069119,-0.005653675485613005,159.35132653753413,-221.14458027553772
497,50,7,1038.4282951867235,-0.0035092795844834006,-0.0,-196.80757874015748,-0.0,0.0027799307215502595,0.06234011093856708,-305.47278696339487,343.2231873132263,-0.00034612363860232894,-0.0034504453600626432,-192.19428436070658,-50.99813886208416,-0.0019984025621622224,0.002776468027948539,-55.666947743195706,99.66355325869495,0.003204712943377276,-0.000493808362299979,-205.50391336955812,-59.14857889764741,-0.0026967431164886106,-0.0011908787841836345,-253.3292468841882,151.7737737245965,0.002391251718581322,0.08257633720408124,4553.639822486328,-950.1379126707521
498,50,11,1219.3677439290072,-0.0055145822041882,-0.0,148.26353346456693,-0.0,-0.0018646018505239486,0.06508927356811973,306.1184345814851,-253.71872756891955,0.003902138694549177,0.003738685732909779,-28.71208698238919,172.10156901900626,0.004836493941546391,-0.0021019459381780275,-129.40666771160028,101.27271771044533,-0.00019154270111370797,-0.004969874448550479,-104.05032768562282,19.68385951556632,-0.004636751918521377,-0.0012552523647288794,40.73006979497405,118.11494887263785,-0.001597069967449186,0.0848251327504921,-391.260937544306,-4705.133692442068
